"database_name","schema_name","table_name","object_type","column_id","column_name","data_type","max_length","precision","scale","is_nullable"
"HnnDW","dbo","DIM_Agents","TABLE","1","Masterfid","int","4","10","0","False"
"HnnDW","dbo","DIM_Agents","TABLE","2","Name","nvarchar","200","0","0","True"
"HnnDW","dbo","DIM_Agents","TABLE","3","ShortName","nvarchar","200","0","0","True"
"HnnDW","dbo","DIM_Agents","TABLE","4","Activeflag","int","4","10","0","True"
"HnnDW","dbo","DIM_Agents","TABLE","5","Exid","nvarchar","200","0","0","True"
"HnnDW","dbo","DIM_Agents","TABLE","6","Agency_Name","nvarchar","200","0","0","True"
"HnnDW","dbo","DIM_Attributes","TABLE","1","AttrID","int","4","10","0","True"
"HnnDW","dbo","DIM_Attributes","TABLE","2","AttrName","nvarchar","510","0","0","True"
"HnnDW","dbo","DIM_Attributes","TABLE","3","AttrExid","nvarchar","100","0","0","True"
"HnnDW","dbo","DIM_Attributes","TABLE","4","AttrValueID","int","4","10","0","True"
"HnnDW","dbo","DIM_Attributes","TABLE","5","AttrValueName","nvarchar","510","0","0","True"
"HnnDW","dbo","DIM_Attributes","TABLE","6","AttrTypeID","int","4","10","0","True"
"HnnDW","dbo","DIM_Attributes","TABLE","7","AttrvalueExid","nvarchar","100","0","0","True"
"HnnDW","dbo","DIM_Matrix","TABLE","1","Matrixid","int","4","10","0","True"
"HnnDW","dbo","DIM_Matrix","TABLE","2","Matrixname","nvarchar","500","0","0","True"
"HnnDW","dbo","DIM_Matrix","TABLE","3","MatrixExid","nvarchar","100","0","0","True"
"HnnDW","dbo","DIM_Matrix","TABLE","4","Activeflag","int","4","10","0","True"
"HnnDW","dbo","DIM_Matrix","TABLE","5","MatrixDelDatetime","datetime","8","23","3","True"
"HnnDW","dbo","DIM_OOS_Reason","TABLE","1","ReasonId","int","4","10","0","True"
"HnnDW","dbo","DIM_OOS_Reason","TABLE","2","ReasonName","nvarchar","500","0","0","True"
"HnnDW","dbo","DIM_OOS_Reason","TABLE","3","ReasonExid","nvarchar","100","0","0","True"
"HnnDW","dbo","Dim_POSList","TABLE","1","SHIP_TO","nvarchar","100","0","0","True"
"HnnDW","dbo","Dim_POSList","TABLE","2","RSD","nvarchar","510","0","0","True"
"HnnDW","dbo","Dim_POSList","TABLE","3","BUSINESS_UNIT","nvarchar","510","0","0","True"
"HnnDW","dbo","Dim_POSList","TABLE","4","SALES_GROUP","nvarchar","510","0","0","True"
"HnnDW","dbo","Dim_POSList","TABLE","5","CITY","nvarchar","510","0","0","True"
"HnnDW","dbo","Dim_POSList","TABLE","6","ADDRESS","nvarchar","510","0","0","True"
"HnnDW","dbo","Dim_POSList","TABLE","7","CHANNEL","nvarchar","510","0","0","True"
"HnnDW","dbo","Dim_POSList","TABLE","8","CLIENT","nvarchar","510","0","0","True"
"HnnDW","dbo","Dim_POSList","TABLE","9","CUSTOMER_GROUP","nvarchar","510","0","0","True"
"HnnDW","dbo","Dim_POSList","TABLE","10","LATITUDE","nvarchar","510","0","0","True"
"HnnDW","dbo","Dim_POSList","TABLE","11","LONGITUDE","nvarchar","510","0","0","True"
"HnnDW","dbo","Dim_POSList","TABLE","12","ROUTE_NAME","nvarchar","510","0","0","True"
"HnnDW","dbo","Dim_POSList","TABLE","13","AGENCY_NAME","nvarchar","510","0","0","True"
"HnnDW","dbo","Dim_POSList","TABLE","14","fid","int","4","10","0","True"
"HnnDW","dbo","Dim_POSList","TABLE","15","ClientName","nvarchar","500","0","0","True"
"HnnDW","dbo","Dim_POSList","TABLE","16","ActiveFlag","int","4","10","0","True"
"HnnDW","dbo","Dim_POSList","TABLE","17","Proxi_Category_1","nvarchar","510","0","0","True"
"HnnDW","dbo","Dim_POSList","TABLE","18","GMT","int","4","10","0","True"
"HnnDW","dbo","Dim_Posms","TABLE","1","iid","int","4","10","0","True"
"HnnDW","dbo","Dim_Posms","TABLE","2","POSM_Code","nvarchar","100","0","0","True"
"HnnDW","dbo","Dim_Posms","TABLE","3","Posm_Name","nvarchar","100","0","0","True"
"HnnDW","dbo","Dim_Posms","TABLE","4","Posm_Name_RU","nvarchar","200","0","0","True"
"HnnDW","dbo","Dim_Posms","TABLE","5","Posm_Type","nvarchar","100","0","0","True"
"HnnDW","dbo","Dim_Posms","TABLE","6","Posm_Type_RU","nvarchar","510","0","0","True"
"HnnDW","dbo","Dim_Posms","TABLE","7","Posm_Type_CD","nvarchar","200","0","0","True"
"HnnDW","dbo","Dim_Posms","TABLE","8","Posm_BRAND","nvarchar","100","0","0","True"
"HnnDW","dbo","Dim_Posms","TABLE","9","Posm_BRAND_RU","nvarchar","510","0","0","True"
"HnnDW","dbo","Dim_Posms","TABLE","10","Posm_BRAND_CD","nvarchar","200","0","0","True"
"HnnDW","dbo","Dim_Posms","TABLE","11","PRODUCT_NATURE_ID","nvarchar","100","0","0","True"
"HnnDW","dbo","Dim_Posms","TABLE","12","Activeflag","int","4","10","0","True"
"HnnDW","dbo","Dim_Products","TABLE","1","PRODUCT_NATURE_CD","varchar","250","0","0","True"
"HnnDW","dbo","Dim_Products","TABLE","2","PRODUCT_NATURE","varchar","250","0","0","True"
"HnnDW","dbo","Dim_Products","TABLE","3","PRODUCT_NATURE_RU","varchar","250","0","0","True"
"HnnDW","dbo","Dim_Products","TABLE","4","SUBFAMILY_CD","varchar","250","0","0","True"
"HnnDW","dbo","Dim_Products","TABLE","5","SUBFAMILY","varchar","250","0","0","True"
"HnnDW","dbo","Dim_Products","TABLE","6","TYPE_CD","varchar","250","0","0","True"
"HnnDW","dbo","Dim_Products","TABLE","7","TYPE","varchar","250","0","0","True"
"HnnDW","dbo","Dim_Products","TABLE","8","BRAND_TYPE_CD","varchar","250","0","0","True"
"HnnDW","dbo","Dim_Products","TABLE","9","BRAND_TYPE","varchar","250","0","0","True"
"HnnDW","dbo","Dim_Products","TABLE","10","BRAND_CD","varchar","250","0","0","True"
"HnnDW","dbo","Dim_Products","TABLE","11","BRAND","varchar","250","0","0","True"
"HnnDW","dbo","Dim_Products","TABLE","12","AREA_CD","varchar","250","0","0","True"
"HnnDW","dbo","Dim_Products","TABLE","13","AREA","varchar","250","0","0","True"
"HnnDW","dbo","Dim_Products","TABLE","14","CATEGORY_CD","varchar","250","0","0","True"
"HnnDW","dbo","Dim_Products","TABLE","15","CATEGORY","varchar","250","0","0","True"
"HnnDW","dbo","Dim_Products","TABLE","16","PRODUCT_WIDTH","int","4","10","0","True"
"HnnDW","dbo","Dim_Products","TABLE","17","PRODUCT_HEIGHT","int","4","10","0","True"
"HnnDW","dbo","Dim_Products","TABLE","18","CATEGORY_NAME","varchar","250","0","0","True"
"HnnDW","dbo","Dim_Products","TABLE","19","PRODUCER","varchar","250","0","0","True"
"HnnDW","dbo","Dim_Products","TABLE","20","SKU_VOLUME","varchar","250","0","0","True"
"HnnDW","dbo","Dim_Products","TABLE","21","PACKING_SIZE","varchar","250","0","0","True"
"HnnDW","dbo","Dim_Products","TABLE","22","PLU","varchar","250","0","0","True"
"HnnDW","dbo","Dim_Products","TABLE","23","BARCODE","varchar","250","0","0","True"
"HnnDW","dbo","Dim_Products","TABLE","24","iid","int","4","10","0","True"
"HnnDW","dbo","Dim_Products","TABLE","25","AREA_RU","varchar","255","0","0","True"
"HnnDW","dbo","Dim_Products","TABLE","26","CATEGORY_RU","varchar","255","0","0","True"
"HnnDW","dbo","Dim_Products","TABLE","27","BRAND_RU","varchar","255","0","0","True"
"HnnDW","dbo","Dim_Products","TABLE","28","BRAND_TYPE_RU","varchar","255","0","0","True"
"HnnDW","dbo","Dim_Products","TABLE","29","TYPE_RU","varchar","255","0","0","True"
"HnnDW","dbo","Dim_Products","TABLE","30","SUBFAMILY_RU","varchar","255","0","0","True"
"HnnDW","dbo","Dim_Products","TABLE","31","PRODUCT_NATURE_ID","nvarchar","100","0","0","True"
"HnnDW","dbo","Dim_Products","TABLE","32","Activeflag","int","4","10","0","True"
"HnnDW","dbo","DIM_Survey","TABLE","1","SurveyID","int","4","10","0","True"
"HnnDW","dbo","DIM_Survey","TABLE","2","SurveyName","nvarchar","510","0","0","True"
"HnnDW","dbo","DIM_Survey","TABLE","3","StartDate","datetime","8","23","3","True"
"HnnDW","dbo","DIM_Survey","TABLE","4","EndDate","datetime","8","23","3","True"
"HnnDW","dbo","DIM_Survey","TABLE","5","VisitRelated","int","4","10","0","True"
"HnnDW","dbo","DIM_Survey","TABLE","6","ActiveFlag","int","4","10","0","True"
"HnnDW","dbo","DIM_Survey","TABLE","7","Survey_Agency_Name","nvarchar","500","0","0","True"
"HnnDW","dbo","Dim_Survey_Questions","TABLE","1","SurveyID","int","4","10","0","True"
"HnnDW","dbo","Dim_Survey_Questions","TABLE","2","SectionID","int","4","10","0","False"
"HnnDW","dbo","Dim_Survey_Questions","TABLE","3","QuestionID","int","4","10","0","False"
"HnnDW","dbo","Dim_Survey_Questions","TABLE","4","QuestionName","nvarchar","510","0","0","True"
"HnnDW","dbo","Dim_Survey_Questions","TABLE","5","ActiveFlag","int","4","10","0","True"
"HnnDW","dbo","Dim_Survey_Questions","TABLE","6","Survey_Agency_Name","nvarchar","500","0","0","True"
"HnnDW","dbo","DIM_Survey_Sections","TABLE","1","SurveyID","int","4","10","0","True"
"HnnDW","dbo","DIM_Survey_Sections","TABLE","2","SectionID","int","4","10","0","False"
"HnnDW","dbo","DIM_Survey_Sections","TABLE","3","SectionName","nvarchar","510","0","0","True"
"HnnDW","dbo","DIM_Survey_Sections","TABLE","4","ActiveFlag","int","4","10","0","True"
"HnnDW","dbo","DIM_Survey_Sections","TABLE","5","Survey_Agency_Name","nvarchar","500","0","0","True"
"HnnDW","dbo","DS_ExecutedScripts","TABLE","1","ScriptGUID","uniqueidentifier","16","0","0","True"
"HnnDW","dbo","DS_ExecutedScripts","TABLE","2","ScriptExecDate","datetime","8","23","3","True"
"HnnDW","dbo","DW_Options","TABLE","1","OptionID","int","4","10","0","False"
"HnnDW","dbo","DW_Options","TABLE","2","Val","nvarchar","510","0","0","True"
"HnnDW","dbo","DW_Options","TABLE","3","Comment","nvarchar","2000","0","0","True"
"HnnDW","dbo","DW_Options","TABLE","4","Ident","nvarchar","510","0","0","True"
"HnnDW","dbo","DW_Options","TABLE","5","Valint","int","4","10","0","True"
"HnnDW","dbo","DW_Options","TABLE","6","ChangeDate","datetime","8","23","3","True"
"HnnDW","dbo","FACT_Faces_Attributes_History","TABLE","1","Fid","int","4","10","0","False"
"HnnDW","dbo","FACT_Faces_Attributes_History","TABLE","2","AttrID","int","4","10","0","False"
"HnnDW","dbo","FACT_Faces_Attributes_History","TABLE","3","AttrValueID","int","4","10","0","True"
"HnnDW","dbo","FACT_Faces_Attributes_History","TABLE","4","AttrText","nvarchar","-1","0","0","True"
"HnnDW","dbo","FACT_Faces_Attributes_History","TABLE","5","StartDate","datetime","8","23","3","False"
"HnnDW","dbo","FACT_Faces_Attributes_History","TABLE","6","EndDate","datetime","8","23","3","True"
"HnnDW","dbo","FACT_Faces_Attributes_History","TABLE","7","AgencyName","nvarchar","510","0","0","True"
"HnnDW","dbo","FACT_Faces_Attributes_History","TABLE","8","RecordID","int","4","10","0","False"
"HnnDW","dbo","FACT_Faces_Attributes_History","TABLE","9","Unit","nvarchar","100","0","0","True"
"HnnDW","dbo","FACT_Faces_MustTop","TABLE","1","Fid","int","4","10","0","True"
"HnnDW","dbo","FACT_Faces_MustTop","TABLE","2","MustTopID","int","4","10","0","True"
"HnnDW","dbo","FACT_Faces_MustTop","TABLE","3","StartDate","datetime","8","23","3","True"
"HnnDW","dbo","FACT_Faces_MustTop","TABLE","4","EndDate","datetime","8","23","3","True"
"HnnDW","dbo","FACT_Faces_MustTop","TABLE","5","AgencyName","nvarchar","510","0","0","True"
"HnnDW","dbo","FACT_FacesItemsAttributes","TABLE","1","Fid","int","4","10","0","False"
"HnnDW","dbo","FACT_FacesItemsAttributes","TABLE","2","Iid","int","4","10","0","False"
"HnnDW","dbo","FACT_FacesItemsAttributes","TABLE","3","AttrID","int","4","10","0","False"
"HnnDW","dbo","FACT_FacesItemsAttributes","TABLE","4","RecordID","int","4","10","0","False"
"HnnDW","dbo","FACT_FacesItemsAttributes","TABLE","5","StartDate","datetime","8","23","3","False"
"HnnDW","dbo","FACT_FacesItemsAttributes","TABLE","6","EndDate","datetime","8","23","3","True"
"HnnDW","dbo","FACT_FacesItemsAttributes","TABLE","7","AttrValueID","int","4","10","0","True"
"HnnDW","dbo","FACT_FacesItemsAttributes","TABLE","8","AttrText","nvarchar","8000","0","0","True"
"HnnDW","dbo","FACT_FacesItemsAttributes","TABLE","9","AGENCY_NAME","nvarchar","200","0","0","True"
"HnnDW","dbo","FACT_FacesItemsAttributes","TABLE","10","Comment","nvarchar","8000","0","0","True"
"HnnDW","dbo","Fact_Facing","VIEW","1","VISIT_ID","nvarchar","500","0","0","True"
"HnnDW","dbo","Fact_Facing","VIEW","2","VISIT_DATE","datetime","8","23","3","True"
"HnnDW","dbo","Fact_Facing","VIEW","3","VISIT_STATUS","nvarchar","500","0","0","True"
"HnnDW","dbo","Fact_Facing","VIEW","4","VISIT_IS_PLANED","int","4","10","0","True"
"HnnDW","dbo","Fact_Facing","VIEW","5","PHOTO_AUDIT_ID","nvarchar","500","0","0","True"
"HnnDW","dbo","Fact_Facing","VIEW","6","PHOTO_AUDIT_COUNTER","int","4","10","0","True"
"HnnDW","dbo","Fact_Facing","VIEW","7","SHIP_TO","nvarchar","100","0","0","True"
"HnnDW","dbo","Fact_Facing","VIEW","8","ROUTE_TYPE","nvarchar","500","0","0","True"
"HnnDW","dbo","Fact_Facing","VIEW","9","PRODUCT_NATURE_CD","varchar","250","0","0","True"
"HnnDW","dbo","Fact_Facing","VIEW","10","PRODUCT_NATURE","varchar","250","0","0","True"
"HnnDW","dbo","Fact_Facing","VIEW","11","SCENE_TYPE_ID","nvarchar","500","0","0","True"
"HnnDW","dbo","Fact_Facing","VIEW","12","SCENE_TYPE","nvarchar","500","0","0","True"
"HnnDW","dbo","Fact_Facing","VIEW","13","SHELF_NUMBER","nvarchar","500","0","0","True"
"HnnDW","dbo","Fact_Facing","VIEW","14","EYE_LEVEL","int","4","10","0","True"
"HnnDW","dbo","Fact_Facing","VIEW","15","VISIT_LINK","nvarchar","500","0","0","True"
"HnnDW","dbo","Fact_Facing","VIEW","16","FACING_FACT","float","8","53","0","True"
"HnnDW","dbo","Fact_Facing","VIEW","17","FACING_WIDTH","float","8","53","0","True"
"HnnDW","dbo","Fact_Facing","VIEW","18","GROUP_WIDTH","float","8","53","0","True"
"HnnDW","dbo","Fact_Facing","VIEW","19","GROUP_FACT","float","8","53","0","True"
"HnnDW","dbo","Fact_Facing","VIEW","20","PRICE","money","8","19","4","True"
"HnnDW","dbo","Fact_Facing","VIEW","21","PRICE_TYPE","nvarchar","510","0","0","True"
"HnnDW","dbo","Fact_Facing","VIEW","22","AGENCY_NAME","nvarchar","500","0","0","True"
"HnnDW","dbo","Fact_Facing","VIEW","23","PICOS","bit","1","1","0","True"
"HnnDW","dbo","Fact_Facing","VIEW","24","PRODUCER","varchar","250","0","0","True"
"HnnDW","dbo","Fact_Facing_202211","TABLE","1","VISIT_ID","nvarchar","500","0","0","True"
"HnnDW","dbo","Fact_Facing_202211","TABLE","2","VISIT_DATE","datetime","8","23","3","True"
"HnnDW","dbo","Fact_Facing_202211","TABLE","3","VISIT_STATUS","nvarchar","500","0","0","True"
"HnnDW","dbo","Fact_Facing_202211","TABLE","4","VISIT_IS_PLANED","int","4","10","0","True"
"HnnDW","dbo","Fact_Facing_202211","TABLE","5","PHOTO_AUDIT_ID","nvarchar","500","0","0","True"
"HnnDW","dbo","Fact_Facing_202211","TABLE","6","PHOTO_AUDIT_COUNTER","int","4","10","0","True"
"HnnDW","dbo","Fact_Facing_202211","TABLE","7","ROUTE_TYPE","nvarchar","500","0","0","True"
"HnnDW","dbo","Fact_Facing_202211","TABLE","8","SCENE_TYPE_ID","nvarchar","500","0","0","True"
"HnnDW","dbo","Fact_Facing_202211","TABLE","9","SCENE_TYPE","nvarchar","500","0","0","True"
"HnnDW","dbo","Fact_Facing_202211","TABLE","10","SHELF_NUMBER","nvarchar","500","0","0","True"
"HnnDW","dbo","Fact_Facing_202211","TABLE","11","EYE_LEVEL","int","4","10","0","True"
"HnnDW","dbo","Fact_Facing_202211","TABLE","12","VISIT_LINK","nvarchar","500","0","0","True"
"HnnDW","dbo","Fact_Facing_202211","TABLE","13","FACING_FACT","float","8","53","0","True"
"HnnDW","dbo","Fact_Facing_202211","TABLE","14","FACING_WIDTH","float","8","53","0","True"
"HnnDW","dbo","Fact_Facing_202211","TABLE","15","GROUP_WIDTH","float","8","53","0","True"
"HnnDW","dbo","Fact_Facing_202211","TABLE","16","GROUP_FACT","float","8","53","0","True"
"HnnDW","dbo","Fact_Facing_202211","TABLE","17","PRICE","money","8","19","4","True"
"HnnDW","dbo","Fact_Facing_202211","TABLE","18","PRICE_TYPE","nvarchar","510","0","0","True"
"HnnDW","dbo","Fact_Facing_202211","TABLE","19","AGENCY_NAME","nvarchar","500","0","0","True"
"HnnDW","dbo","Fact_Facing_202211","TABLE","20","fid","int","4","10","0","True"
"HnnDW","dbo","Fact_Facing_202211","TABLE","21","iid","int","4","10","0","True"
"HnnDW","dbo","Fact_Facing_202211","TABLE","22","PICOS","bit","1","1","0","True"
"HnnDW","dbo","Fact_Facing_202212","TABLE","1","VISIT_ID","nvarchar","500","0","0","True"
"HnnDW","dbo","Fact_Facing_202212","TABLE","2","VISIT_DATE","datetime","8","23","3","True"
"HnnDW","dbo","Fact_Facing_202212","TABLE","3","VISIT_STATUS","nvarchar","500","0","0","True"
"HnnDW","dbo","Fact_Facing_202212","TABLE","4","VISIT_IS_PLANED","int","4","10","0","True"
"HnnDW","dbo","Fact_Facing_202212","TABLE","5","PHOTO_AUDIT_ID","nvarchar","500","0","0","True"
"HnnDW","dbo","Fact_Facing_202212","TABLE","6","PHOTO_AUDIT_COUNTER","int","4","10","0","True"
"HnnDW","dbo","Fact_Facing_202212","TABLE","7","ROUTE_TYPE","nvarchar","500","0","0","True"
"HnnDW","dbo","Fact_Facing_202212","TABLE","8","SCENE_TYPE_ID","nvarchar","500","0","0","True"
"HnnDW","dbo","Fact_Facing_202212","TABLE","9","SCENE_TYPE","nvarchar","500","0","0","True"
"HnnDW","dbo","Fact_Facing_202212","TABLE","10","SHELF_NUMBER","nvarchar","500","0","0","True"
"HnnDW","dbo","Fact_Facing_202212","TABLE","11","EYE_LEVEL","int","4","10","0","True"
"HnnDW","dbo","Fact_Facing_202212","TABLE","12","VISIT_LINK","nvarchar","500","0","0","True"
"HnnDW","dbo","Fact_Facing_202212","TABLE","13","FACING_FACT","float","8","53","0","True"
"HnnDW","dbo","Fact_Facing_202212","TABLE","14","FACING_WIDTH","float","8","53","0","True"
"HnnDW","dbo","Fact_Facing_202212","TABLE","15","GROUP_WIDTH","float","8","53","0","True"
"HnnDW","dbo","Fact_Facing_202212","TABLE","16","GROUP_FACT","float","8","53","0","True"
"HnnDW","dbo","Fact_Facing_202212","TABLE","17","PRICE","money","8","19","4","True"
"HnnDW","dbo","Fact_Facing_202212","TABLE","18","PRICE_TYPE","nvarchar","510","0","0","True"
"HnnDW","dbo","Fact_Facing_202212","TABLE","19","AGENCY_NAME","nvarchar","500","0","0","True"
"HnnDW","dbo","Fact_Facing_202212","TABLE","20","fid","int","4","10","0","True"
"HnnDW","dbo","Fact_Facing_202212","TABLE","21","iid","int","4","10","0","True"
"HnnDW","dbo","Fact_Facing_202212","TABLE","22","PICOS","bit","1","1","0","True"
"HnnDW","dbo","Fact_Facing_202301","TABLE","1","VISIT_ID","nvarchar","500","0","0","True"
"HnnDW","dbo","Fact_Facing_202301","TABLE","2","VISIT_DATE","datetime","8","23","3","True"
"HnnDW","dbo","Fact_Facing_202301","TABLE","3","VISIT_STATUS","nvarchar","500","0","0","True"
"HnnDW","dbo","Fact_Facing_202301","TABLE","4","VISIT_IS_PLANED","int","4","10","0","True"
"HnnDW","dbo","Fact_Facing_202301","TABLE","5","PHOTO_AUDIT_ID","nvarchar","500","0","0","True"
"HnnDW","dbo","Fact_Facing_202301","TABLE","6","PHOTO_AUDIT_COUNTER","int","4","10","0","True"
"HnnDW","dbo","Fact_Facing_202301","TABLE","7","ROUTE_TYPE","nvarchar","500","0","0","True"
"HnnDW","dbo","Fact_Facing_202301","TABLE","8","SCENE_TYPE_ID","nvarchar","500","0","0","True"
"HnnDW","dbo","Fact_Facing_202301","TABLE","9","SCENE_TYPE","nvarchar","500","0","0","True"
"HnnDW","dbo","Fact_Facing_202301","TABLE","10","SHELF_NUMBER","nvarchar","500","0","0","True"
"HnnDW","dbo","Fact_Facing_202301","TABLE","11","EYE_LEVEL","int","4","10","0","True"
"HnnDW","dbo","Fact_Facing_202301","TABLE","12","VISIT_LINK","nvarchar","500","0","0","True"
"HnnDW","dbo","Fact_Facing_202301","TABLE","13","FACING_FACT","float","8","53","0","True"
"HnnDW","dbo","Fact_Facing_202301","TABLE","14","FACING_WIDTH","float","8","53","0","True"
"HnnDW","dbo","Fact_Facing_202301","TABLE","15","GROUP_WIDTH","float","8","53","0","True"
"HnnDW","dbo","Fact_Facing_202301","TABLE","16","GROUP_FACT","float","8","53","0","True"
"HnnDW","dbo","Fact_Facing_202301","TABLE","17","PRICE","money","8","19","4","True"
"HnnDW","dbo","Fact_Facing_202301","TABLE","18","PRICE_TYPE","nvarchar","510","0","0","True"
"HnnDW","dbo","Fact_Facing_202301","TABLE","19","AGENCY_NAME","nvarchar","500","0","0","True"
"HnnDW","dbo","Fact_Facing_202301","TABLE","20","fid","int","4","10","0","True"
"HnnDW","dbo","Fact_Facing_202301","TABLE","21","iid","int","4","10","0","True"
"HnnDW","dbo","Fact_Facing_202301","TABLE","22","PICOS","bit","1","1","0","True"
"HnnDW","dbo","Fact_Facing_202302","TABLE","1","VISIT_ID","nvarchar","500","0","0","True"
"HnnDW","dbo","Fact_Facing_202302","TABLE","2","VISIT_DATE","datetime","8","23","3","True"
"HnnDW","dbo","Fact_Facing_202302","TABLE","3","VISIT_STATUS","nvarchar","500","0","0","True"
"HnnDW","dbo","Fact_Facing_202302","TABLE","4","VISIT_IS_PLANED","int","4","10","0","True"
"HnnDW","dbo","Fact_Facing_202302","TABLE","5","PHOTO_AUDIT_ID","nvarchar","500","0","0","True"
"HnnDW","dbo","Fact_Facing_202302","TABLE","6","PHOTO_AUDIT_COUNTER","int","4","10","0","True"
"HnnDW","dbo","Fact_Facing_202302","TABLE","7","ROUTE_TYPE","nvarchar","500","0","0","True"
"HnnDW","dbo","Fact_Facing_202302","TABLE","8","SCENE_TYPE_ID","nvarchar","500","0","0","True"
"HnnDW","dbo","Fact_Facing_202302","TABLE","9","SCENE_TYPE","nvarchar","500","0","0","True"
"HnnDW","dbo","Fact_Facing_202302","TABLE","10","SHELF_NUMBER","nvarchar","500","0","0","True"
"HnnDW","dbo","Fact_Facing_202302","TABLE","11","EYE_LEVEL","int","4","10","0","True"
"HnnDW","dbo","Fact_Facing_202302","TABLE","12","VISIT_LINK","nvarchar","500","0","0","True"
"HnnDW","dbo","Fact_Facing_202302","TABLE","13","FACING_FACT","float","8","53","0","True"
"HnnDW","dbo","Fact_Facing_202302","TABLE","14","FACING_WIDTH","float","8","53","0","True"
"HnnDW","dbo","Fact_Facing_202302","TABLE","15","GROUP_WIDTH","float","8","53","0","True"
"HnnDW","dbo","Fact_Facing_202302","TABLE","16","GROUP_FACT","float","8","53","0","True"
"HnnDW","dbo","Fact_Facing_202302","TABLE","17","PRICE","money","8","19","4","True"
"HnnDW","dbo","Fact_Facing_202302","TABLE","18","PRICE_TYPE","nvarchar","510","0","0","True"
"HnnDW","dbo","Fact_Facing_202302","TABLE","19","AGENCY_NAME","nvarchar","500","0","0","True"
"HnnDW","dbo","Fact_Facing_202302","TABLE","20","fid","int","4","10","0","True"
"HnnDW","dbo","Fact_Facing_202302","TABLE","21","iid","int","4","10","0","True"
"HnnDW","dbo","Fact_Facing_202302","TABLE","22","PICOS","bit","1","1","0","True"
"HnnDW","dbo","Fact_Facing_202303","TABLE","1","VISIT_ID","nvarchar","500","0","0","True"
"HnnDW","dbo","Fact_Facing_202303","TABLE","2","VISIT_DATE","datetime","8","23","3","True"
"HnnDW","dbo","Fact_Facing_202303","TABLE","3","VISIT_STATUS","nvarchar","500","0","0","True"
"HnnDW","dbo","Fact_Facing_202303","TABLE","4","VISIT_IS_PLANED","int","4","10","0","True"
"HnnDW","dbo","Fact_Facing_202303","TABLE","5","PHOTO_AUDIT_ID","nvarchar","500","0","0","True"
"HnnDW","dbo","Fact_Facing_202303","TABLE","6","PHOTO_AUDIT_COUNTER","int","4","10","0","True"
"HnnDW","dbo","Fact_Facing_202303","TABLE","7","ROUTE_TYPE","nvarchar","500","0","0","True"
"HnnDW","dbo","Fact_Facing_202303","TABLE","8","SCENE_TYPE_ID","nvarchar","500","0","0","True"
"HnnDW","dbo","Fact_Facing_202303","TABLE","9","SCENE_TYPE","nvarchar","500","0","0","True"
"HnnDW","dbo","Fact_Facing_202303","TABLE","10","SHELF_NUMBER","nvarchar","500","0","0","True"
"HnnDW","dbo","Fact_Facing_202303","TABLE","11","EYE_LEVEL","int","4","10","0","True"
"HnnDW","dbo","Fact_Facing_202303","TABLE","12","VISIT_LINK","nvarchar","500","0","0","True"
"HnnDW","dbo","Fact_Facing_202303","TABLE","13","FACING_FACT","float","8","53","0","True"
"HnnDW","dbo","Fact_Facing_202303","TABLE","14","FACING_WIDTH","float","8","53","0","True"
"HnnDW","dbo","Fact_Facing_202303","TABLE","15","GROUP_WIDTH","float","8","53","0","True"
"HnnDW","dbo","Fact_Facing_202303","TABLE","16","GROUP_FACT","float","8","53","0","True"
"HnnDW","dbo","Fact_Facing_202303","TABLE","17","PRICE","money","8","19","4","True"
"HnnDW","dbo","Fact_Facing_202303","TABLE","18","PRICE_TYPE","nvarchar","510","0","0","True"
"HnnDW","dbo","Fact_Facing_202303","TABLE","19","AGENCY_NAME","nvarchar","500","0","0","True"
"HnnDW","dbo","Fact_Facing_202303","TABLE","20","fid","int","4","10","0","True"
"HnnDW","dbo","Fact_Facing_202303","TABLE","21","iid","int","4","10","0","True"
"HnnDW","dbo","Fact_Facing_202303","TABLE","22","PICOS","bit","1","1","0","True"
"HnnDW","dbo","Fact_Facing_202304","TABLE","1","VISIT_ID","nvarchar","500","0","0","True"
"HnnDW","dbo","Fact_Facing_202304","TABLE","2","VISIT_DATE","datetime","8","23","3","True"
"HnnDW","dbo","Fact_Facing_202304","TABLE","3","VISIT_STATUS","nvarchar","500","0","0","True"
"HnnDW","dbo","Fact_Facing_202304","TABLE","4","VISIT_IS_PLANED","int","4","10","0","True"
"HnnDW","dbo","Fact_Facing_202304","TABLE","5","PHOTO_AUDIT_ID","nvarchar","500","0","0","True"
"HnnDW","dbo","Fact_Facing_202304","TABLE","6","PHOTO_AUDIT_COUNTER","int","4","10","0","True"
"HnnDW","dbo","Fact_Facing_202304","TABLE","7","ROUTE_TYPE","nvarchar","500","0","0","True"
"HnnDW","dbo","Fact_Facing_202304","TABLE","8","SCENE_TYPE_ID","nvarchar","500","0","0","True"
"HnnDW","dbo","Fact_Facing_202304","TABLE","9","SCENE_TYPE","nvarchar","500","0","0","True"
"HnnDW","dbo","Fact_Facing_202304","TABLE","10","SHELF_NUMBER","nvarchar","500","0","0","True"
"HnnDW","dbo","Fact_Facing_202304","TABLE","11","EYE_LEVEL","int","4","10","0","True"
"HnnDW","dbo","Fact_Facing_202304","TABLE","12","VISIT_LINK","nvarchar","500","0","0","True"
"HnnDW","dbo","Fact_Facing_202304","TABLE","13","FACING_FACT","float","8","53","0","True"
"HnnDW","dbo","Fact_Facing_202304","TABLE","14","FACING_WIDTH","float","8","53","0","True"
"HnnDW","dbo","Fact_Facing_202304","TABLE","15","GROUP_WIDTH","float","8","53","0","True"
"HnnDW","dbo","Fact_Facing_202304","TABLE","16","GROUP_FACT","float","8","53","0","True"
"HnnDW","dbo","Fact_Facing_202304","TABLE","17","PRICE","money","8","19","4","True"
"HnnDW","dbo","Fact_Facing_202304","TABLE","18","PRICE_TYPE","nvarchar","510","0","0","True"
"HnnDW","dbo","Fact_Facing_202304","TABLE","19","AGENCY_NAME","nvarchar","500","0","0","True"
"HnnDW","dbo","Fact_Facing_202304","TABLE","20","fid","int","4","10","0","True"
"HnnDW","dbo","Fact_Facing_202304","TABLE","21","iid","int","4","10","0","True"
"HnnDW","dbo","Fact_Facing_202304","TABLE","22","PICOS","bit","1","1","0","True"
"HnnDW","dbo","Fact_Facing_202305","TABLE","1","VISIT_ID","nvarchar","500","0","0","True"
"HnnDW","dbo","Fact_Facing_202305","TABLE","2","VISIT_DATE","datetime","8","23","3","True"
"HnnDW","dbo","Fact_Facing_202305","TABLE","3","VISIT_STATUS","nvarchar","500","0","0","True"
"HnnDW","dbo","Fact_Facing_202305","TABLE","4","VISIT_IS_PLANED","int","4","10","0","True"
"HnnDW","dbo","Fact_Facing_202305","TABLE","5","PHOTO_AUDIT_ID","nvarchar","500","0","0","True"
"HnnDW","dbo","Fact_Facing_202305","TABLE","6","PHOTO_AUDIT_COUNTER","int","4","10","0","True"
"HnnDW","dbo","Fact_Facing_202305","TABLE","7","ROUTE_TYPE","nvarchar","500","0","0","True"
"HnnDW","dbo","Fact_Facing_202305","TABLE","8","SCENE_TYPE_ID","nvarchar","500","0","0","True"
"HnnDW","dbo","Fact_Facing_202305","TABLE","9","SCENE_TYPE","nvarchar","500","0","0","True"
"HnnDW","dbo","Fact_Facing_202305","TABLE","10","SHELF_NUMBER","nvarchar","500","0","0","True"
"HnnDW","dbo","Fact_Facing_202305","TABLE","11","EYE_LEVEL","int","4","10","0","True"
"HnnDW","dbo","Fact_Facing_202305","TABLE","12","VISIT_LINK","nvarchar","500","0","0","True"
"HnnDW","dbo","Fact_Facing_202305","TABLE","13","FACING_FACT","float","8","53","0","True"
"HnnDW","dbo","Fact_Facing_202305","TABLE","14","FACING_WIDTH","float","8","53","0","True"
"HnnDW","dbo","Fact_Facing_202305","TABLE","15","GROUP_WIDTH","float","8","53","0","True"
"HnnDW","dbo","Fact_Facing_202305","TABLE","16","GROUP_FACT","float","8","53","0","True"
"HnnDW","dbo","Fact_Facing_202305","TABLE","17","PRICE","money","8","19","4","True"
"HnnDW","dbo","Fact_Facing_202305","TABLE","18","PRICE_TYPE","nvarchar","510","0","0","True"
"HnnDW","dbo","Fact_Facing_202305","TABLE","19","AGENCY_NAME","nvarchar","500","0","0","True"
"HnnDW","dbo","Fact_Facing_202305","TABLE","20","fid","int","4","10","0","True"
"HnnDW","dbo","Fact_Facing_202305","TABLE","21","iid","int","4","10","0","True"
"HnnDW","dbo","Fact_Facing_202305","TABLE","22","PICOS","bit","1","1","0","True"
"HnnDW","dbo","Fact_Facing_202306","TABLE","1","VISIT_ID","nvarchar","500","0","0","True"
"HnnDW","dbo","Fact_Facing_202306","TABLE","2","VISIT_DATE","datetime","8","23","3","True"
"HnnDW","dbo","Fact_Facing_202306","TABLE","3","VISIT_STATUS","nvarchar","500","0","0","True"
"HnnDW","dbo","Fact_Facing_202306","TABLE","4","VISIT_IS_PLANED","int","4","10","0","True"
"HnnDW","dbo","Fact_Facing_202306","TABLE","5","PHOTO_AUDIT_ID","nvarchar","500","0","0","True"
"HnnDW","dbo","Fact_Facing_202306","TABLE","6","PHOTO_AUDIT_COUNTER","int","4","10","0","True"
"HnnDW","dbo","Fact_Facing_202306","TABLE","7","ROUTE_TYPE","nvarchar","500","0","0","True"
"HnnDW","dbo","Fact_Facing_202306","TABLE","8","SCENE_TYPE_ID","nvarchar","500","0","0","True"
"HnnDW","dbo","Fact_Facing_202306","TABLE","9","SCENE_TYPE","nvarchar","500","0","0","True"
"HnnDW","dbo","Fact_Facing_202306","TABLE","10","SHELF_NUMBER","nvarchar","500","0","0","True"
"HnnDW","dbo","Fact_Facing_202306","TABLE","11","EYE_LEVEL","int","4","10","0","True"
"HnnDW","dbo","Fact_Facing_202306","TABLE","12","VISIT_LINK","nvarchar","500","0","0","True"
"HnnDW","dbo","Fact_Facing_202306","TABLE","13","FACING_FACT","float","8","53","0","True"
"HnnDW","dbo","Fact_Facing_202306","TABLE","14","FACING_WIDTH","float","8","53","0","True"
"HnnDW","dbo","Fact_Facing_202306","TABLE","15","GROUP_WIDTH","float","8","53","0","True"
"HnnDW","dbo","Fact_Facing_202306","TABLE","16","GROUP_FACT","float","8","53","0","True"
"HnnDW","dbo","Fact_Facing_202306","TABLE","17","PRICE","money","8","19","4","True"
"HnnDW","dbo","Fact_Facing_202306","TABLE","18","PRICE_TYPE","nvarchar","510","0","0","True"
"HnnDW","dbo","Fact_Facing_202306","TABLE","19","AGENCY_NAME","nvarchar","500","0","0","True"
"HnnDW","dbo","Fact_Facing_202306","TABLE","20","fid","int","4","10","0","True"
"HnnDW","dbo","Fact_Facing_202306","TABLE","21","iid","int","4","10","0","True"
"HnnDW","dbo","Fact_Facing_202306","TABLE","22","PICOS","bit","1","1","0","True"
"HnnDW","dbo","Fact_Facing_202307","TABLE","1","VISIT_ID","nvarchar","500","0","0","True"
"HnnDW","dbo","Fact_Facing_202307","TABLE","2","VISIT_DATE","datetime","8","23","3","True"
"HnnDW","dbo","Fact_Facing_202307","TABLE","3","VISIT_STATUS","nvarchar","500","0","0","True"
"HnnDW","dbo","Fact_Facing_202307","TABLE","4","VISIT_IS_PLANED","int","4","10","0","True"
"HnnDW","dbo","Fact_Facing_202307","TABLE","5","PHOTO_AUDIT_ID","nvarchar","500","0","0","True"
"HnnDW","dbo","Fact_Facing_202307","TABLE","6","PHOTO_AUDIT_COUNTER","int","4","10","0","True"
"HnnDW","dbo","Fact_Facing_202307","TABLE","7","ROUTE_TYPE","nvarchar","500","0","0","True"
"HnnDW","dbo","Fact_Facing_202307","TABLE","8","SCENE_TYPE_ID","nvarchar","500","0","0","True"
"HnnDW","dbo","Fact_Facing_202307","TABLE","9","SCENE_TYPE","nvarchar","500","0","0","True"
"HnnDW","dbo","Fact_Facing_202307","TABLE","10","SHELF_NUMBER","nvarchar","500","0","0","True"
"HnnDW","dbo","Fact_Facing_202307","TABLE","11","EYE_LEVEL","int","4","10","0","True"
"HnnDW","dbo","Fact_Facing_202307","TABLE","12","VISIT_LINK","nvarchar","500","0","0","True"
"HnnDW","dbo","Fact_Facing_202307","TABLE","13","FACING_FACT","float","8","53","0","True"
"HnnDW","dbo","Fact_Facing_202307","TABLE","14","FACING_WIDTH","float","8","53","0","True"
"HnnDW","dbo","Fact_Facing_202307","TABLE","15","GROUP_WIDTH","float","8","53","0","True"
"HnnDW","dbo","Fact_Facing_202307","TABLE","16","GROUP_FACT","float","8","53","0","True"
"HnnDW","dbo","Fact_Facing_202307","TABLE","17","PRICE","money","8","19","4","True"
"HnnDW","dbo","Fact_Facing_202307","TABLE","18","PRICE_TYPE","nvarchar","510","0","0","True"
"HnnDW","dbo","Fact_Facing_202307","TABLE","19","AGENCY_NAME","nvarchar","500","0","0","True"
"HnnDW","dbo","Fact_Facing_202307","TABLE","20","fid","int","4","10","0","True"
"HnnDW","dbo","Fact_Facing_202307","TABLE","21","iid","int","4","10","0","True"
"HnnDW","dbo","Fact_Facing_202307","TABLE","22","PICOS","bit","1","1","0","True"
"HnnDW","dbo","Fact_Facing_202308","TABLE","1","VISIT_ID","nvarchar","500","0","0","True"
"HnnDW","dbo","Fact_Facing_202308","TABLE","2","VISIT_DATE","datetime","8","23","3","True"
"HnnDW","dbo","Fact_Facing_202308","TABLE","3","VISIT_STATUS","nvarchar","500","0","0","True"
"HnnDW","dbo","Fact_Facing_202308","TABLE","4","VISIT_IS_PLANED","int","4","10","0","True"
"HnnDW","dbo","Fact_Facing_202308","TABLE","5","PHOTO_AUDIT_ID","nvarchar","500","0","0","True"
"HnnDW","dbo","Fact_Facing_202308","TABLE","6","PHOTO_AUDIT_COUNTER","int","4","10","0","True"
"HnnDW","dbo","Fact_Facing_202308","TABLE","7","ROUTE_TYPE","nvarchar","500","0","0","True"
"HnnDW","dbo","Fact_Facing_202308","TABLE","8","SCENE_TYPE_ID","nvarchar","500","0","0","True"
"HnnDW","dbo","Fact_Facing_202308","TABLE","9","SCENE_TYPE","nvarchar","500","0","0","True"
"HnnDW","dbo","Fact_Facing_202308","TABLE","10","SHELF_NUMBER","nvarchar","500","0","0","True"
"HnnDW","dbo","Fact_Facing_202308","TABLE","11","EYE_LEVEL","int","4","10","0","True"
"HnnDW","dbo","Fact_Facing_202308","TABLE","12","VISIT_LINK","nvarchar","500","0","0","True"
"HnnDW","dbo","Fact_Facing_202308","TABLE","13","FACING_FACT","float","8","53","0","True"
"HnnDW","dbo","Fact_Facing_202308","TABLE","14","FACING_WIDTH","float","8","53","0","True"
"HnnDW","dbo","Fact_Facing_202308","TABLE","15","GROUP_WIDTH","float","8","53","0","True"
"HnnDW","dbo","Fact_Facing_202308","TABLE","16","GROUP_FACT","float","8","53","0","True"
"HnnDW","dbo","Fact_Facing_202308","TABLE","17","PRICE","money","8","19","4","True"
"HnnDW","dbo","Fact_Facing_202308","TABLE","18","PRICE_TYPE","nvarchar","510","0","0","True"
"HnnDW","dbo","Fact_Facing_202308","TABLE","19","AGENCY_NAME","nvarchar","500","0","0","True"
"HnnDW","dbo","Fact_Facing_202308","TABLE","20","fid","int","4","10","0","True"
"HnnDW","dbo","Fact_Facing_202308","TABLE","21","iid","int","4","10","0","True"
"HnnDW","dbo","Fact_Facing_202308","TABLE","22","PICOS","bit","1","1","0","True"
"HnnDW","dbo","Fact_Facing_202309","TABLE","1","VISIT_ID","nvarchar","500","0","0","True"
"HnnDW","dbo","Fact_Facing_202309","TABLE","2","VISIT_DATE","datetime","8","23","3","True"
"HnnDW","dbo","Fact_Facing_202309","TABLE","3","VISIT_STATUS","nvarchar","500","0","0","True"
"HnnDW","dbo","Fact_Facing_202309","TABLE","4","VISIT_IS_PLANED","int","4","10","0","True"
"HnnDW","dbo","Fact_Facing_202309","TABLE","5","PHOTO_AUDIT_ID","nvarchar","500","0","0","True"
"HnnDW","dbo","Fact_Facing_202309","TABLE","6","PHOTO_AUDIT_COUNTER","int","4","10","0","True"
"HnnDW","dbo","Fact_Facing_202309","TABLE","7","ROUTE_TYPE","nvarchar","500","0","0","True"
"HnnDW","dbo","Fact_Facing_202309","TABLE","8","SCENE_TYPE_ID","nvarchar","500","0","0","True"
"HnnDW","dbo","Fact_Facing_202309","TABLE","9","SCENE_TYPE","nvarchar","500","0","0","True"
"HnnDW","dbo","Fact_Facing_202309","TABLE","10","SHELF_NUMBER","nvarchar","500","0","0","True"
"HnnDW","dbo","Fact_Facing_202309","TABLE","11","EYE_LEVEL","int","4","10","0","True"
"HnnDW","dbo","Fact_Facing_202309","TABLE","12","VISIT_LINK","nvarchar","500","0","0","True"
"HnnDW","dbo","Fact_Facing_202309","TABLE","13","FACING_FACT","float","8","53","0","True"
"HnnDW","dbo","Fact_Facing_202309","TABLE","14","FACING_WIDTH","float","8","53","0","True"
"HnnDW","dbo","Fact_Facing_202309","TABLE","15","GROUP_WIDTH","float","8","53","0","True"
"HnnDW","dbo","Fact_Facing_202309","TABLE","16","GROUP_FACT","float","8","53","0","True"
"HnnDW","dbo","Fact_Facing_202309","TABLE","17","PRICE","money","8","19","4","True"
"HnnDW","dbo","Fact_Facing_202309","TABLE","18","PRICE_TYPE","nvarchar","510","0","0","True"
"HnnDW","dbo","Fact_Facing_202309","TABLE","19","AGENCY_NAME","nvarchar","500","0","0","True"
"HnnDW","dbo","Fact_Facing_202309","TABLE","20","fid","int","4","10","0","True"
"HnnDW","dbo","Fact_Facing_202309","TABLE","21","iid","int","4","10","0","True"
"HnnDW","dbo","Fact_Facing_202309","TABLE","22","PICOS","bit","1","1","0","True"
"HnnDW","dbo","Fact_Facing_202310","TABLE","1","VISIT_ID","nvarchar","500","0","0","True"
"HnnDW","dbo","Fact_Facing_202310","TABLE","2","VISIT_DATE","datetime","8","23","3","True"
"HnnDW","dbo","Fact_Facing_202310","TABLE","3","VISIT_STATUS","nvarchar","500","0","0","True"
"HnnDW","dbo","Fact_Facing_202310","TABLE","4","VISIT_IS_PLANED","int","4","10","0","True"
"HnnDW","dbo","Fact_Facing_202310","TABLE","5","PHOTO_AUDIT_ID","nvarchar","500","0","0","True"
"HnnDW","dbo","Fact_Facing_202310","TABLE","6","PHOTO_AUDIT_COUNTER","int","4","10","0","True"
"HnnDW","dbo","Fact_Facing_202310","TABLE","7","ROUTE_TYPE","nvarchar","500","0","0","True"
"HnnDW","dbo","Fact_Facing_202310","TABLE","8","SCENE_TYPE_ID","nvarchar","500","0","0","True"
"HnnDW","dbo","Fact_Facing_202310","TABLE","9","SCENE_TYPE","nvarchar","500","0","0","True"
"HnnDW","dbo","Fact_Facing_202310","TABLE","10","SHELF_NUMBER","nvarchar","500","0","0","True"
"HnnDW","dbo","Fact_Facing_202310","TABLE","11","EYE_LEVEL","int","4","10","0","True"
"HnnDW","dbo","Fact_Facing_202310","TABLE","12","VISIT_LINK","nvarchar","500","0","0","True"
"HnnDW","dbo","Fact_Facing_202310","TABLE","13","FACING_FACT","float","8","53","0","True"
"HnnDW","dbo","Fact_Facing_202310","TABLE","14","FACING_WIDTH","float","8","53","0","True"
"HnnDW","dbo","Fact_Facing_202310","TABLE","15","GROUP_WIDTH","float","8","53","0","True"
"HnnDW","dbo","Fact_Facing_202310","TABLE","16","GROUP_FACT","float","8","53","0","True"
"HnnDW","dbo","Fact_Facing_202310","TABLE","17","PRICE","money","8","19","4","True"
"HnnDW","dbo","Fact_Facing_202310","TABLE","18","PRICE_TYPE","nvarchar","510","0","0","True"
"HnnDW","dbo","Fact_Facing_202310","TABLE","19","AGENCY_NAME","nvarchar","500","0","0","True"
"HnnDW","dbo","Fact_Facing_202310","TABLE","20","fid","int","4","10","0","True"
"HnnDW","dbo","Fact_Facing_202310","TABLE","21","iid","int","4","10","0","True"
"HnnDW","dbo","Fact_Facing_202310","TABLE","22","PICOS","bit","1","1","0","True"
"HnnDW","dbo","Fact_Facing_202311","TABLE","1","VISIT_ID","nvarchar","500","0","0","True"
"HnnDW","dbo","Fact_Facing_202311","TABLE","2","VISIT_DATE","datetime","8","23","3","True"
"HnnDW","dbo","Fact_Facing_202311","TABLE","3","VISIT_STATUS","nvarchar","500","0","0","True"
"HnnDW","dbo","Fact_Facing_202311","TABLE","4","VISIT_IS_PLANED","int","4","10","0","True"
"HnnDW","dbo","Fact_Facing_202311","TABLE","5","PHOTO_AUDIT_ID","nvarchar","500","0","0","True"
"HnnDW","dbo","Fact_Facing_202311","TABLE","6","PHOTO_AUDIT_COUNTER","int","4","10","0","True"
"HnnDW","dbo","Fact_Facing_202311","TABLE","7","ROUTE_TYPE","nvarchar","500","0","0","True"
"HnnDW","dbo","Fact_Facing_202311","TABLE","8","SCENE_TYPE_ID","nvarchar","500","0","0","True"
"HnnDW","dbo","Fact_Facing_202311","TABLE","9","SCENE_TYPE","nvarchar","500","0","0","True"
"HnnDW","dbo","Fact_Facing_202311","TABLE","10","SHELF_NUMBER","nvarchar","500","0","0","True"
"HnnDW","dbo","Fact_Facing_202311","TABLE","11","EYE_LEVEL","int","4","10","0","True"
"HnnDW","dbo","Fact_Facing_202311","TABLE","12","VISIT_LINK","nvarchar","500","0","0","True"
"HnnDW","dbo","Fact_Facing_202311","TABLE","13","FACING_FACT","float","8","53","0","True"
"HnnDW","dbo","Fact_Facing_202311","TABLE","14","FACING_WIDTH","float","8","53","0","True"
"HnnDW","dbo","Fact_Facing_202311","TABLE","15","GROUP_WIDTH","float","8","53","0","True"
"HnnDW","dbo","Fact_Facing_202311","TABLE","16","GROUP_FACT","float","8","53","0","True"
"HnnDW","dbo","Fact_Facing_202311","TABLE","17","PRICE","money","8","19","4","True"
"HnnDW","dbo","Fact_Facing_202311","TABLE","18","PRICE_TYPE","nvarchar","510","0","0","True"
"HnnDW","dbo","Fact_Facing_202311","TABLE","19","AGENCY_NAME","nvarchar","500","0","0","True"
"HnnDW","dbo","Fact_Facing_202311","TABLE","20","fid","int","4","10","0","True"
"HnnDW","dbo","Fact_Facing_202311","TABLE","21","iid","int","4","10","0","True"
"HnnDW","dbo","Fact_Facing_202311","TABLE","22","PICOS","bit","1","1","0","True"
"HnnDW","dbo","Fact_Facing_202312","TABLE","1","VISIT_ID","nvarchar","500","0","0","True"
"HnnDW","dbo","Fact_Facing_202312","TABLE","2","VISIT_DATE","datetime","8","23","3","True"
"HnnDW","dbo","Fact_Facing_202312","TABLE","3","VISIT_STATUS","nvarchar","500","0","0","True"
"HnnDW","dbo","Fact_Facing_202312","TABLE","4","VISIT_IS_PLANED","int","4","10","0","True"
"HnnDW","dbo","Fact_Facing_202312","TABLE","5","PHOTO_AUDIT_ID","nvarchar","500","0","0","True"
"HnnDW","dbo","Fact_Facing_202312","TABLE","6","PHOTO_AUDIT_COUNTER","int","4","10","0","True"
"HnnDW","dbo","Fact_Facing_202312","TABLE","7","ROUTE_TYPE","nvarchar","500","0","0","True"
"HnnDW","dbo","Fact_Facing_202312","TABLE","8","SCENE_TYPE_ID","nvarchar","500","0","0","True"
"HnnDW","dbo","Fact_Facing_202312","TABLE","9","SCENE_TYPE","nvarchar","500","0","0","True"
"HnnDW","dbo","Fact_Facing_202312","TABLE","10","SHELF_NUMBER","nvarchar","500","0","0","True"
"HnnDW","dbo","Fact_Facing_202312","TABLE","11","EYE_LEVEL","int","4","10","0","True"
"HnnDW","dbo","Fact_Facing_202312","TABLE","12","VISIT_LINK","nvarchar","500","0","0","True"
"HnnDW","dbo","Fact_Facing_202312","TABLE","13","FACING_FACT","float","8","53","0","True"
"HnnDW","dbo","Fact_Facing_202312","TABLE","14","FACING_WIDTH","float","8","53","0","True"
"HnnDW","dbo","Fact_Facing_202312","TABLE","15","GROUP_WIDTH","float","8","53","0","True"
"HnnDW","dbo","Fact_Facing_202312","TABLE","16","GROUP_FACT","float","8","53","0","True"
"HnnDW","dbo","Fact_Facing_202312","TABLE","17","PRICE","money","8","19","4","True"
"HnnDW","dbo","Fact_Facing_202312","TABLE","18","PRICE_TYPE","nvarchar","510","0","0","True"
"HnnDW","dbo","Fact_Facing_202312","TABLE","19","AGENCY_NAME","nvarchar","500","0","0","True"
"HnnDW","dbo","Fact_Facing_202312","TABLE","20","fid","int","4","10","0","True"
"HnnDW","dbo","Fact_Facing_202312","TABLE","21","iid","int","4","10","0","True"
"HnnDW","dbo","Fact_Facing_202312","TABLE","22","PICOS","bit","1","1","0","True"
"HnnDW","dbo","Fact_Facing_202401","TABLE","1","VISIT_ID","nvarchar","500","0","0","True"
"HnnDW","dbo","Fact_Facing_202401","TABLE","2","VISIT_DATE","datetime","8","23","3","True"
"HnnDW","dbo","Fact_Facing_202401","TABLE","3","VISIT_STATUS","nvarchar","500","0","0","True"
"HnnDW","dbo","Fact_Facing_202401","TABLE","4","VISIT_IS_PLANED","int","4","10","0","True"
"HnnDW","dbo","Fact_Facing_202401","TABLE","5","PHOTO_AUDIT_ID","nvarchar","500","0","0","True"
"HnnDW","dbo","Fact_Facing_202401","TABLE","6","PHOTO_AUDIT_COUNTER","int","4","10","0","True"
"HnnDW","dbo","Fact_Facing_202401","TABLE","7","ROUTE_TYPE","nvarchar","500","0","0","True"
"HnnDW","dbo","Fact_Facing_202401","TABLE","8","SCENE_TYPE_ID","nvarchar","500","0","0","True"
"HnnDW","dbo","Fact_Facing_202401","TABLE","9","SCENE_TYPE","nvarchar","500","0","0","True"
"HnnDW","dbo","Fact_Facing_202401","TABLE","10","SHELF_NUMBER","nvarchar","500","0","0","True"
"HnnDW","dbo","Fact_Facing_202401","TABLE","11","EYE_LEVEL","int","4","10","0","True"
"HnnDW","dbo","Fact_Facing_202401","TABLE","12","VISIT_LINK","nvarchar","500","0","0","True"
"HnnDW","dbo","Fact_Facing_202401","TABLE","13","FACING_FACT","float","8","53","0","True"
"HnnDW","dbo","Fact_Facing_202401","TABLE","14","FACING_WIDTH","float","8","53","0","True"
"HnnDW","dbo","Fact_Facing_202401","TABLE","15","GROUP_WIDTH","float","8","53","0","True"
"HnnDW","dbo","Fact_Facing_202401","TABLE","16","GROUP_FACT","float","8","53","0","True"
"HnnDW","dbo","Fact_Facing_202401","TABLE","17","PRICE","money","8","19","4","True"
"HnnDW","dbo","Fact_Facing_202401","TABLE","18","PRICE_TYPE","nvarchar","510","0","0","True"
"HnnDW","dbo","Fact_Facing_202401","TABLE","19","AGENCY_NAME","nvarchar","500","0","0","True"
"HnnDW","dbo","Fact_Facing_202401","TABLE","20","fid","int","4","10","0","True"
"HnnDW","dbo","Fact_Facing_202401","TABLE","21","iid","int","4","10","0","True"
"HnnDW","dbo","Fact_Facing_202401","TABLE","22","PICOS","bit","1","1","0","True"
"HnnDW","dbo","Fact_Facing_202402","TABLE","1","VISIT_ID","nvarchar","500","0","0","True"
"HnnDW","dbo","Fact_Facing_202402","TABLE","2","VISIT_DATE","datetime","8","23","3","True"
"HnnDW","dbo","Fact_Facing_202402","TABLE","3","VISIT_STATUS","nvarchar","500","0","0","True"
"HnnDW","dbo","Fact_Facing_202402","TABLE","4","VISIT_IS_PLANED","int","4","10","0","True"
"HnnDW","dbo","Fact_Facing_202402","TABLE","5","PHOTO_AUDIT_ID","nvarchar","500","0","0","True"
"HnnDW","dbo","Fact_Facing_202402","TABLE","6","PHOTO_AUDIT_COUNTER","int","4","10","0","True"
"HnnDW","dbo","Fact_Facing_202402","TABLE","7","ROUTE_TYPE","nvarchar","500","0","0","True"
"HnnDW","dbo","Fact_Facing_202402","TABLE","8","SCENE_TYPE_ID","nvarchar","500","0","0","True"
"HnnDW","dbo","Fact_Facing_202402","TABLE","9","SCENE_TYPE","nvarchar","500","0","0","True"
"HnnDW","dbo","Fact_Facing_202402","TABLE","10","SHELF_NUMBER","nvarchar","500","0","0","True"
"HnnDW","dbo","Fact_Facing_202402","TABLE","11","EYE_LEVEL","int","4","10","0","True"
"HnnDW","dbo","Fact_Facing_202402","TABLE","12","VISIT_LINK","nvarchar","500","0","0","True"
"HnnDW","dbo","Fact_Facing_202402","TABLE","13","FACING_FACT","float","8","53","0","True"
"HnnDW","dbo","Fact_Facing_202402","TABLE","14","FACING_WIDTH","float","8","53","0","True"
"HnnDW","dbo","Fact_Facing_202402","TABLE","15","GROUP_WIDTH","float","8","53","0","True"
"HnnDW","dbo","Fact_Facing_202402","TABLE","16","GROUP_FACT","float","8","53","0","True"
"HnnDW","dbo","Fact_Facing_202402","TABLE","17","PRICE","money","8","19","4","True"
"HnnDW","dbo","Fact_Facing_202402","TABLE","18","PRICE_TYPE","nvarchar","510","0","0","True"
"HnnDW","dbo","Fact_Facing_202402","TABLE","19","AGENCY_NAME","nvarchar","500","0","0","True"
"HnnDW","dbo","Fact_Facing_202402","TABLE","20","fid","int","4","10","0","True"
"HnnDW","dbo","Fact_Facing_202402","TABLE","21","iid","int","4","10","0","True"
"HnnDW","dbo","Fact_Facing_202402","TABLE","22","PICOS","bit","1","1","0","True"
"HnnDW","dbo","Fact_Facing_202403","TABLE","1","VISIT_ID","nvarchar","500","0","0","True"
"HnnDW","dbo","Fact_Facing_202403","TABLE","2","VISIT_DATE","datetime","8","23","3","True"
"HnnDW","dbo","Fact_Facing_202403","TABLE","3","VISIT_STATUS","nvarchar","500","0","0","True"
"HnnDW","dbo","Fact_Facing_202403","TABLE","4","VISIT_IS_PLANED","int","4","10","0","True"
"HnnDW","dbo","Fact_Facing_202403","TABLE","5","PHOTO_AUDIT_ID","nvarchar","500","0","0","True"
"HnnDW","dbo","Fact_Facing_202403","TABLE","6","PHOTO_AUDIT_COUNTER","int","4","10","0","True"
"HnnDW","dbo","Fact_Facing_202403","TABLE","7","ROUTE_TYPE","nvarchar","500","0","0","True"
"HnnDW","dbo","Fact_Facing_202403","TABLE","8","SCENE_TYPE_ID","nvarchar","500","0","0","True"
"HnnDW","dbo","Fact_Facing_202403","TABLE","9","SCENE_TYPE","nvarchar","500","0","0","True"
"HnnDW","dbo","Fact_Facing_202403","TABLE","10","SHELF_NUMBER","nvarchar","500","0","0","True"
"HnnDW","dbo","Fact_Facing_202403","TABLE","11","EYE_LEVEL","int","4","10","0","True"
"HnnDW","dbo","Fact_Facing_202403","TABLE","12","VISIT_LINK","nvarchar","500","0","0","True"
"HnnDW","dbo","Fact_Facing_202403","TABLE","13","FACING_FACT","float","8","53","0","True"
"HnnDW","dbo","Fact_Facing_202403","TABLE","14","FACING_WIDTH","float","8","53","0","True"
"HnnDW","dbo","Fact_Facing_202403","TABLE","15","GROUP_WIDTH","float","8","53","0","True"
"HnnDW","dbo","Fact_Facing_202403","TABLE","16","GROUP_FACT","float","8","53","0","True"
"HnnDW","dbo","Fact_Facing_202403","TABLE","17","PRICE","money","8","19","4","True"
"HnnDW","dbo","Fact_Facing_202403","TABLE","18","PRICE_TYPE","nvarchar","510","0","0","True"
"HnnDW","dbo","Fact_Facing_202403","TABLE","19","AGENCY_NAME","nvarchar","500","0","0","True"
"HnnDW","dbo","Fact_Facing_202403","TABLE","20","fid","int","4","10","0","True"
"HnnDW","dbo","Fact_Facing_202403","TABLE","21","iid","int","4","10","0","True"
"HnnDW","dbo","Fact_Facing_202403","TABLE","22","PICOS","bit","1","1","0","True"
"HnnDW","dbo","Fact_Facing_202404","TABLE","1","VISIT_ID","nvarchar","500","0","0","True"
"HnnDW","dbo","Fact_Facing_202404","TABLE","2","VISIT_DATE","datetime","8","23","3","True"
"HnnDW","dbo","Fact_Facing_202404","TABLE","3","VISIT_STATUS","nvarchar","500","0","0","True"
"HnnDW","dbo","Fact_Facing_202404","TABLE","4","VISIT_IS_PLANED","int","4","10","0","True"
"HnnDW","dbo","Fact_Facing_202404","TABLE","5","PHOTO_AUDIT_ID","nvarchar","500","0","0","True"
"HnnDW","dbo","Fact_Facing_202404","TABLE","6","PHOTO_AUDIT_COUNTER","int","4","10","0","True"
"HnnDW","dbo","Fact_Facing_202404","TABLE","7","ROUTE_TYPE","nvarchar","500","0","0","True"
"HnnDW","dbo","Fact_Facing_202404","TABLE","8","SCENE_TYPE_ID","nvarchar","500","0","0","True"
"HnnDW","dbo","Fact_Facing_202404","TABLE","9","SCENE_TYPE","nvarchar","500","0","0","True"
"HnnDW","dbo","Fact_Facing_202404","TABLE","10","SHELF_NUMBER","nvarchar","500","0","0","True"
"HnnDW","dbo","Fact_Facing_202404","TABLE","11","EYE_LEVEL","int","4","10","0","True"
"HnnDW","dbo","Fact_Facing_202404","TABLE","12","VISIT_LINK","nvarchar","500","0","0","True"
"HnnDW","dbo","Fact_Facing_202404","TABLE","13","FACING_FACT","float","8","53","0","True"
"HnnDW","dbo","Fact_Facing_202404","TABLE","14","FACING_WIDTH","float","8","53","0","True"
"HnnDW","dbo","Fact_Facing_202404","TABLE","15","GROUP_WIDTH","float","8","53","0","True"
"HnnDW","dbo","Fact_Facing_202404","TABLE","16","GROUP_FACT","float","8","53","0","True"
"HnnDW","dbo","Fact_Facing_202404","TABLE","17","PRICE","money","8","19","4","True"
"HnnDW","dbo","Fact_Facing_202404","TABLE","18","PRICE_TYPE","nvarchar","510","0","0","True"
"HnnDW","dbo","Fact_Facing_202404","TABLE","19","AGENCY_NAME","nvarchar","500","0","0","True"
"HnnDW","dbo","Fact_Facing_202404","TABLE","20","fid","int","4","10","0","True"
"HnnDW","dbo","Fact_Facing_202404","TABLE","21","iid","int","4","10","0","True"
"HnnDW","dbo","Fact_Facing_202404","TABLE","22","PICOS","bit","1","1","0","True"
"HnnDW","dbo","Fact_Facing_202405","TABLE","1","VISIT_ID","nvarchar","500","0","0","True"
"HnnDW","dbo","Fact_Facing_202405","TABLE","2","VISIT_DATE","datetime","8","23","3","True"
"HnnDW","dbo","Fact_Facing_202405","TABLE","3","VISIT_STATUS","nvarchar","500","0","0","True"
"HnnDW","dbo","Fact_Facing_202405","TABLE","4","VISIT_IS_PLANED","int","4","10","0","True"
"HnnDW","dbo","Fact_Facing_202405","TABLE","5","PHOTO_AUDIT_ID","nvarchar","500","0","0","True"
"HnnDW","dbo","Fact_Facing_202405","TABLE","6","PHOTO_AUDIT_COUNTER","int","4","10","0","True"
"HnnDW","dbo","Fact_Facing_202405","TABLE","7","ROUTE_TYPE","nvarchar","500","0","0","True"
"HnnDW","dbo","Fact_Facing_202405","TABLE","8","SCENE_TYPE_ID","nvarchar","500","0","0","True"
"HnnDW","dbo","Fact_Facing_202405","TABLE","9","SCENE_TYPE","nvarchar","500","0","0","True"
"HnnDW","dbo","Fact_Facing_202405","TABLE","10","SHELF_NUMBER","nvarchar","500","0","0","True"
"HnnDW","dbo","Fact_Facing_202405","TABLE","11","EYE_LEVEL","int","4","10","0","True"
"HnnDW","dbo","Fact_Facing_202405","TABLE","12","VISIT_LINK","nvarchar","500","0","0","True"
"HnnDW","dbo","Fact_Facing_202405","TABLE","13","FACING_FACT","float","8","53","0","True"
"HnnDW","dbo","Fact_Facing_202405","TABLE","14","FACING_WIDTH","float","8","53","0","True"
"HnnDW","dbo","Fact_Facing_202405","TABLE","15","GROUP_WIDTH","float","8","53","0","True"
"HnnDW","dbo","Fact_Facing_202405","TABLE","16","GROUP_FACT","float","8","53","0","True"
"HnnDW","dbo","Fact_Facing_202405","TABLE","17","PRICE","money","8","19","4","True"
"HnnDW","dbo","Fact_Facing_202405","TABLE","18","PRICE_TYPE","nvarchar","510","0","0","True"
"HnnDW","dbo","Fact_Facing_202405","TABLE","19","AGENCY_NAME","nvarchar","500","0","0","True"
"HnnDW","dbo","Fact_Facing_202405","TABLE","20","fid","int","4","10","0","True"
"HnnDW","dbo","Fact_Facing_202405","TABLE","21","iid","int","4","10","0","True"
"HnnDW","dbo","Fact_Facing_202405","TABLE","22","PICOS","bit","1","1","0","True"
"HnnDW","dbo","Fact_Facing_202406","TABLE","1","VISIT_ID","nvarchar","500","0","0","True"
"HnnDW","dbo","Fact_Facing_202406","TABLE","2","VISIT_DATE","datetime","8","23","3","True"
"HnnDW","dbo","Fact_Facing_202406","TABLE","3","VISIT_STATUS","nvarchar","500","0","0","True"
"HnnDW","dbo","Fact_Facing_202406","TABLE","4","VISIT_IS_PLANED","int","4","10","0","True"
"HnnDW","dbo","Fact_Facing_202406","TABLE","5","PHOTO_AUDIT_ID","nvarchar","500","0","0","True"
"HnnDW","dbo","Fact_Facing_202406","TABLE","6","PHOTO_AUDIT_COUNTER","int","4","10","0","True"
"HnnDW","dbo","Fact_Facing_202406","TABLE","7","ROUTE_TYPE","nvarchar","500","0","0","True"
"HnnDW","dbo","Fact_Facing_202406","TABLE","8","SCENE_TYPE_ID","nvarchar","500","0","0","True"
"HnnDW","dbo","Fact_Facing_202406","TABLE","9","SCENE_TYPE","nvarchar","500","0","0","True"
"HnnDW","dbo","Fact_Facing_202406","TABLE","10","SHELF_NUMBER","nvarchar","500","0","0","True"
"HnnDW","dbo","Fact_Facing_202406","TABLE","11","EYE_LEVEL","int","4","10","0","True"
"HnnDW","dbo","Fact_Facing_202406","TABLE","12","VISIT_LINK","nvarchar","500","0","0","True"
"HnnDW","dbo","Fact_Facing_202406","TABLE","13","FACING_FACT","float","8","53","0","True"
"HnnDW","dbo","Fact_Facing_202406","TABLE","14","FACING_WIDTH","float","8","53","0","True"
"HnnDW","dbo","Fact_Facing_202406","TABLE","15","GROUP_WIDTH","float","8","53","0","True"
"HnnDW","dbo","Fact_Facing_202406","TABLE","16","GROUP_FACT","float","8","53","0","True"
"HnnDW","dbo","Fact_Facing_202406","TABLE","17","PRICE","money","8","19","4","True"
"HnnDW","dbo","Fact_Facing_202406","TABLE","18","PRICE_TYPE","nvarchar","510","0","0","True"
"HnnDW","dbo","Fact_Facing_202406","TABLE","19","AGENCY_NAME","nvarchar","500","0","0","True"
"HnnDW","dbo","Fact_Facing_202406","TABLE","20","fid","int","4","10","0","True"
"HnnDW","dbo","Fact_Facing_202406","TABLE","21","iid","int","4","10","0","True"
"HnnDW","dbo","Fact_Facing_202406","TABLE","22","PICOS","bit","1","1","0","True"
"HnnDW","dbo","Fact_Facing_202407","TABLE","1","VISIT_ID","nvarchar","500","0","0","True"
"HnnDW","dbo","Fact_Facing_202407","TABLE","2","VISIT_DATE","datetime","8","23","3","True"
"HnnDW","dbo","Fact_Facing_202407","TABLE","3","VISIT_STATUS","nvarchar","500","0","0","True"
"HnnDW","dbo","Fact_Facing_202407","TABLE","4","VISIT_IS_PLANED","int","4","10","0","True"
"HnnDW","dbo","Fact_Facing_202407","TABLE","5","PHOTO_AUDIT_ID","nvarchar","500","0","0","True"
"HnnDW","dbo","Fact_Facing_202407","TABLE","6","PHOTO_AUDIT_COUNTER","int","4","10","0","True"
"HnnDW","dbo","Fact_Facing_202407","TABLE","7","ROUTE_TYPE","nvarchar","500","0","0","True"
"HnnDW","dbo","Fact_Facing_202407","TABLE","8","SCENE_TYPE_ID","nvarchar","500","0","0","True"
"HnnDW","dbo","Fact_Facing_202407","TABLE","9","SCENE_TYPE","nvarchar","500","0","0","True"
"HnnDW","dbo","Fact_Facing_202407","TABLE","10","SHELF_NUMBER","nvarchar","500","0","0","True"
"HnnDW","dbo","Fact_Facing_202407","TABLE","11","EYE_LEVEL","int","4","10","0","True"
"HnnDW","dbo","Fact_Facing_202407","TABLE","12","VISIT_LINK","nvarchar","500","0","0","True"
"HnnDW","dbo","Fact_Facing_202407","TABLE","13","FACING_FACT","float","8","53","0","True"
"HnnDW","dbo","Fact_Facing_202407","TABLE","14","FACING_WIDTH","float","8","53","0","True"
"HnnDW","dbo","Fact_Facing_202407","TABLE","15","GROUP_WIDTH","float","8","53","0","True"
"HnnDW","dbo","Fact_Facing_202407","TABLE","16","GROUP_FACT","float","8","53","0","True"
"HnnDW","dbo","Fact_Facing_202407","TABLE","17","PRICE","money","8","19","4","True"
"HnnDW","dbo","Fact_Facing_202407","TABLE","18","PRICE_TYPE","nvarchar","510","0","0","True"
"HnnDW","dbo","Fact_Facing_202407","TABLE","19","AGENCY_NAME","nvarchar","500","0","0","True"
"HnnDW","dbo","Fact_Facing_202407","TABLE","20","fid","int","4","10","0","True"
"HnnDW","dbo","Fact_Facing_202407","TABLE","21","iid","int","4","10","0","True"
"HnnDW","dbo","Fact_Facing_202407","TABLE","22","PICOS","bit","1","1","0","True"
"HnnDW","dbo","Fact_Facing_202408","TABLE","1","VISIT_ID","nvarchar","500","0","0","True"
"HnnDW","dbo","Fact_Facing_202408","TABLE","2","VISIT_DATE","datetime","8","23","3","True"
"HnnDW","dbo","Fact_Facing_202408","TABLE","3","VISIT_STATUS","nvarchar","500","0","0","True"
"HnnDW","dbo","Fact_Facing_202408","TABLE","4","VISIT_IS_PLANED","int","4","10","0","True"
"HnnDW","dbo","Fact_Facing_202408","TABLE","5","PHOTO_AUDIT_ID","nvarchar","500","0","0","True"
"HnnDW","dbo","Fact_Facing_202408","TABLE","6","PHOTO_AUDIT_COUNTER","int","4","10","0","True"
"HnnDW","dbo","Fact_Facing_202408","TABLE","7","ROUTE_TYPE","nvarchar","500","0","0","True"
"HnnDW","dbo","Fact_Facing_202408","TABLE","8","SCENE_TYPE_ID","nvarchar","500","0","0","True"
"HnnDW","dbo","Fact_Facing_202408","TABLE","9","SCENE_TYPE","nvarchar","500","0","0","True"
"HnnDW","dbo","Fact_Facing_202408","TABLE","10","SHELF_NUMBER","nvarchar","500","0","0","True"
"HnnDW","dbo","Fact_Facing_202408","TABLE","11","EYE_LEVEL","int","4","10","0","True"
"HnnDW","dbo","Fact_Facing_202408","TABLE","12","VISIT_LINK","nvarchar","500","0","0","True"
"HnnDW","dbo","Fact_Facing_202408","TABLE","13","FACING_FACT","float","8","53","0","True"
"HnnDW","dbo","Fact_Facing_202408","TABLE","14","FACING_WIDTH","float","8","53","0","True"
"HnnDW","dbo","Fact_Facing_202408","TABLE","15","GROUP_WIDTH","float","8","53","0","True"
"HnnDW","dbo","Fact_Facing_202408","TABLE","16","GROUP_FACT","float","8","53","0","True"
"HnnDW","dbo","Fact_Facing_202408","TABLE","17","PRICE","money","8","19","4","True"
"HnnDW","dbo","Fact_Facing_202408","TABLE","18","PRICE_TYPE","nvarchar","510","0","0","True"
"HnnDW","dbo","Fact_Facing_202408","TABLE","19","AGENCY_NAME","nvarchar","500","0","0","True"
"HnnDW","dbo","Fact_Facing_202408","TABLE","20","fid","int","4","10","0","True"
"HnnDW","dbo","Fact_Facing_202408","TABLE","21","iid","int","4","10","0","True"
"HnnDW","dbo","Fact_Facing_202408","TABLE","22","PICOS","bit","1","1","0","True"
"HnnDW","dbo","Fact_Facing_202409","TABLE","1","VISIT_ID","nvarchar","500","0","0","True"
"HnnDW","dbo","Fact_Facing_202409","TABLE","2","VISIT_DATE","datetime","8","23","3","True"
"HnnDW","dbo","Fact_Facing_202409","TABLE","3","VISIT_STATUS","nvarchar","500","0","0","True"
"HnnDW","dbo","Fact_Facing_202409","TABLE","4","VISIT_IS_PLANED","int","4","10","0","True"
"HnnDW","dbo","Fact_Facing_202409","TABLE","5","PHOTO_AUDIT_ID","nvarchar","500","0","0","True"
"HnnDW","dbo","Fact_Facing_202409","TABLE","6","PHOTO_AUDIT_COUNTER","int","4","10","0","True"
"HnnDW","dbo","Fact_Facing_202409","TABLE","7","ROUTE_TYPE","nvarchar","500","0","0","True"
"HnnDW","dbo","Fact_Facing_202409","TABLE","8","SCENE_TYPE_ID","nvarchar","500","0","0","True"
"HnnDW","dbo","Fact_Facing_202409","TABLE","9","SCENE_TYPE","nvarchar","500","0","0","True"
"HnnDW","dbo","Fact_Facing_202409","TABLE","10","SHELF_NUMBER","nvarchar","500","0","0","True"
"HnnDW","dbo","Fact_Facing_202409","TABLE","11","EYE_LEVEL","int","4","10","0","True"
"HnnDW","dbo","Fact_Facing_202409","TABLE","12","VISIT_LINK","nvarchar","500","0","0","True"
"HnnDW","dbo","Fact_Facing_202409","TABLE","13","FACING_FACT","float","8","53","0","True"
"HnnDW","dbo","Fact_Facing_202409","TABLE","14","FACING_WIDTH","float","8","53","0","True"
"HnnDW","dbo","Fact_Facing_202409","TABLE","15","GROUP_WIDTH","float","8","53","0","True"
"HnnDW","dbo","Fact_Facing_202409","TABLE","16","GROUP_FACT","float","8","53","0","True"
"HnnDW","dbo","Fact_Facing_202409","TABLE","17","PRICE","money","8","19","4","True"
"HnnDW","dbo","Fact_Facing_202409","TABLE","18","PRICE_TYPE","nvarchar","510","0","0","True"
"HnnDW","dbo","Fact_Facing_202409","TABLE","19","AGENCY_NAME","nvarchar","500","0","0","True"
"HnnDW","dbo","Fact_Facing_202409","TABLE","20","fid","int","4","10","0","True"
"HnnDW","dbo","Fact_Facing_202409","TABLE","21","iid","int","4","10","0","True"
"HnnDW","dbo","Fact_Facing_202409","TABLE","22","PICOS","bit","1","1","0","True"
"HnnDW","dbo","Fact_Facing_202410","TABLE","1","VISIT_ID","nvarchar","500","0","0","True"
"HnnDW","dbo","Fact_Facing_202410","TABLE","2","VISIT_DATE","datetime","8","23","3","True"
"HnnDW","dbo","Fact_Facing_202410","TABLE","3","VISIT_STATUS","nvarchar","500","0","0","True"
"HnnDW","dbo","Fact_Facing_202410","TABLE","4","VISIT_IS_PLANED","int","4","10","0","True"
"HnnDW","dbo","Fact_Facing_202410","TABLE","5","PHOTO_AUDIT_ID","nvarchar","500","0","0","True"
"HnnDW","dbo","Fact_Facing_202410","TABLE","6","PHOTO_AUDIT_COUNTER","int","4","10","0","True"
"HnnDW","dbo","Fact_Facing_202410","TABLE","7","ROUTE_TYPE","nvarchar","500","0","0","True"
"HnnDW","dbo","Fact_Facing_202410","TABLE","8","SCENE_TYPE_ID","nvarchar","500","0","0","True"
"HnnDW","dbo","Fact_Facing_202410","TABLE","9","SCENE_TYPE","nvarchar","500","0","0","True"
"HnnDW","dbo","Fact_Facing_202410","TABLE","10","SHELF_NUMBER","nvarchar","500","0","0","True"
"HnnDW","dbo","Fact_Facing_202410","TABLE","11","EYE_LEVEL","int","4","10","0","True"
"HnnDW","dbo","Fact_Facing_202410","TABLE","12","VISIT_LINK","nvarchar","500","0","0","True"
"HnnDW","dbo","Fact_Facing_202410","TABLE","13","FACING_FACT","float","8","53","0","True"
"HnnDW","dbo","Fact_Facing_202410","TABLE","14","FACING_WIDTH","float","8","53","0","True"
"HnnDW","dbo","Fact_Facing_202410","TABLE","15","GROUP_WIDTH","float","8","53","0","True"
"HnnDW","dbo","Fact_Facing_202410","TABLE","16","GROUP_FACT","float","8","53","0","True"
"HnnDW","dbo","Fact_Facing_202410","TABLE","17","PRICE","money","8","19","4","True"
"HnnDW","dbo","Fact_Facing_202410","TABLE","18","PRICE_TYPE","nvarchar","510","0","0","True"
"HnnDW","dbo","Fact_Facing_202410","TABLE","19","AGENCY_NAME","nvarchar","500","0","0","True"
"HnnDW","dbo","Fact_Facing_202410","TABLE","20","fid","int","4","10","0","True"
"HnnDW","dbo","Fact_Facing_202410","TABLE","21","iid","int","4","10","0","True"
"HnnDW","dbo","Fact_Facing_202410","TABLE","22","PICOS","bit","1","1","0","True"
"HnnDW","dbo","Fact_Facing_202411","TABLE","1","VISIT_ID","nvarchar","500","0","0","True"
"HnnDW","dbo","Fact_Facing_202411","TABLE","2","VISIT_DATE","datetime","8","23","3","True"
"HnnDW","dbo","Fact_Facing_202411","TABLE","3","VISIT_STATUS","nvarchar","500","0","0","True"
"HnnDW","dbo","Fact_Facing_202411","TABLE","4","VISIT_IS_PLANED","int","4","10","0","True"
"HnnDW","dbo","Fact_Facing_202411","TABLE","5","PHOTO_AUDIT_ID","nvarchar","500","0","0","True"
"HnnDW","dbo","Fact_Facing_202411","TABLE","6","PHOTO_AUDIT_COUNTER","int","4","10","0","True"
"HnnDW","dbo","Fact_Facing_202411","TABLE","7","ROUTE_TYPE","nvarchar","500","0","0","True"
"HnnDW","dbo","Fact_Facing_202411","TABLE","8","SCENE_TYPE_ID","nvarchar","500","0","0","True"
"HnnDW","dbo","Fact_Facing_202411","TABLE","9","SCENE_TYPE","nvarchar","500","0","0","True"
"HnnDW","dbo","Fact_Facing_202411","TABLE","10","SHELF_NUMBER","nvarchar","500","0","0","True"
"HnnDW","dbo","Fact_Facing_202411","TABLE","11","EYE_LEVEL","int","4","10","0","True"
"HnnDW","dbo","Fact_Facing_202411","TABLE","12","VISIT_LINK","nvarchar","500","0","0","True"
"HnnDW","dbo","Fact_Facing_202411","TABLE","13","FACING_FACT","float","8","53","0","True"
"HnnDW","dbo","Fact_Facing_202411","TABLE","14","FACING_WIDTH","float","8","53","0","True"
"HnnDW","dbo","Fact_Facing_202411","TABLE","15","GROUP_WIDTH","float","8","53","0","True"
"HnnDW","dbo","Fact_Facing_202411","TABLE","16","GROUP_FACT","float","8","53","0","True"
"HnnDW","dbo","Fact_Facing_202411","TABLE","17","PRICE","money","8","19","4","True"
"HnnDW","dbo","Fact_Facing_202411","TABLE","18","PRICE_TYPE","nvarchar","510","0","0","True"
"HnnDW","dbo","Fact_Facing_202411","TABLE","19","AGENCY_NAME","nvarchar","500","0","0","True"
"HnnDW","dbo","Fact_Facing_202411","TABLE","20","fid","int","4","10","0","True"
"HnnDW","dbo","Fact_Facing_202411","TABLE","21","iid","int","4","10","0","True"
"HnnDW","dbo","Fact_Facing_202411","TABLE","22","PICOS","bit","1","1","0","True"
"HnnDW","dbo","Fact_Facing_202412","TABLE","1","VISIT_ID","nvarchar","500","0","0","True"
"HnnDW","dbo","Fact_Facing_202412","TABLE","2","VISIT_DATE","datetime","8","23","3","True"
"HnnDW","dbo","Fact_Facing_202412","TABLE","3","VISIT_STATUS","nvarchar","500","0","0","True"
"HnnDW","dbo","Fact_Facing_202412","TABLE","4","VISIT_IS_PLANED","int","4","10","0","True"
"HnnDW","dbo","Fact_Facing_202412","TABLE","5","PHOTO_AUDIT_ID","nvarchar","500","0","0","True"
"HnnDW","dbo","Fact_Facing_202412","TABLE","6","PHOTO_AUDIT_COUNTER","int","4","10","0","True"
"HnnDW","dbo","Fact_Facing_202412","TABLE","7","ROUTE_TYPE","nvarchar","500","0","0","True"
"HnnDW","dbo","Fact_Facing_202412","TABLE","8","SCENE_TYPE_ID","nvarchar","500","0","0","True"
"HnnDW","dbo","Fact_Facing_202412","TABLE","9","SCENE_TYPE","nvarchar","500","0","0","True"
"HnnDW","dbo","Fact_Facing_202412","TABLE","10","SHELF_NUMBER","nvarchar","500","0","0","True"
"HnnDW","dbo","Fact_Facing_202412","TABLE","11","EYE_LEVEL","int","4","10","0","True"
"HnnDW","dbo","Fact_Facing_202412","TABLE","12","VISIT_LINK","nvarchar","500","0","0","True"
"HnnDW","dbo","Fact_Facing_202412","TABLE","13","FACING_FACT","float","8","53","0","True"
"HnnDW","dbo","Fact_Facing_202412","TABLE","14","FACING_WIDTH","float","8","53","0","True"
"HnnDW","dbo","Fact_Facing_202412","TABLE","15","GROUP_WIDTH","float","8","53","0","True"
"HnnDW","dbo","Fact_Facing_202412","TABLE","16","GROUP_FACT","float","8","53","0","True"
"HnnDW","dbo","Fact_Facing_202412","TABLE","17","PRICE","money","8","19","4","True"
"HnnDW","dbo","Fact_Facing_202412","TABLE","18","PRICE_TYPE","nvarchar","510","0","0","True"
"HnnDW","dbo","Fact_Facing_202412","TABLE","19","AGENCY_NAME","nvarchar","500","0","0","True"
"HnnDW","dbo","Fact_Facing_202412","TABLE","20","fid","int","4","10","0","True"
"HnnDW","dbo","Fact_Facing_202412","TABLE","21","iid","int","4","10","0","True"
"HnnDW","dbo","Fact_Facing_202412","TABLE","22","PICOS","bit","1","1","0","True"
"HnnDW","dbo","Fact_Facing_202501","TABLE","1","VISIT_ID","nvarchar","500","0","0","True"
"HnnDW","dbo","Fact_Facing_202501","TABLE","2","VISIT_DATE","datetime","8","23","3","True"
"HnnDW","dbo","Fact_Facing_202501","TABLE","3","VISIT_STATUS","nvarchar","500","0","0","True"
"HnnDW","dbo","Fact_Facing_202501","TABLE","4","VISIT_IS_PLANED","int","4","10","0","True"
"HnnDW","dbo","Fact_Facing_202501","TABLE","5","PHOTO_AUDIT_ID","nvarchar","500","0","0","True"
"HnnDW","dbo","Fact_Facing_202501","TABLE","6","PHOTO_AUDIT_COUNTER","int","4","10","0","True"
"HnnDW","dbo","Fact_Facing_202501","TABLE","7","ROUTE_TYPE","nvarchar","500","0","0","True"
"HnnDW","dbo","Fact_Facing_202501","TABLE","8","SCENE_TYPE_ID","nvarchar","500","0","0","True"
"HnnDW","dbo","Fact_Facing_202501","TABLE","9","SCENE_TYPE","nvarchar","500","0","0","True"
"HnnDW","dbo","Fact_Facing_202501","TABLE","10","SHELF_NUMBER","nvarchar","500","0","0","True"
"HnnDW","dbo","Fact_Facing_202501","TABLE","11","EYE_LEVEL","int","4","10","0","True"
"HnnDW","dbo","Fact_Facing_202501","TABLE","12","VISIT_LINK","nvarchar","500","0","0","True"
"HnnDW","dbo","Fact_Facing_202501","TABLE","13","FACING_FACT","float","8","53","0","True"
"HnnDW","dbo","Fact_Facing_202501","TABLE","14","FACING_WIDTH","float","8","53","0","True"
"HnnDW","dbo","Fact_Facing_202501","TABLE","15","GROUP_WIDTH","float","8","53","0","True"
"HnnDW","dbo","Fact_Facing_202501","TABLE","16","GROUP_FACT","float","8","53","0","True"
"HnnDW","dbo","Fact_Facing_202501","TABLE","17","PRICE","money","8","19","4","True"
"HnnDW","dbo","Fact_Facing_202501","TABLE","18","PRICE_TYPE","nvarchar","510","0","0","True"
"HnnDW","dbo","Fact_Facing_202501","TABLE","19","AGENCY_NAME","nvarchar","500","0","0","True"
"HnnDW","dbo","Fact_Facing_202501","TABLE","20","fid","int","4","10","0","True"
"HnnDW","dbo","Fact_Facing_202501","TABLE","21","iid","int","4","10","0","True"
"HnnDW","dbo","Fact_Facing_202501","TABLE","22","PICOS","bit","1","1","0","True"
"HnnDW","dbo","Fact_Facing_202502","TABLE","1","VISIT_ID","nvarchar","500","0","0","True"
"HnnDW","dbo","Fact_Facing_202502","TABLE","2","VISIT_DATE","datetime","8","23","3","True"
"HnnDW","dbo","Fact_Facing_202502","TABLE","3","VISIT_STATUS","nvarchar","500","0","0","True"
"HnnDW","dbo","Fact_Facing_202502","TABLE","4","VISIT_IS_PLANED","int","4","10","0","True"
"HnnDW","dbo","Fact_Facing_202502","TABLE","5","PHOTO_AUDIT_ID","nvarchar","500","0","0","True"
"HnnDW","dbo","Fact_Facing_202502","TABLE","6","PHOTO_AUDIT_COUNTER","int","4","10","0","True"
"HnnDW","dbo","Fact_Facing_202502","TABLE","7","ROUTE_TYPE","nvarchar","500","0","0","True"
"HnnDW","dbo","Fact_Facing_202502","TABLE","8","SCENE_TYPE_ID","nvarchar","500","0","0","True"
"HnnDW","dbo","Fact_Facing_202502","TABLE","9","SCENE_TYPE","nvarchar","500","0","0","True"
"HnnDW","dbo","Fact_Facing_202502","TABLE","10","SHELF_NUMBER","nvarchar","500","0","0","True"
"HnnDW","dbo","Fact_Facing_202502","TABLE","11","EYE_LEVEL","int","4","10","0","True"
"HnnDW","dbo","Fact_Facing_202502","TABLE","12","VISIT_LINK","nvarchar","500","0","0","True"
"HnnDW","dbo","Fact_Facing_202502","TABLE","13","FACING_FACT","float","8","53","0","True"
"HnnDW","dbo","Fact_Facing_202502","TABLE","14","FACING_WIDTH","float","8","53","0","True"
"HnnDW","dbo","Fact_Facing_202502","TABLE","15","GROUP_WIDTH","float","8","53","0","True"
"HnnDW","dbo","Fact_Facing_202502","TABLE","16","GROUP_FACT","float","8","53","0","True"
"HnnDW","dbo","Fact_Facing_202502","TABLE","17","PRICE","money","8","19","4","True"
"HnnDW","dbo","Fact_Facing_202502","TABLE","18","PRICE_TYPE","nvarchar","510","0","0","True"
"HnnDW","dbo","Fact_Facing_202502","TABLE","19","AGENCY_NAME","nvarchar","500","0","0","True"
"HnnDW","dbo","Fact_Facing_202502","TABLE","20","fid","int","4","10","0","True"
"HnnDW","dbo","Fact_Facing_202502","TABLE","21","iid","int","4","10","0","True"
"HnnDW","dbo","Fact_Facing_202502","TABLE","22","PICOS","bit","1","1","0","True"
"HnnDW","dbo","Fact_Facing_202503","TABLE","1","VISIT_ID","nvarchar","500","0","0","True"
"HnnDW","dbo","Fact_Facing_202503","TABLE","2","VISIT_DATE","datetime","8","23","3","True"
"HnnDW","dbo","Fact_Facing_202503","TABLE","3","VISIT_STATUS","nvarchar","500","0","0","True"
"HnnDW","dbo","Fact_Facing_202503","TABLE","4","VISIT_IS_PLANED","int","4","10","0","True"
"HnnDW","dbo","Fact_Facing_202503","TABLE","5","PHOTO_AUDIT_ID","nvarchar","500","0","0","True"
"HnnDW","dbo","Fact_Facing_202503","TABLE","6","PHOTO_AUDIT_COUNTER","int","4","10","0","True"
"HnnDW","dbo","Fact_Facing_202503","TABLE","7","ROUTE_TYPE","nvarchar","500","0","0","True"
"HnnDW","dbo","Fact_Facing_202503","TABLE","8","SCENE_TYPE_ID","nvarchar","500","0","0","True"
"HnnDW","dbo","Fact_Facing_202503","TABLE","9","SCENE_TYPE","nvarchar","500","0","0","True"
"HnnDW","dbo","Fact_Facing_202503","TABLE","10","SHELF_NUMBER","nvarchar","500","0","0","True"
"HnnDW","dbo","Fact_Facing_202503","TABLE","11","EYE_LEVEL","int","4","10","0","True"
"HnnDW","dbo","Fact_Facing_202503","TABLE","12","VISIT_LINK","nvarchar","500","0","0","True"
"HnnDW","dbo","Fact_Facing_202503","TABLE","13","FACING_FACT","float","8","53","0","True"
"HnnDW","dbo","Fact_Facing_202503","TABLE","14","FACING_WIDTH","float","8","53","0","True"
"HnnDW","dbo","Fact_Facing_202503","TABLE","15","GROUP_WIDTH","float","8","53","0","True"
"HnnDW","dbo","Fact_Facing_202503","TABLE","16","GROUP_FACT","float","8","53","0","True"
"HnnDW","dbo","Fact_Facing_202503","TABLE","17","PRICE","money","8","19","4","True"
"HnnDW","dbo","Fact_Facing_202503","TABLE","18","PRICE_TYPE","nvarchar","510","0","0","True"
"HnnDW","dbo","Fact_Facing_202503","TABLE","19","AGENCY_NAME","nvarchar","500","0","0","True"
"HnnDW","dbo","Fact_Facing_202503","TABLE","20","fid","int","4","10","0","True"
"HnnDW","dbo","Fact_Facing_202503","TABLE","21","iid","int","4","10","0","True"
"HnnDW","dbo","Fact_Facing_202503","TABLE","22","PICOS","bit","1","1","0","True"
"HnnDW","dbo","Fact_Facing_202504","TABLE","1","VISIT_ID","nvarchar","500","0","0","True"
"HnnDW","dbo","Fact_Facing_202504","TABLE","2","VISIT_DATE","datetime","8","23","3","True"
"HnnDW","dbo","Fact_Facing_202504","TABLE","3","VISIT_STATUS","nvarchar","500","0","0","True"
"HnnDW","dbo","Fact_Facing_202504","TABLE","4","VISIT_IS_PLANED","int","4","10","0","True"
"HnnDW","dbo","Fact_Facing_202504","TABLE","5","PHOTO_AUDIT_ID","nvarchar","500","0","0","True"
"HnnDW","dbo","Fact_Facing_202504","TABLE","6","PHOTO_AUDIT_COUNTER","int","4","10","0","True"
"HnnDW","dbo","Fact_Facing_202504","TABLE","7","ROUTE_TYPE","nvarchar","500","0","0","True"
"HnnDW","dbo","Fact_Facing_202504","TABLE","8","SCENE_TYPE_ID","nvarchar","500","0","0","True"
"HnnDW","dbo","Fact_Facing_202504","TABLE","9","SCENE_TYPE","nvarchar","500","0","0","True"
"HnnDW","dbo","Fact_Facing_202504","TABLE","10","SHELF_NUMBER","nvarchar","500","0","0","True"
"HnnDW","dbo","Fact_Facing_202504","TABLE","11","EYE_LEVEL","int","4","10","0","True"
"HnnDW","dbo","Fact_Facing_202504","TABLE","12","VISIT_LINK","nvarchar","500","0","0","True"
"HnnDW","dbo","Fact_Facing_202504","TABLE","13","FACING_FACT","float","8","53","0","True"
"HnnDW","dbo","Fact_Facing_202504","TABLE","14","FACING_WIDTH","float","8","53","0","True"
"HnnDW","dbo","Fact_Facing_202504","TABLE","15","GROUP_WIDTH","float","8","53","0","True"
"HnnDW","dbo","Fact_Facing_202504","TABLE","16","GROUP_FACT","float","8","53","0","True"
"HnnDW","dbo","Fact_Facing_202504","TABLE","17","PRICE","money","8","19","4","True"
"HnnDW","dbo","Fact_Facing_202504","TABLE","18","PRICE_TYPE","nvarchar","510","0","0","True"
"HnnDW","dbo","Fact_Facing_202504","TABLE","19","AGENCY_NAME","nvarchar","500","0","0","True"
"HnnDW","dbo","Fact_Facing_202504","TABLE","20","fid","int","4","10","0","True"
"HnnDW","dbo","Fact_Facing_202504","TABLE","21","iid","int","4","10","0","True"
"HnnDW","dbo","Fact_Facing_202504","TABLE","22","PICOS","bit","1","1","0","True"
"HnnDW","dbo","Fact_Facing_202505","TABLE","1","VISIT_ID","nvarchar","500","0","0","True"
"HnnDW","dbo","Fact_Facing_202505","TABLE","2","VISIT_DATE","datetime","8","23","3","True"
"HnnDW","dbo","Fact_Facing_202505","TABLE","3","VISIT_STATUS","nvarchar","500","0","0","True"
"HnnDW","dbo","Fact_Facing_202505","TABLE","4","VISIT_IS_PLANED","int","4","10","0","True"
"HnnDW","dbo","Fact_Facing_202505","TABLE","5","PHOTO_AUDIT_ID","nvarchar","500","0","0","True"
"HnnDW","dbo","Fact_Facing_202505","TABLE","6","PHOTO_AUDIT_COUNTER","int","4","10","0","True"
"HnnDW","dbo","Fact_Facing_202505","TABLE","7","ROUTE_TYPE","nvarchar","500","0","0","True"
"HnnDW","dbo","Fact_Facing_202505","TABLE","8","SCENE_TYPE_ID","nvarchar","500","0","0","True"
"HnnDW","dbo","Fact_Facing_202505","TABLE","9","SCENE_TYPE","nvarchar","500","0","0","True"
"HnnDW","dbo","Fact_Facing_202505","TABLE","10","SHELF_NUMBER","nvarchar","500","0","0","True"
"HnnDW","dbo","Fact_Facing_202505","TABLE","11","EYE_LEVEL","int","4","10","0","True"
"HnnDW","dbo","Fact_Facing_202505","TABLE","12","VISIT_LINK","nvarchar","500","0","0","True"
"HnnDW","dbo","Fact_Facing_202505","TABLE","13","FACING_FACT","float","8","53","0","True"
"HnnDW","dbo","Fact_Facing_202505","TABLE","14","FACING_WIDTH","float","8","53","0","True"
"HnnDW","dbo","Fact_Facing_202505","TABLE","15","GROUP_WIDTH","float","8","53","0","True"
"HnnDW","dbo","Fact_Facing_202505","TABLE","16","GROUP_FACT","float","8","53","0","True"
"HnnDW","dbo","Fact_Facing_202505","TABLE","17","PRICE","money","8","19","4","True"
"HnnDW","dbo","Fact_Facing_202505","TABLE","18","PRICE_TYPE","nvarchar","510","0","0","True"
"HnnDW","dbo","Fact_Facing_202505","TABLE","19","AGENCY_NAME","nvarchar","500","0","0","True"
"HnnDW","dbo","Fact_Facing_202505","TABLE","20","fid","int","4","10","0","True"
"HnnDW","dbo","Fact_Facing_202505","TABLE","21","iid","int","4","10","0","True"
"HnnDW","dbo","Fact_Facing_202505","TABLE","22","PICOS","bit","1","1","0","True"
"HnnDW","dbo","Fact_Facing_202506","TABLE","1","VISIT_ID","nvarchar","500","0","0","True"
"HnnDW","dbo","Fact_Facing_202506","TABLE","2","VISIT_DATE","datetime","8","23","3","True"
"HnnDW","dbo","Fact_Facing_202506","TABLE","3","VISIT_STATUS","nvarchar","500","0","0","True"
"HnnDW","dbo","Fact_Facing_202506","TABLE","4","VISIT_IS_PLANED","int","4","10","0","True"
"HnnDW","dbo","Fact_Facing_202506","TABLE","5","PHOTO_AUDIT_ID","nvarchar","500","0","0","True"
"HnnDW","dbo","Fact_Facing_202506","TABLE","6","PHOTO_AUDIT_COUNTER","int","4","10","0","True"
"HnnDW","dbo","Fact_Facing_202506","TABLE","7","ROUTE_TYPE","nvarchar","500","0","0","True"
"HnnDW","dbo","Fact_Facing_202506","TABLE","8","SCENE_TYPE_ID","nvarchar","500","0","0","True"
"HnnDW","dbo","Fact_Facing_202506","TABLE","9","SCENE_TYPE","nvarchar","500","0","0","True"
"HnnDW","dbo","Fact_Facing_202506","TABLE","10","SHELF_NUMBER","nvarchar","500","0","0","True"
"HnnDW","dbo","Fact_Facing_202506","TABLE","11","EYE_LEVEL","int","4","10","0","True"
"HnnDW","dbo","Fact_Facing_202506","TABLE","12","VISIT_LINK","nvarchar","500","0","0","True"
"HnnDW","dbo","Fact_Facing_202506","TABLE","13","FACING_FACT","float","8","53","0","True"
"HnnDW","dbo","Fact_Facing_202506","TABLE","14","FACING_WIDTH","float","8","53","0","True"
"HnnDW","dbo","Fact_Facing_202506","TABLE","15","GROUP_WIDTH","float","8","53","0","True"
"HnnDW","dbo","Fact_Facing_202506","TABLE","16","GROUP_FACT","float","8","53","0","True"
"HnnDW","dbo","Fact_Facing_202506","TABLE","17","PRICE","money","8","19","4","True"
"HnnDW","dbo","Fact_Facing_202506","TABLE","18","PRICE_TYPE","nvarchar","510","0","0","True"
"HnnDW","dbo","Fact_Facing_202506","TABLE","19","AGENCY_NAME","nvarchar","500","0","0","True"
"HnnDW","dbo","Fact_Facing_202506","TABLE","20","fid","int","4","10","0","True"
"HnnDW","dbo","Fact_Facing_202506","TABLE","21","iid","int","4","10","0","True"
"HnnDW","dbo","Fact_Facing_202506","TABLE","22","PICOS","bit","1","1","0","True"
"HnnDW","dbo","Fact_Facing_202507","TABLE","1","VISIT_ID","nvarchar","500","0","0","True"
"HnnDW","dbo","Fact_Facing_202507","TABLE","2","VISIT_DATE","datetime","8","23","3","True"
"HnnDW","dbo","Fact_Facing_202507","TABLE","3","VISIT_STATUS","nvarchar","500","0","0","True"
"HnnDW","dbo","Fact_Facing_202507","TABLE","4","VISIT_IS_PLANED","int","4","10","0","True"
"HnnDW","dbo","Fact_Facing_202507","TABLE","5","PHOTO_AUDIT_ID","nvarchar","500","0","0","True"
"HnnDW","dbo","Fact_Facing_202507","TABLE","6","PHOTO_AUDIT_COUNTER","int","4","10","0","True"
"HnnDW","dbo","Fact_Facing_202507","TABLE","7","ROUTE_TYPE","nvarchar","500","0","0","True"
"HnnDW","dbo","Fact_Facing_202507","TABLE","8","SCENE_TYPE_ID","nvarchar","500","0","0","True"
"HnnDW","dbo","Fact_Facing_202507","TABLE","9","SCENE_TYPE","nvarchar","500","0","0","True"
"HnnDW","dbo","Fact_Facing_202507","TABLE","10","SHELF_NUMBER","nvarchar","500","0","0","True"
"HnnDW","dbo","Fact_Facing_202507","TABLE","11","EYE_LEVEL","int","4","10","0","True"
"HnnDW","dbo","Fact_Facing_202507","TABLE","12","VISIT_LINK","nvarchar","500","0","0","True"
"HnnDW","dbo","Fact_Facing_202507","TABLE","13","FACING_FACT","float","8","53","0","True"
"HnnDW","dbo","Fact_Facing_202507","TABLE","14","FACING_WIDTH","float","8","53","0","True"
"HnnDW","dbo","Fact_Facing_202507","TABLE","15","GROUP_WIDTH","float","8","53","0","True"
"HnnDW","dbo","Fact_Facing_202507","TABLE","16","GROUP_FACT","float","8","53","0","True"
"HnnDW","dbo","Fact_Facing_202507","TABLE","17","PRICE","money","8","19","4","True"
"HnnDW","dbo","Fact_Facing_202507","TABLE","18","PRICE_TYPE","nvarchar","510","0","0","True"
"HnnDW","dbo","Fact_Facing_202507","TABLE","19","AGENCY_NAME","nvarchar","500","0","0","True"
"HnnDW","dbo","Fact_Facing_202507","TABLE","20","fid","int","4","10","0","True"
"HnnDW","dbo","Fact_Facing_202507","TABLE","21","iid","int","4","10","0","True"
"HnnDW","dbo","Fact_Facing_202507","TABLE","22","PICOS","bit","1","1","0","True"
"HnnDW","dbo","Fact_Facing_202508","TABLE","1","VISIT_ID","nvarchar","500","0","0","True"
"HnnDW","dbo","Fact_Facing_202508","TABLE","2","VISIT_DATE","datetime","8","23","3","True"
"HnnDW","dbo","Fact_Facing_202508","TABLE","3","VISIT_STATUS","nvarchar","500","0","0","True"
"HnnDW","dbo","Fact_Facing_202508","TABLE","4","VISIT_IS_PLANED","int","4","10","0","True"
"HnnDW","dbo","Fact_Facing_202508","TABLE","5","PHOTO_AUDIT_ID","nvarchar","500","0","0","True"
"HnnDW","dbo","Fact_Facing_202508","TABLE","6","PHOTO_AUDIT_COUNTER","int","4","10","0","True"
"HnnDW","dbo","Fact_Facing_202508","TABLE","7","ROUTE_TYPE","nvarchar","500","0","0","True"
"HnnDW","dbo","Fact_Facing_202508","TABLE","8","SCENE_TYPE_ID","nvarchar","500","0","0","True"
"HnnDW","dbo","Fact_Facing_202508","TABLE","9","SCENE_TYPE","nvarchar","500","0","0","True"
"HnnDW","dbo","Fact_Facing_202508","TABLE","10","SHELF_NUMBER","nvarchar","500","0","0","True"
"HnnDW","dbo","Fact_Facing_202508","TABLE","11","EYE_LEVEL","int","4","10","0","True"
"HnnDW","dbo","Fact_Facing_202508","TABLE","12","VISIT_LINK","nvarchar","500","0","0","True"
"HnnDW","dbo","Fact_Facing_202508","TABLE","13","FACING_FACT","float","8","53","0","True"
"HnnDW","dbo","Fact_Facing_202508","TABLE","14","FACING_WIDTH","float","8","53","0","True"
"HnnDW","dbo","Fact_Facing_202508","TABLE","15","GROUP_WIDTH","float","8","53","0","True"
"HnnDW","dbo","Fact_Facing_202508","TABLE","16","GROUP_FACT","float","8","53","0","True"
"HnnDW","dbo","Fact_Facing_202508","TABLE","17","PRICE","money","8","19","4","True"
"HnnDW","dbo","Fact_Facing_202508","TABLE","18","PRICE_TYPE","nvarchar","510","0","0","True"
"HnnDW","dbo","Fact_Facing_202508","TABLE","19","AGENCY_NAME","nvarchar","500","0","0","True"
"HnnDW","dbo","Fact_Facing_202508","TABLE","20","fid","int","4","10","0","True"
"HnnDW","dbo","Fact_Facing_202508","TABLE","21","iid","int","4","10","0","True"
"HnnDW","dbo","Fact_Facing_202508","TABLE","22","PICOS","bit","1","1","0","True"
"HnnDW","dbo","Fact_Facing_202509","TABLE","1","VISIT_ID","nvarchar","500","0","0","True"
"HnnDW","dbo","Fact_Facing_202509","TABLE","2","VISIT_DATE","datetime","8","23","3","True"
"HnnDW","dbo","Fact_Facing_202509","TABLE","3","VISIT_STATUS","nvarchar","500","0","0","True"
"HnnDW","dbo","Fact_Facing_202509","TABLE","4","VISIT_IS_PLANED","int","4","10","0","True"
"HnnDW","dbo","Fact_Facing_202509","TABLE","5","PHOTO_AUDIT_ID","nvarchar","500","0","0","True"
"HnnDW","dbo","Fact_Facing_202509","TABLE","6","PHOTO_AUDIT_COUNTER","int","4","10","0","True"
"HnnDW","dbo","Fact_Facing_202509","TABLE","7","ROUTE_TYPE","nvarchar","500","0","0","True"
"HnnDW","dbo","Fact_Facing_202509","TABLE","8","SCENE_TYPE_ID","nvarchar","500","0","0","True"
"HnnDW","dbo","Fact_Facing_202509","TABLE","9","SCENE_TYPE","nvarchar","500","0","0","True"
"HnnDW","dbo","Fact_Facing_202509","TABLE","10","SHELF_NUMBER","nvarchar","500","0","0","True"
"HnnDW","dbo","Fact_Facing_202509","TABLE","11","EYE_LEVEL","int","4","10","0","True"
"HnnDW","dbo","Fact_Facing_202509","TABLE","12","VISIT_LINK","nvarchar","500","0","0","True"
"HnnDW","dbo","Fact_Facing_202509","TABLE","13","FACING_FACT","float","8","53","0","True"
"HnnDW","dbo","Fact_Facing_202509","TABLE","14","FACING_WIDTH","float","8","53","0","True"
"HnnDW","dbo","Fact_Facing_202509","TABLE","15","GROUP_WIDTH","float","8","53","0","True"
"HnnDW","dbo","Fact_Facing_202509","TABLE","16","GROUP_FACT","float","8","53","0","True"
"HnnDW","dbo","Fact_Facing_202509","TABLE","17","PRICE","money","8","19","4","True"
"HnnDW","dbo","Fact_Facing_202509","TABLE","18","PRICE_TYPE","nvarchar","510","0","0","True"
"HnnDW","dbo","Fact_Facing_202509","TABLE","19","AGENCY_NAME","nvarchar","500","0","0","True"
"HnnDW","dbo","Fact_Facing_202509","TABLE","20","fid","int","4","10","0","True"
"HnnDW","dbo","Fact_Facing_202509","TABLE","21","iid","int","4","10","0","True"
"HnnDW","dbo","Fact_Facing_202509","TABLE","22","PICOS","bit","1","1","0","True"
"HnnDW","dbo","Fact_Facing_202510","TABLE","1","VISIT_ID","nvarchar","500","0","0","True"
"HnnDW","dbo","Fact_Facing_202510","TABLE","2","VISIT_DATE","datetime","8","23","3","True"
"HnnDW","dbo","Fact_Facing_202510","TABLE","3","VISIT_STATUS","nvarchar","500","0","0","True"
"HnnDW","dbo","Fact_Facing_202510","TABLE","4","VISIT_IS_PLANED","int","4","10","0","True"
"HnnDW","dbo","Fact_Facing_202510","TABLE","5","PHOTO_AUDIT_ID","nvarchar","500","0","0","True"
"HnnDW","dbo","Fact_Facing_202510","TABLE","6","PHOTO_AUDIT_COUNTER","int","4","10","0","True"
"HnnDW","dbo","Fact_Facing_202510","TABLE","7","ROUTE_TYPE","nvarchar","500","0","0","True"
"HnnDW","dbo","Fact_Facing_202510","TABLE","8","SCENE_TYPE_ID","nvarchar","500","0","0","True"
"HnnDW","dbo","Fact_Facing_202510","TABLE","9","SCENE_TYPE","nvarchar","500","0","0","True"
"HnnDW","dbo","Fact_Facing_202510","TABLE","10","SHELF_NUMBER","nvarchar","500","0","0","True"
"HnnDW","dbo","Fact_Facing_202510","TABLE","11","EYE_LEVEL","int","4","10","0","True"
"HnnDW","dbo","Fact_Facing_202510","TABLE","12","VISIT_LINK","nvarchar","500","0","0","True"
"HnnDW","dbo","Fact_Facing_202510","TABLE","13","FACING_FACT","float","8","53","0","True"
"HnnDW","dbo","Fact_Facing_202510","TABLE","14","FACING_WIDTH","float","8","53","0","True"
"HnnDW","dbo","Fact_Facing_202510","TABLE","15","GROUP_WIDTH","float","8","53","0","True"
"HnnDW","dbo","Fact_Facing_202510","TABLE","16","GROUP_FACT","float","8","53","0","True"
"HnnDW","dbo","Fact_Facing_202510","TABLE","17","PRICE","money","8","19","4","True"
"HnnDW","dbo","Fact_Facing_202510","TABLE","18","PRICE_TYPE","nvarchar","510","0","0","True"
"HnnDW","dbo","Fact_Facing_202510","TABLE","19","AGENCY_NAME","nvarchar","500","0","0","True"
"HnnDW","dbo","Fact_Facing_202510","TABLE","20","fid","int","4","10","0","True"
"HnnDW","dbo","Fact_Facing_202510","TABLE","21","iid","int","4","10","0","True"
"HnnDW","dbo","Fact_Facing_202510","TABLE","22","PICOS","bit","1","1","0","True"
"HnnDW","dbo","Fact_Facing_202511","TABLE","1","VISIT_ID","nvarchar","500","0","0","True"
"HnnDW","dbo","Fact_Facing_202511","TABLE","2","VISIT_DATE","datetime","8","23","3","True"
"HnnDW","dbo","Fact_Facing_202511","TABLE","3","VISIT_STATUS","nvarchar","500","0","0","True"
"HnnDW","dbo","Fact_Facing_202511","TABLE","4","VISIT_IS_PLANED","int","4","10","0","True"
"HnnDW","dbo","Fact_Facing_202511","TABLE","5","PHOTO_AUDIT_ID","nvarchar","500","0","0","True"
"HnnDW","dbo","Fact_Facing_202511","TABLE","6","PHOTO_AUDIT_COUNTER","int","4","10","0","True"
"HnnDW","dbo","Fact_Facing_202511","TABLE","7","ROUTE_TYPE","nvarchar","500","0","0","True"
"HnnDW","dbo","Fact_Facing_202511","TABLE","8","SCENE_TYPE_ID","nvarchar","500","0","0","True"
"HnnDW","dbo","Fact_Facing_202511","TABLE","9","SCENE_TYPE","nvarchar","500","0","0","True"
"HnnDW","dbo","Fact_Facing_202511","TABLE","10","SHELF_NUMBER","nvarchar","500","0","0","True"
"HnnDW","dbo","Fact_Facing_202511","TABLE","11","EYE_LEVEL","int","4","10","0","True"
"HnnDW","dbo","Fact_Facing_202511","TABLE","12","VISIT_LINK","nvarchar","500","0","0","True"
"HnnDW","dbo","Fact_Facing_202511","TABLE","13","FACING_FACT","float","8","53","0","True"
"HnnDW","dbo","Fact_Facing_202511","TABLE","14","FACING_WIDTH","float","8","53","0","True"
"HnnDW","dbo","Fact_Facing_202511","TABLE","15","GROUP_WIDTH","float","8","53","0","True"
"HnnDW","dbo","Fact_Facing_202511","TABLE","16","GROUP_FACT","float","8","53","0","True"
"HnnDW","dbo","Fact_Facing_202511","TABLE","17","PRICE","money","8","19","4","True"
"HnnDW","dbo","Fact_Facing_202511","TABLE","18","PRICE_TYPE","nvarchar","510","0","0","True"
"HnnDW","dbo","Fact_Facing_202511","TABLE","19","AGENCY_NAME","nvarchar","500","0","0","True"
"HnnDW","dbo","Fact_Facing_202511","TABLE","20","fid","int","4","10","0","True"
"HnnDW","dbo","Fact_Facing_202511","TABLE","21","iid","int","4","10","0","True"
"HnnDW","dbo","Fact_Facing_202511","TABLE","22","PICOS","bit","1","1","0","True"
"HnnDW","dbo","Fact_Facing_202512","TABLE","1","VISIT_ID","nvarchar","500","0","0","True"
"HnnDW","dbo","Fact_Facing_202512","TABLE","2","VISIT_DATE","datetime","8","23","3","True"
"HnnDW","dbo","Fact_Facing_202512","TABLE","3","VISIT_STATUS","nvarchar","500","0","0","True"
"HnnDW","dbo","Fact_Facing_202512","TABLE","4","VISIT_IS_PLANED","int","4","10","0","True"
"HnnDW","dbo","Fact_Facing_202512","TABLE","5","PHOTO_AUDIT_ID","nvarchar","500","0","0","True"
"HnnDW","dbo","Fact_Facing_202512","TABLE","6","PHOTO_AUDIT_COUNTER","int","4","10","0","True"
"HnnDW","dbo","Fact_Facing_202512","TABLE","7","ROUTE_TYPE","nvarchar","500","0","0","True"
"HnnDW","dbo","Fact_Facing_202512","TABLE","8","SCENE_TYPE_ID","nvarchar","500","0","0","True"
"HnnDW","dbo","Fact_Facing_202512","TABLE","9","SCENE_TYPE","nvarchar","500","0","0","True"
"HnnDW","dbo","Fact_Facing_202512","TABLE","10","SHELF_NUMBER","nvarchar","500","0","0","True"
"HnnDW","dbo","Fact_Facing_202512","TABLE","11","EYE_LEVEL","int","4","10","0","True"
"HnnDW","dbo","Fact_Facing_202512","TABLE","12","VISIT_LINK","nvarchar","500","0","0","True"
"HnnDW","dbo","Fact_Facing_202512","TABLE","13","FACING_FACT","float","8","53","0","True"
"HnnDW","dbo","Fact_Facing_202512","TABLE","14","FACING_WIDTH","float","8","53","0","True"
"HnnDW","dbo","Fact_Facing_202512","TABLE","15","GROUP_WIDTH","float","8","53","0","True"
"HnnDW","dbo","Fact_Facing_202512","TABLE","16","GROUP_FACT","float","8","53","0","True"
"HnnDW","dbo","Fact_Facing_202512","TABLE","17","PRICE","money","8","19","4","True"
"HnnDW","dbo","Fact_Facing_202512","TABLE","18","PRICE_TYPE","nvarchar","510","0","0","True"
"HnnDW","dbo","Fact_Facing_202512","TABLE","19","AGENCY_NAME","nvarchar","500","0","0","True"
"HnnDW","dbo","Fact_Facing_202512","TABLE","20","fid","int","4","10","0","True"
"HnnDW","dbo","Fact_Facing_202512","TABLE","21","iid","int","4","10","0","True"
"HnnDW","dbo","Fact_Facing_202512","TABLE","22","PICOS","bit","1","1","0","True"
"HnnDW","dbo","Fact_Facing_202601","TABLE","1","VISIT_ID","nvarchar","500","0","0","True"
"HnnDW","dbo","Fact_Facing_202601","TABLE","2","VISIT_DATE","datetime","8","23","3","True"
"HnnDW","dbo","Fact_Facing_202601","TABLE","3","VISIT_STATUS","nvarchar","500","0","0","True"
"HnnDW","dbo","Fact_Facing_202601","TABLE","4","VISIT_IS_PLANED","int","4","10","0","True"
"HnnDW","dbo","Fact_Facing_202601","TABLE","5","PHOTO_AUDIT_ID","nvarchar","500","0","0","True"
"HnnDW","dbo","Fact_Facing_202601","TABLE","6","PHOTO_AUDIT_COUNTER","int","4","10","0","True"
"HnnDW","dbo","Fact_Facing_202601","TABLE","7","ROUTE_TYPE","nvarchar","500","0","0","True"
"HnnDW","dbo","Fact_Facing_202601","TABLE","8","SCENE_TYPE_ID","nvarchar","500","0","0","True"
"HnnDW","dbo","Fact_Facing_202601","TABLE","9","SCENE_TYPE","nvarchar","500","0","0","True"
"HnnDW","dbo","Fact_Facing_202601","TABLE","10","SHELF_NUMBER","nvarchar","500","0","0","True"
"HnnDW","dbo","Fact_Facing_202601","TABLE","11","EYE_LEVEL","int","4","10","0","True"
"HnnDW","dbo","Fact_Facing_202601","TABLE","12","VISIT_LINK","nvarchar","500","0","0","True"
"HnnDW","dbo","Fact_Facing_202601","TABLE","13","FACING_FACT","float","8","53","0","True"
"HnnDW","dbo","Fact_Facing_202601","TABLE","14","FACING_WIDTH","float","8","53","0","True"
"HnnDW","dbo","Fact_Facing_202601","TABLE","15","GROUP_WIDTH","float","8","53","0","True"
"HnnDW","dbo","Fact_Facing_202601","TABLE","16","GROUP_FACT","float","8","53","0","True"
"HnnDW","dbo","Fact_Facing_202601","TABLE","17","PRICE","money","8","19","4","True"
"HnnDW","dbo","Fact_Facing_202601","TABLE","18","PRICE_TYPE","nvarchar","510","0","0","True"
"HnnDW","dbo","Fact_Facing_202601","TABLE","19","AGENCY_NAME","nvarchar","500","0","0","True"
"HnnDW","dbo","Fact_Facing_202601","TABLE","20","fid","int","4","10","0","True"
"HnnDW","dbo","Fact_Facing_202601","TABLE","21","iid","int","4","10","0","True"
"HnnDW","dbo","Fact_Facing_202601","TABLE","22","PICOS","bit","1","1","0","True"
"HnnDW","dbo","Fact_Facing_202602","TABLE","1","VISIT_ID","nvarchar","500","0","0","True"
"HnnDW","dbo","Fact_Facing_202602","TABLE","2","VISIT_DATE","datetime","8","23","3","True"
"HnnDW","dbo","Fact_Facing_202602","TABLE","3","VISIT_STATUS","nvarchar","500","0","0","True"
"HnnDW","dbo","Fact_Facing_202602","TABLE","4","VISIT_IS_PLANED","int","4","10","0","True"
"HnnDW","dbo","Fact_Facing_202602","TABLE","5","PHOTO_AUDIT_ID","nvarchar","500","0","0","True"
"HnnDW","dbo","Fact_Facing_202602","TABLE","6","PHOTO_AUDIT_COUNTER","int","4","10","0","True"
"HnnDW","dbo","Fact_Facing_202602","TABLE","7","ROUTE_TYPE","nvarchar","500","0","0","True"
"HnnDW","dbo","Fact_Facing_202602","TABLE","8","SCENE_TYPE_ID","nvarchar","500","0","0","True"
"HnnDW","dbo","Fact_Facing_202602","TABLE","9","SCENE_TYPE","nvarchar","500","0","0","True"
"HnnDW","dbo","Fact_Facing_202602","TABLE","10","SHELF_NUMBER","nvarchar","500","0","0","True"
"HnnDW","dbo","Fact_Facing_202602","TABLE","11","EYE_LEVEL","int","4","10","0","True"
"HnnDW","dbo","Fact_Facing_202602","TABLE","12","VISIT_LINK","nvarchar","500","0","0","True"
"HnnDW","dbo","Fact_Facing_202602","TABLE","13","FACING_FACT","float","8","53","0","True"
"HnnDW","dbo","Fact_Facing_202602","TABLE","14","FACING_WIDTH","float","8","53","0","True"
"HnnDW","dbo","Fact_Facing_202602","TABLE","15","GROUP_WIDTH","float","8","53","0","True"
"HnnDW","dbo","Fact_Facing_202602","TABLE","16","GROUP_FACT","float","8","53","0","True"
"HnnDW","dbo","Fact_Facing_202602","TABLE","17","PRICE","money","8","19","4","True"
"HnnDW","dbo","Fact_Facing_202602","TABLE","18","PRICE_TYPE","nvarchar","510","0","0","True"
"HnnDW","dbo","Fact_Facing_202602","TABLE","19","AGENCY_NAME","nvarchar","500","0","0","True"
"HnnDW","dbo","Fact_Facing_202602","TABLE","20","fid","int","4","10","0","True"
"HnnDW","dbo","Fact_Facing_202602","TABLE","21","iid","int","4","10","0","True"
"HnnDW","dbo","Fact_Facing_202602","TABLE","22","PICOS","bit","1","1","0","True"
"HnnDW","dbo","Fact_Facing_202603","TABLE","1","VISIT_ID","nvarchar","500","0","0","True"
"HnnDW","dbo","Fact_Facing_202603","TABLE","2","VISIT_DATE","datetime","8","23","3","True"
"HnnDW","dbo","Fact_Facing_202603","TABLE","3","VISIT_STATUS","nvarchar","500","0","0","True"
"HnnDW","dbo","Fact_Facing_202603","TABLE","4","VISIT_IS_PLANED","int","4","10","0","True"
"HnnDW","dbo","Fact_Facing_202603","TABLE","5","PHOTO_AUDIT_ID","nvarchar","500","0","0","True"
"HnnDW","dbo","Fact_Facing_202603","TABLE","6","PHOTO_AUDIT_COUNTER","int","4","10","0","True"
"HnnDW","dbo","Fact_Facing_202603","TABLE","7","ROUTE_TYPE","nvarchar","500","0","0","True"
"HnnDW","dbo","Fact_Facing_202603","TABLE","8","SCENE_TYPE_ID","nvarchar","500","0","0","True"
"HnnDW","dbo","Fact_Facing_202603","TABLE","9","SCENE_TYPE","nvarchar","500","0","0","True"
"HnnDW","dbo","Fact_Facing_202603","TABLE","10","SHELF_NUMBER","nvarchar","500","0","0","True"
"HnnDW","dbo","Fact_Facing_202603","TABLE","11","EYE_LEVEL","int","4","10","0","True"
"HnnDW","dbo","Fact_Facing_202603","TABLE","12","VISIT_LINK","nvarchar","500","0","0","True"
"HnnDW","dbo","Fact_Facing_202603","TABLE","13","FACING_FACT","float","8","53","0","True"
"HnnDW","dbo","Fact_Facing_202603","TABLE","14","FACING_WIDTH","float","8","53","0","True"
"HnnDW","dbo","Fact_Facing_202603","TABLE","15","GROUP_WIDTH","float","8","53","0","True"
"HnnDW","dbo","Fact_Facing_202603","TABLE","16","GROUP_FACT","float","8","53","0","True"
"HnnDW","dbo","Fact_Facing_202603","TABLE","17","PRICE","money","8","19","4","True"
"HnnDW","dbo","Fact_Facing_202603","TABLE","18","PRICE_TYPE","nvarchar","510","0","0","True"
"HnnDW","dbo","Fact_Facing_202603","TABLE","19","AGENCY_NAME","nvarchar","500","0","0","True"
"HnnDW","dbo","Fact_Facing_202603","TABLE","20","fid","int","4","10","0","True"
"HnnDW","dbo","Fact_Facing_202603","TABLE","21","iid","int","4","10","0","True"
"HnnDW","dbo","Fact_Facing_202603","TABLE","22","PICOS","bit","1","1","0","True"
"HnnDW","dbo","Fact_Facing_202604","TABLE","1","VISIT_ID","nvarchar","500","0","0","True"
"HnnDW","dbo","Fact_Facing_202604","TABLE","2","VISIT_DATE","datetime","8","23","3","True"
"HnnDW","dbo","Fact_Facing_202604","TABLE","3","VISIT_STATUS","nvarchar","500","0","0","True"
"HnnDW","dbo","Fact_Facing_202604","TABLE","4","VISIT_IS_PLANED","int","4","10","0","True"
"HnnDW","dbo","Fact_Facing_202604","TABLE","5","PHOTO_AUDIT_ID","nvarchar","500","0","0","True"
"HnnDW","dbo","Fact_Facing_202604","TABLE","6","PHOTO_AUDIT_COUNTER","int","4","10","0","True"
"HnnDW","dbo","Fact_Facing_202604","TABLE","7","ROUTE_TYPE","nvarchar","500","0","0","True"
"HnnDW","dbo","Fact_Facing_202604","TABLE","8","SCENE_TYPE_ID","nvarchar","500","0","0","True"
"HnnDW","dbo","Fact_Facing_202604","TABLE","9","SCENE_TYPE","nvarchar","500","0","0","True"
"HnnDW","dbo","Fact_Facing_202604","TABLE","10","SHELF_NUMBER","nvarchar","500","0","0","True"
"HnnDW","dbo","Fact_Facing_202604","TABLE","11","EYE_LEVEL","int","4","10","0","True"
"HnnDW","dbo","Fact_Facing_202604","TABLE","12","VISIT_LINK","nvarchar","500","0","0","True"
"HnnDW","dbo","Fact_Facing_202604","TABLE","13","FACING_FACT","float","8","53","0","True"
"HnnDW","dbo","Fact_Facing_202604","TABLE","14","FACING_WIDTH","float","8","53","0","True"
"HnnDW","dbo","Fact_Facing_202604","TABLE","15","GROUP_WIDTH","float","8","53","0","True"
"HnnDW","dbo","Fact_Facing_202604","TABLE","16","GROUP_FACT","float","8","53","0","True"
"HnnDW","dbo","Fact_Facing_202604","TABLE","17","PRICE","money","8","19","4","True"
"HnnDW","dbo","Fact_Facing_202604","TABLE","18","PRICE_TYPE","nvarchar","510","0","0","True"
"HnnDW","dbo","Fact_Facing_202604","TABLE","19","AGENCY_NAME","nvarchar","500","0","0","True"
"HnnDW","dbo","Fact_Facing_202604","TABLE","20","fid","int","4","10","0","True"
"HnnDW","dbo","Fact_Facing_202604","TABLE","21","iid","int","4","10","0","True"
"HnnDW","dbo","Fact_Facing_202604","TABLE","22","PICOS","bit","1","1","0","True"
"HnnDW","dbo","Fact_Facing_202605","TABLE","1","VISIT_ID","nvarchar","500","0","0","True"
"HnnDW","dbo","Fact_Facing_202605","TABLE","2","VISIT_DATE","datetime","8","23","3","True"
"HnnDW","dbo","Fact_Facing_202605","TABLE","3","VISIT_STATUS","nvarchar","500","0","0","True"
"HnnDW","dbo","Fact_Facing_202605","TABLE","4","VISIT_IS_PLANED","int","4","10","0","True"
"HnnDW","dbo","Fact_Facing_202605","TABLE","5","PHOTO_AUDIT_ID","nvarchar","500","0","0","True"
"HnnDW","dbo","Fact_Facing_202605","TABLE","6","PHOTO_AUDIT_COUNTER","int","4","10","0","True"
"HnnDW","dbo","Fact_Facing_202605","TABLE","7","ROUTE_TYPE","nvarchar","500","0","0","True"
"HnnDW","dbo","Fact_Facing_202605","TABLE","8","SCENE_TYPE_ID","nvarchar","500","0","0","True"
"HnnDW","dbo","Fact_Facing_202605","TABLE","9","SCENE_TYPE","nvarchar","500","0","0","True"
"HnnDW","dbo","Fact_Facing_202605","TABLE","10","SHELF_NUMBER","nvarchar","500","0","0","True"
"HnnDW","dbo","Fact_Facing_202605","TABLE","11","EYE_LEVEL","int","4","10","0","True"
"HnnDW","dbo","Fact_Facing_202605","TABLE","12","VISIT_LINK","nvarchar","500","0","0","True"
"HnnDW","dbo","Fact_Facing_202605","TABLE","13","FACING_FACT","float","8","53","0","True"
"HnnDW","dbo","Fact_Facing_202605","TABLE","14","FACING_WIDTH","float","8","53","0","True"
"HnnDW","dbo","Fact_Facing_202605","TABLE","15","GROUP_WIDTH","float","8","53","0","True"
"HnnDW","dbo","Fact_Facing_202605","TABLE","16","GROUP_FACT","float","8","53","0","True"
"HnnDW","dbo","Fact_Facing_202605","TABLE","17","PRICE","money","8","19","4","True"
"HnnDW","dbo","Fact_Facing_202605","TABLE","18","PRICE_TYPE","nvarchar","510","0","0","True"
"HnnDW","dbo","Fact_Facing_202605","TABLE","19","AGENCY_NAME","nvarchar","500","0","0","True"
"HnnDW","dbo","Fact_Facing_202605","TABLE","20","fid","int","4","10","0","True"
"HnnDW","dbo","Fact_Facing_202605","TABLE","21","iid","int","4","10","0","True"
"HnnDW","dbo","Fact_Facing_202605","TABLE","22","PICOS","bit","1","1","0","True"
"HnnDW","dbo","Fact_Facing_202606","TABLE","1","VISIT_ID","nvarchar","500","0","0","True"
"HnnDW","dbo","Fact_Facing_202606","TABLE","2","VISIT_DATE","datetime","8","23","3","True"
"HnnDW","dbo","Fact_Facing_202606","TABLE","3","VISIT_STATUS","nvarchar","500","0","0","True"
"HnnDW","dbo","Fact_Facing_202606","TABLE","4","VISIT_IS_PLANED","int","4","10","0","True"
"HnnDW","dbo","Fact_Facing_202606","TABLE","5","PHOTO_AUDIT_ID","nvarchar","500","0","0","True"
"HnnDW","dbo","Fact_Facing_202606","TABLE","6","PHOTO_AUDIT_COUNTER","int","4","10","0","True"
"HnnDW","dbo","Fact_Facing_202606","TABLE","7","ROUTE_TYPE","nvarchar","500","0","0","True"
"HnnDW","dbo","Fact_Facing_202606","TABLE","8","SCENE_TYPE_ID","nvarchar","500","0","0","True"
"HnnDW","dbo","Fact_Facing_202606","TABLE","9","SCENE_TYPE","nvarchar","500","0","0","True"
"HnnDW","dbo","Fact_Facing_202606","TABLE","10","SHELF_NUMBER","nvarchar","500","0","0","True"
"HnnDW","dbo","Fact_Facing_202606","TABLE","11","EYE_LEVEL","int","4","10","0","True"
"HnnDW","dbo","Fact_Facing_202606","TABLE","12","VISIT_LINK","nvarchar","500","0","0","True"
"HnnDW","dbo","Fact_Facing_202606","TABLE","13","FACING_FACT","float","8","53","0","True"
"HnnDW","dbo","Fact_Facing_202606","TABLE","14","FACING_WIDTH","float","8","53","0","True"
"HnnDW","dbo","Fact_Facing_202606","TABLE","15","GROUP_WIDTH","float","8","53","0","True"
"HnnDW","dbo","Fact_Facing_202606","TABLE","16","GROUP_FACT","float","8","53","0","True"
"HnnDW","dbo","Fact_Facing_202606","TABLE","17","PRICE","money","8","19","4","True"
"HnnDW","dbo","Fact_Facing_202606","TABLE","18","PRICE_TYPE","nvarchar","510","0","0","True"
"HnnDW","dbo","Fact_Facing_202606","TABLE","19","AGENCY_NAME","nvarchar","500","0","0","True"
"HnnDW","dbo","Fact_Facing_202606","TABLE","20","fid","int","4","10","0","True"
"HnnDW","dbo","Fact_Facing_202606","TABLE","21","iid","int","4","10","0","True"
"HnnDW","dbo","Fact_Facing_202606","TABLE","22","PICOS","bit","1","1","0","True"
"HnnDW","dbo","Fact_Facing_202607","TABLE","1","VISIT_ID","nvarchar","500","0","0","True"
"HnnDW","dbo","Fact_Facing_202607","TABLE","2","VISIT_DATE","datetime","8","23","3","True"
"HnnDW","dbo","Fact_Facing_202607","TABLE","3","VISIT_STATUS","nvarchar","500","0","0","True"
"HnnDW","dbo","Fact_Facing_202607","TABLE","4","VISIT_IS_PLANED","int","4","10","0","True"
"HnnDW","dbo","Fact_Facing_202607","TABLE","5","PHOTO_AUDIT_ID","nvarchar","500","0","0","True"
"HnnDW","dbo","Fact_Facing_202607","TABLE","6","PHOTO_AUDIT_COUNTER","int","4","10","0","True"
"HnnDW","dbo","Fact_Facing_202607","TABLE","7","ROUTE_TYPE","nvarchar","500","0","0","True"
"HnnDW","dbo","Fact_Facing_202607","TABLE","8","SCENE_TYPE_ID","nvarchar","500","0","0","True"
"HnnDW","dbo","Fact_Facing_202607","TABLE","9","SCENE_TYPE","nvarchar","500","0","0","True"
"HnnDW","dbo","Fact_Facing_202607","TABLE","10","SHELF_NUMBER","nvarchar","500","0","0","True"
"HnnDW","dbo","Fact_Facing_202607","TABLE","11","EYE_LEVEL","int","4","10","0","True"
"HnnDW","dbo","Fact_Facing_202607","TABLE","12","VISIT_LINK","nvarchar","500","0","0","True"
"HnnDW","dbo","Fact_Facing_202607","TABLE","13","FACING_FACT","float","8","53","0","True"
"HnnDW","dbo","Fact_Facing_202607","TABLE","14","FACING_WIDTH","float","8","53","0","True"
"HnnDW","dbo","Fact_Facing_202607","TABLE","15","GROUP_WIDTH","float","8","53","0","True"
"HnnDW","dbo","Fact_Facing_202607","TABLE","16","GROUP_FACT","float","8","53","0","True"
"HnnDW","dbo","Fact_Facing_202607","TABLE","17","PRICE","money","8","19","4","True"
"HnnDW","dbo","Fact_Facing_202607","TABLE","18","PRICE_TYPE","nvarchar","510","0","0","True"
"HnnDW","dbo","Fact_Facing_202607","TABLE","19","AGENCY_NAME","nvarchar","500","0","0","True"
"HnnDW","dbo","Fact_Facing_202607","TABLE","20","fid","int","4","10","0","True"
"HnnDW","dbo","Fact_Facing_202607","TABLE","21","iid","int","4","10","0","True"
"HnnDW","dbo","Fact_Facing_202607","TABLE","22","PICOS","bit","1","1","0","True"
"HnnDW","dbo","Fact_Facing_202608","TABLE","1","VISIT_ID","nvarchar","500","0","0","True"
"HnnDW","dbo","Fact_Facing_202608","TABLE","2","VISIT_DATE","datetime","8","23","3","True"
"HnnDW","dbo","Fact_Facing_202608","TABLE","3","VISIT_STATUS","nvarchar","500","0","0","True"
"HnnDW","dbo","Fact_Facing_202608","TABLE","4","VISIT_IS_PLANED","int","4","10","0","True"
"HnnDW","dbo","Fact_Facing_202608","TABLE","5","PHOTO_AUDIT_ID","nvarchar","500","0","0","True"
"HnnDW","dbo","Fact_Facing_202608","TABLE","6","PHOTO_AUDIT_COUNTER","int","4","10","0","True"
"HnnDW","dbo","Fact_Facing_202608","TABLE","7","ROUTE_TYPE","nvarchar","500","0","0","True"
"HnnDW","dbo","Fact_Facing_202608","TABLE","8","SCENE_TYPE_ID","nvarchar","500","0","0","True"
"HnnDW","dbo","Fact_Facing_202608","TABLE","9","SCENE_TYPE","nvarchar","500","0","0","True"
"HnnDW","dbo","Fact_Facing_202608","TABLE","10","SHELF_NUMBER","nvarchar","500","0","0","True"
"HnnDW","dbo","Fact_Facing_202608","TABLE","11","EYE_LEVEL","int","4","10","0","True"
"HnnDW","dbo","Fact_Facing_202608","TABLE","12","VISIT_LINK","nvarchar","500","0","0","True"
"HnnDW","dbo","Fact_Facing_202608","TABLE","13","FACING_FACT","float","8","53","0","True"
"HnnDW","dbo","Fact_Facing_202608","TABLE","14","FACING_WIDTH","float","8","53","0","True"
"HnnDW","dbo","Fact_Facing_202608","TABLE","15","GROUP_WIDTH","float","8","53","0","True"
"HnnDW","dbo","Fact_Facing_202608","TABLE","16","GROUP_FACT","float","8","53","0","True"
"HnnDW","dbo","Fact_Facing_202608","TABLE","17","PRICE","money","8","19","4","True"
"HnnDW","dbo","Fact_Facing_202608","TABLE","18","PRICE_TYPE","nvarchar","510","0","0","True"
"HnnDW","dbo","Fact_Facing_202608","TABLE","19","AGENCY_NAME","nvarchar","500","0","0","True"
"HnnDW","dbo","Fact_Facing_202608","TABLE","20","fid","int","4","10","0","True"
"HnnDW","dbo","Fact_Facing_202608","TABLE","21","iid","int","4","10","0","True"
"HnnDW","dbo","Fact_Facing_202608","TABLE","22","PICOS","bit","1","1","0","True"
"HnnDW","dbo","FACT_Items_Attributes_History","TABLE","1","Iid","int","4","10","0","False"
"HnnDW","dbo","FACT_Items_Attributes_History","TABLE","2","AttrID","int","4","10","0","False"
"HnnDW","dbo","FACT_Items_Attributes_History","TABLE","3","AttrValueID","int","4","10","0","True"
"HnnDW","dbo","FACT_Items_Attributes_History","TABLE","4","AttrText","nvarchar","-1","0","0","True"
"HnnDW","dbo","FACT_Items_Attributes_History","TABLE","5","StartDate","datetime","8","23","3","False"
"HnnDW","dbo","FACT_Items_Attributes_History","TABLE","6","EndDate","datetime","8","23","3","True"
"HnnDW","dbo","FACT_Items_Attributes_History","TABLE","7","RecordID","int","4","10","0","False"
"HnnDW","dbo","FACT_Items_Attributes_History","TABLE","8","Unit","nvarchar","100","0","0","True"
"HnnDW","dbo","FACT_Items_MustTop","TABLE","1","iid","int","4","10","0","True"
"HnnDW","dbo","FACT_Items_MustTop","TABLE","2","MustTopID","int","4","10","0","True"
"HnnDW","dbo","FACT_Items_MustTop","TABLE","3","ListType","nvarchar","20","0","0","True"
"HnnDW","dbo","FACT_Items_MustTop","TABLE","4","StartDate","datetime","8","23","3","True"
"HnnDW","dbo","FACT_Items_MustTop","TABLE","5","EndDate","datetime","8","23","3","True"
"HnnDW","dbo","Fact_Matrix2Items","TABLE","1","Matrixid","int","4","10","0","True"
"HnnDW","dbo","Fact_Matrix2Items","TABLE","2","Iid","int","4","10","0","True"
"HnnDW","dbo","Fact_Matrix2Items","TABLE","3","StartDate","datetime","8","23","3","True"
"HnnDW","dbo","Fact_Matrix2Items","TABLE","4","EndDate","datetime","8","23","3","True"
"HnnDW","dbo","Fact_Matrix2Items","TABLE","5","Unit","nvarchar","100","0","0","True"
"HnnDW","dbo","Fact_Matrix2SHIPTO","TABLE","1","Matrixid","int","4","10","0","True"
"HnnDW","dbo","Fact_Matrix2SHIPTO","TABLE","2","Faceid","int","4","10","0","True"
"HnnDW","dbo","Fact_Matrix2SHIPTO","TABLE","3","StartDate","datetime","8","23","3","True"
"HnnDW","dbo","Fact_Matrix2SHIPTO","TABLE","4","EndDate","datetime","8","23","3","True"
"HnnDW","dbo","Fact_OOS_202211","TABLE","1","VISIT_DATE","datetime","8","23","3","True"
"HnnDW","dbo","Fact_OOS_202211","TABLE","2","PHOTO_AUDIT_ID","nvarchar","500","0","0","True"
"HnnDW","dbo","Fact_OOS_202211","TABLE","3","iid","int","4","10","0","True"
"HnnDW","dbo","Fact_OOS_202211","TABLE","4","ReasonID","int","4","10","0","True"
"HnnDW","dbo","Fact_OOS_202211","TABLE","5","FaceId","int","4","10","0","True"
"HnnDW","dbo","Fact_OOS_202211","TABLE","6","AGENCY_NAME","nvarchar","500","0","0","True"
"HnnDW","dbo","Fact_OOS_202211","TABLE","7","AlertType","int","4","10","0","True"
"HnnDW","dbo","Fact_OOS_202211","TABLE","8","AlertDate","datetime","8","23","3","True"
"HnnDW","dbo","Fact_OOS_202211","TABLE","9","AlertResult","nvarchar","510","0","0","True"
"HnnDW","dbo","Fact_OOS_202212","TABLE","1","VISIT_DATE","datetime","8","23","3","True"
"HnnDW","dbo","Fact_OOS_202212","TABLE","2","PHOTO_AUDIT_ID","nvarchar","500","0","0","True"
"HnnDW","dbo","Fact_OOS_202212","TABLE","3","iid","int","4","10","0","True"
"HnnDW","dbo","Fact_OOS_202212","TABLE","4","ReasonID","int","4","10","0","True"
"HnnDW","dbo","Fact_OOS_202212","TABLE","5","FaceId","int","4","10","0","True"
"HnnDW","dbo","Fact_OOS_202212","TABLE","6","AGENCY_NAME","nvarchar","500","0","0","True"
"HnnDW","dbo","Fact_OOS_202212","TABLE","7","AlertType","int","4","10","0","True"
"HnnDW","dbo","Fact_OOS_202212","TABLE","8","AlertDate","datetime","8","23","3","True"
"HnnDW","dbo","Fact_OOS_202212","TABLE","9","AlertResult","nvarchar","510","0","0","True"
"HnnDW","dbo","Fact_OOS_202301","TABLE","1","VISIT_DATE","datetime","8","23","3","True"
"HnnDW","dbo","Fact_OOS_202301","TABLE","2","PHOTO_AUDIT_ID","nvarchar","500","0","0","True"
"HnnDW","dbo","Fact_OOS_202301","TABLE","3","iid","int","4","10","0","True"
"HnnDW","dbo","Fact_OOS_202301","TABLE","4","ReasonID","int","4","10","0","True"
"HnnDW","dbo","Fact_OOS_202301","TABLE","5","FaceId","int","4","10","0","True"
"HnnDW","dbo","Fact_OOS_202301","TABLE","6","AGENCY_NAME","nvarchar","500","0","0","True"
"HnnDW","dbo","Fact_OOS_202301","TABLE","7","AlertType","int","4","10","0","True"
"HnnDW","dbo","Fact_OOS_202301","TABLE","8","AlertDate","datetime","8","23","3","True"
"HnnDW","dbo","Fact_OOS_202301","TABLE","9","AlertResult","nvarchar","510","0","0","True"
"HnnDW","dbo","Fact_OOS_202302","TABLE","1","VISIT_DATE","datetime","8","23","3","True"
"HnnDW","dbo","Fact_OOS_202302","TABLE","2","PHOTO_AUDIT_ID","nvarchar","500","0","0","True"
"HnnDW","dbo","Fact_OOS_202302","TABLE","3","iid","int","4","10","0","True"
"HnnDW","dbo","Fact_OOS_202302","TABLE","4","ReasonID","int","4","10","0","True"
"HnnDW","dbo","Fact_OOS_202302","TABLE","5","FaceId","int","4","10","0","True"
"HnnDW","dbo","Fact_OOS_202302","TABLE","6","AGENCY_NAME","nvarchar","500","0","0","True"
"HnnDW","dbo","Fact_OOS_202302","TABLE","7","AlertType","int","4","10","0","True"
"HnnDW","dbo","Fact_OOS_202302","TABLE","8","AlertDate","datetime","8","23","3","True"
"HnnDW","dbo","Fact_OOS_202302","TABLE","9","AlertResult","nvarchar","510","0","0","True"
"HnnDW","dbo","Fact_OOS_202303","TABLE","1","VISIT_DATE","datetime","8","23","3","True"
"HnnDW","dbo","Fact_OOS_202303","TABLE","2","PHOTO_AUDIT_ID","nvarchar","500","0","0","True"
"HnnDW","dbo","Fact_OOS_202303","TABLE","3","iid","int","4","10","0","True"
"HnnDW","dbo","Fact_OOS_202303","TABLE","4","ReasonID","int","4","10","0","True"
"HnnDW","dbo","Fact_OOS_202303","TABLE","5","FaceId","int","4","10","0","True"
"HnnDW","dbo","Fact_OOS_202303","TABLE","6","AGENCY_NAME","nvarchar","500","0","0","True"
"HnnDW","dbo","Fact_OOS_202303","TABLE","7","AlertType","int","4","10","0","True"
"HnnDW","dbo","Fact_OOS_202303","TABLE","8","AlertDate","datetime","8","23","3","True"
"HnnDW","dbo","Fact_OOS_202303","TABLE","9","AlertResult","nvarchar","510","0","0","True"
"HnnDW","dbo","Fact_OOS_202304","TABLE","1","VISIT_DATE","datetime","8","23","3","True"
"HnnDW","dbo","Fact_OOS_202304","TABLE","2","PHOTO_AUDIT_ID","nvarchar","500","0","0","True"
"HnnDW","dbo","Fact_OOS_202304","TABLE","3","iid","int","4","10","0","True"
"HnnDW","dbo","Fact_OOS_202304","TABLE","4","ReasonID","int","4","10","0","True"
"HnnDW","dbo","Fact_OOS_202304","TABLE","5","FaceId","int","4","10","0","True"
"HnnDW","dbo","Fact_OOS_202304","TABLE","6","AGENCY_NAME","nvarchar","500","0","0","True"
"HnnDW","dbo","Fact_OOS_202304","TABLE","7","AlertType","int","4","10","0","True"
"HnnDW","dbo","Fact_OOS_202304","TABLE","8","AlertDate","datetime","8","23","3","True"
"HnnDW","dbo","Fact_OOS_202304","TABLE","9","AlertResult","nvarchar","510","0","0","True"
"HnnDW","dbo","Fact_OOS_202305","TABLE","1","VISIT_DATE","datetime","8","23","3","True"
"HnnDW","dbo","Fact_OOS_202305","TABLE","2","PHOTO_AUDIT_ID","nvarchar","500","0","0","True"
"HnnDW","dbo","Fact_OOS_202305","TABLE","3","iid","int","4","10","0","True"
"HnnDW","dbo","Fact_OOS_202305","TABLE","4","ReasonID","int","4","10","0","True"
"HnnDW","dbo","Fact_OOS_202305","TABLE","5","FaceId","int","4","10","0","True"
"HnnDW","dbo","Fact_OOS_202305","TABLE","6","AGENCY_NAME","nvarchar","500","0","0","True"
"HnnDW","dbo","Fact_OOS_202305","TABLE","7","AlertType","int","4","10","0","True"
"HnnDW","dbo","Fact_OOS_202305","TABLE","8","AlertDate","datetime","8","23","3","True"
"HnnDW","dbo","Fact_OOS_202305","TABLE","9","AlertResult","nvarchar","510","0","0","True"
"HnnDW","dbo","Fact_OOS_202306","TABLE","1","VISIT_DATE","datetime","8","23","3","True"
"HnnDW","dbo","Fact_OOS_202306","TABLE","2","PHOTO_AUDIT_ID","nvarchar","500","0","0","True"
"HnnDW","dbo","Fact_OOS_202306","TABLE","3","iid","int","4","10","0","True"
"HnnDW","dbo","Fact_OOS_202306","TABLE","4","ReasonID","int","4","10","0","True"
"HnnDW","dbo","Fact_OOS_202306","TABLE","5","FaceId","int","4","10","0","True"
"HnnDW","dbo","Fact_OOS_202306","TABLE","6","AGENCY_NAME","nvarchar","500","0","0","True"
"HnnDW","dbo","Fact_OOS_202306","TABLE","7","AlertType","int","4","10","0","True"
"HnnDW","dbo","Fact_OOS_202306","TABLE","8","AlertDate","datetime","8","23","3","True"
"HnnDW","dbo","Fact_OOS_202306","TABLE","9","AlertResult","nvarchar","510","0","0","True"
"HnnDW","dbo","Fact_OOS_202307","TABLE","1","VISIT_DATE","datetime","8","23","3","True"
"HnnDW","dbo","Fact_OOS_202307","TABLE","2","PHOTO_AUDIT_ID","nvarchar","500","0","0","True"
"HnnDW","dbo","Fact_OOS_202307","TABLE","3","iid","int","4","10","0","True"
"HnnDW","dbo","Fact_OOS_202307","TABLE","4","ReasonID","int","4","10","0","True"
"HnnDW","dbo","Fact_OOS_202307","TABLE","5","FaceId","int","4","10","0","True"
"HnnDW","dbo","Fact_OOS_202307","TABLE","6","AGENCY_NAME","nvarchar","500","0","0","True"
"HnnDW","dbo","Fact_OOS_202307","TABLE","7","AlertType","int","4","10","0","True"
"HnnDW","dbo","Fact_OOS_202307","TABLE","8","AlertDate","datetime","8","23","3","True"
"HnnDW","dbo","Fact_OOS_202307","TABLE","9","AlertResult","nvarchar","510","0","0","True"
"HnnDW","dbo","Fact_OOS_202308","TABLE","1","VISIT_DATE","datetime","8","23","3","True"
"HnnDW","dbo","Fact_OOS_202308","TABLE","2","PHOTO_AUDIT_ID","nvarchar","500","0","0","True"
"HnnDW","dbo","Fact_OOS_202308","TABLE","3","iid","int","4","10","0","True"
"HnnDW","dbo","Fact_OOS_202308","TABLE","4","ReasonID","int","4","10","0","True"
"HnnDW","dbo","Fact_OOS_202308","TABLE","5","FaceId","int","4","10","0","True"
"HnnDW","dbo","Fact_OOS_202308","TABLE","6","AGENCY_NAME","nvarchar","500","0","0","True"
"HnnDW","dbo","Fact_OOS_202308","TABLE","7","AlertType","int","4","10","0","True"
"HnnDW","dbo","Fact_OOS_202308","TABLE","8","AlertDate","datetime","8","23","3","True"
"HnnDW","dbo","Fact_OOS_202308","TABLE","9","AlertResult","nvarchar","510","0","0","True"
"HnnDW","dbo","Fact_OOS_202309","TABLE","1","VISIT_DATE","datetime","8","23","3","True"
"HnnDW","dbo","Fact_OOS_202309","TABLE","2","PHOTO_AUDIT_ID","nvarchar","500","0","0","True"
"HnnDW","dbo","Fact_OOS_202309","TABLE","3","iid","int","4","10","0","True"
"HnnDW","dbo","Fact_OOS_202309","TABLE","4","ReasonID","int","4","10","0","True"
"HnnDW","dbo","Fact_OOS_202309","TABLE","5","FaceId","int","4","10","0","True"
"HnnDW","dbo","Fact_OOS_202309","TABLE","6","AGENCY_NAME","nvarchar","500","0","0","True"
"HnnDW","dbo","Fact_OOS_202309","TABLE","7","AlertType","int","4","10","0","True"
"HnnDW","dbo","Fact_OOS_202309","TABLE","8","AlertDate","datetime","8","23","3","True"
"HnnDW","dbo","Fact_OOS_202309","TABLE","9","AlertResult","nvarchar","510","0","0","True"
"HnnDW","dbo","Fact_OOS_202310","TABLE","1","VISIT_DATE","datetime","8","23","3","True"
"HnnDW","dbo","Fact_OOS_202310","TABLE","2","PHOTO_AUDIT_ID","nvarchar","500","0","0","True"
"HnnDW","dbo","Fact_OOS_202310","TABLE","3","iid","int","4","10","0","True"
"HnnDW","dbo","Fact_OOS_202310","TABLE","4","ReasonID","int","4","10","0","True"
"HnnDW","dbo","Fact_OOS_202310","TABLE","5","FaceId","int","4","10","0","True"
"HnnDW","dbo","Fact_OOS_202310","TABLE","6","AGENCY_NAME","nvarchar","500","0","0","True"
"HnnDW","dbo","Fact_OOS_202310","TABLE","7","AlertType","int","4","10","0","True"
"HnnDW","dbo","Fact_OOS_202310","TABLE","8","AlertDate","datetime","8","23","3","True"
"HnnDW","dbo","Fact_OOS_202310","TABLE","9","AlertResult","nvarchar","510","0","0","True"
"HnnDW","dbo","Fact_OOS_202311","TABLE","1","VISIT_DATE","datetime","8","23","3","True"
"HnnDW","dbo","Fact_OOS_202311","TABLE","2","PHOTO_AUDIT_ID","nvarchar","500","0","0","True"
"HnnDW","dbo","Fact_OOS_202311","TABLE","3","iid","int","4","10","0","True"
"HnnDW","dbo","Fact_OOS_202311","TABLE","4","ReasonID","int","4","10","0","True"
"HnnDW","dbo","Fact_OOS_202311","TABLE","5","FaceId","int","4","10","0","True"
"HnnDW","dbo","Fact_OOS_202311","TABLE","6","AGENCY_NAME","nvarchar","500","0","0","True"
"HnnDW","dbo","Fact_OOS_202311","TABLE","7","AlertType","int","4","10","0","True"
"HnnDW","dbo","Fact_OOS_202311","TABLE","8","AlertDate","datetime","8","23","3","True"
"HnnDW","dbo","Fact_OOS_202311","TABLE","9","AlertResult","nvarchar","510","0","0","True"
"HnnDW","dbo","Fact_OOS_202312","TABLE","1","VISIT_DATE","datetime","8","23","3","True"
"HnnDW","dbo","Fact_OOS_202312","TABLE","2","PHOTO_AUDIT_ID","nvarchar","500","0","0","True"
"HnnDW","dbo","Fact_OOS_202312","TABLE","3","iid","int","4","10","0","True"
"HnnDW","dbo","Fact_OOS_202312","TABLE","4","ReasonID","int","4","10","0","True"
"HnnDW","dbo","Fact_OOS_202312","TABLE","5","FaceId","int","4","10","0","True"
"HnnDW","dbo","Fact_OOS_202312","TABLE","6","AGENCY_NAME","nvarchar","500","0","0","True"
"HnnDW","dbo","Fact_OOS_202312","TABLE","7","AlertType","int","4","10","0","True"
"HnnDW","dbo","Fact_OOS_202312","TABLE","8","AlertDate","datetime","8","23","3","True"
"HnnDW","dbo","Fact_OOS_202312","TABLE","9","AlertResult","nvarchar","510","0","0","True"
"HnnDW","dbo","Fact_OOS_202401","TABLE","1","VISIT_DATE","datetime","8","23","3","True"
"HnnDW","dbo","Fact_OOS_202401","TABLE","2","PHOTO_AUDIT_ID","nvarchar","500","0","0","True"
"HnnDW","dbo","Fact_OOS_202401","TABLE","3","iid","int","4","10","0","True"
"HnnDW","dbo","Fact_OOS_202401","TABLE","4","ReasonID","int","4","10","0","True"
"HnnDW","dbo","Fact_OOS_202401","TABLE","5","FaceId","int","4","10","0","True"
"HnnDW","dbo","Fact_OOS_202401","TABLE","6","AGENCY_NAME","nvarchar","500","0","0","True"
"HnnDW","dbo","Fact_OOS_202401","TABLE","7","AlertType","int","4","10","0","True"
"HnnDW","dbo","Fact_OOS_202401","TABLE","8","AlertDate","datetime","8","23","3","True"
"HnnDW","dbo","Fact_OOS_202401","TABLE","9","AlertResult","nvarchar","510","0","0","True"
"HnnDW","dbo","Fact_OOS_202402","TABLE","1","VISIT_DATE","datetime","8","23","3","True"
"HnnDW","dbo","Fact_OOS_202402","TABLE","2","PHOTO_AUDIT_ID","nvarchar","500","0","0","True"
"HnnDW","dbo","Fact_OOS_202402","TABLE","3","iid","int","4","10","0","True"
"HnnDW","dbo","Fact_OOS_202402","TABLE","4","ReasonID","int","4","10","0","True"
"HnnDW","dbo","Fact_OOS_202402","TABLE","5","FaceId","int","4","10","0","True"
"HnnDW","dbo","Fact_OOS_202402","TABLE","6","AGENCY_NAME","nvarchar","500","0","0","True"
"HnnDW","dbo","Fact_OOS_202402","TABLE","7","AlertType","int","4","10","0","True"
"HnnDW","dbo","Fact_OOS_202402","TABLE","8","AlertDate","datetime","8","23","3","True"
"HnnDW","dbo","Fact_OOS_202402","TABLE","9","AlertResult","nvarchar","510","0","0","True"
"HnnDW","dbo","Fact_OOS_202403","TABLE","1","VISIT_DATE","datetime","8","23","3","True"
"HnnDW","dbo","Fact_OOS_202403","TABLE","2","PHOTO_AUDIT_ID","nvarchar","500","0","0","True"
"HnnDW","dbo","Fact_OOS_202403","TABLE","3","iid","int","4","10","0","True"
"HnnDW","dbo","Fact_OOS_202403","TABLE","4","ReasonID","int","4","10","0","True"
"HnnDW","dbo","Fact_OOS_202403","TABLE","5","FaceId","int","4","10","0","True"
"HnnDW","dbo","Fact_OOS_202403","TABLE","6","AGENCY_NAME","nvarchar","500","0","0","True"
"HnnDW","dbo","Fact_OOS_202403","TABLE","7","AlertType","int","4","10","0","True"
"HnnDW","dbo","Fact_OOS_202403","TABLE","8","AlertDate","datetime","8","23","3","True"
"HnnDW","dbo","Fact_OOS_202403","TABLE","9","AlertResult","nvarchar","510","0","0","True"
"HnnDW","dbo","Fact_OOS_202404","TABLE","1","VISIT_DATE","datetime","8","23","3","True"
"HnnDW","dbo","Fact_OOS_202404","TABLE","2","PHOTO_AUDIT_ID","nvarchar","500","0","0","True"
"HnnDW","dbo","Fact_OOS_202404","TABLE","3","iid","int","4","10","0","True"
"HnnDW","dbo","Fact_OOS_202404","TABLE","4","ReasonID","int","4","10","0","True"
"HnnDW","dbo","Fact_OOS_202404","TABLE","5","FaceId","int","4","10","0","True"
"HnnDW","dbo","Fact_OOS_202404","TABLE","6","AGENCY_NAME","nvarchar","500","0","0","True"
"HnnDW","dbo","Fact_OOS_202404","TABLE","7","AlertType","int","4","10","0","True"
"HnnDW","dbo","Fact_OOS_202404","TABLE","8","AlertDate","datetime","8","23","3","True"
"HnnDW","dbo","Fact_OOS_202404","TABLE","9","AlertResult","nvarchar","510","0","0","True"
"HnnDW","dbo","Fact_OOS_202405","TABLE","1","VISIT_DATE","datetime","8","23","3","True"
"HnnDW","dbo","Fact_OOS_202405","TABLE","2","PHOTO_AUDIT_ID","nvarchar","500","0","0","True"
"HnnDW","dbo","Fact_OOS_202405","TABLE","3","iid","int","4","10","0","True"
"HnnDW","dbo","Fact_OOS_202405","TABLE","4","ReasonID","int","4","10","0","True"
"HnnDW","dbo","Fact_OOS_202405","TABLE","5","FaceId","int","4","10","0","True"
"HnnDW","dbo","Fact_OOS_202405","TABLE","6","AGENCY_NAME","nvarchar","500","0","0","True"
"HnnDW","dbo","Fact_OOS_202405","TABLE","7","AlertType","int","4","10","0","True"
"HnnDW","dbo","Fact_OOS_202405","TABLE","8","AlertDate","datetime","8","23","3","True"
"HnnDW","dbo","Fact_OOS_202405","TABLE","9","AlertResult","nvarchar","510","0","0","True"
"HnnDW","dbo","Fact_OOS_202406","TABLE","1","VISIT_DATE","datetime","8","23","3","True"
"HnnDW","dbo","Fact_OOS_202406","TABLE","2","PHOTO_AUDIT_ID","nvarchar","500","0","0","True"
"HnnDW","dbo","Fact_OOS_202406","TABLE","3","iid","int","4","10","0","True"
"HnnDW","dbo","Fact_OOS_202406","TABLE","4","ReasonID","int","4","10","0","True"
"HnnDW","dbo","Fact_OOS_202406","TABLE","5","FaceId","int","4","10","0","True"
"HnnDW","dbo","Fact_OOS_202406","TABLE","6","AGENCY_NAME","nvarchar","500","0","0","True"
"HnnDW","dbo","Fact_OOS_202406","TABLE","7","AlertType","int","4","10","0","True"
"HnnDW","dbo","Fact_OOS_202406","TABLE","8","AlertDate","datetime","8","23","3","True"
"HnnDW","dbo","Fact_OOS_202406","TABLE","9","AlertResult","nvarchar","510","0","0","True"
"HnnDW","dbo","Fact_OOS_202407","TABLE","1","VISIT_DATE","datetime","8","23","3","True"
"HnnDW","dbo","Fact_OOS_202407","TABLE","2","PHOTO_AUDIT_ID","nvarchar","500","0","0","True"
"HnnDW","dbo","Fact_OOS_202407","TABLE","3","iid","int","4","10","0","True"
"HnnDW","dbo","Fact_OOS_202407","TABLE","4","ReasonID","int","4","10","0","True"
"HnnDW","dbo","Fact_OOS_202407","TABLE","5","FaceId","int","4","10","0","True"
"HnnDW","dbo","Fact_OOS_202407","TABLE","6","AGENCY_NAME","nvarchar","500","0","0","True"
"HnnDW","dbo","Fact_OOS_202407","TABLE","7","AlertType","int","4","10","0","True"
"HnnDW","dbo","Fact_OOS_202407","TABLE","8","AlertDate","datetime","8","23","3","True"
"HnnDW","dbo","Fact_OOS_202407","TABLE","9","AlertResult","nvarchar","510","0","0","True"
"HnnDW","dbo","Fact_OOS_202408","TABLE","1","VISIT_DATE","datetime","8","23","3","True"
"HnnDW","dbo","Fact_OOS_202408","TABLE","2","PHOTO_AUDIT_ID","nvarchar","500","0","0","True"
"HnnDW","dbo","Fact_OOS_202408","TABLE","3","iid","int","4","10","0","True"
"HnnDW","dbo","Fact_OOS_202408","TABLE","4","ReasonID","int","4","10","0","True"
"HnnDW","dbo","Fact_OOS_202408","TABLE","5","FaceId","int","4","10","0","True"
"HnnDW","dbo","Fact_OOS_202408","TABLE","6","AGENCY_NAME","nvarchar","500","0","0","True"
"HnnDW","dbo","Fact_OOS_202408","TABLE","7","AlertType","int","4","10","0","True"
"HnnDW","dbo","Fact_OOS_202408","TABLE","8","AlertDate","datetime","8","23","3","True"
"HnnDW","dbo","Fact_OOS_202408","TABLE","9","AlertResult","nvarchar","510","0","0","True"
"HnnDW","dbo","Fact_OOS_202409","TABLE","1","VISIT_DATE","datetime","8","23","3","True"
"HnnDW","dbo","Fact_OOS_202409","TABLE","2","PHOTO_AUDIT_ID","nvarchar","500","0","0","True"
"HnnDW","dbo","Fact_OOS_202409","TABLE","3","iid","int","4","10","0","True"
"HnnDW","dbo","Fact_OOS_202409","TABLE","4","ReasonID","int","4","10","0","True"
"HnnDW","dbo","Fact_OOS_202409","TABLE","5","FaceId","int","4","10","0","True"
"HnnDW","dbo","Fact_OOS_202409","TABLE","6","AGENCY_NAME","nvarchar","500","0","0","True"
"HnnDW","dbo","Fact_OOS_202409","TABLE","7","AlertType","int","4","10","0","True"
"HnnDW","dbo","Fact_OOS_202409","TABLE","8","AlertDate","datetime","8","23","3","True"
"HnnDW","dbo","Fact_OOS_202409","TABLE","9","AlertResult","nvarchar","510","0","0","True"
"HnnDW","dbo","Fact_OOS_202410","TABLE","1","VISIT_DATE","datetime","8","23","3","True"
"HnnDW","dbo","Fact_OOS_202410","TABLE","2","PHOTO_AUDIT_ID","nvarchar","500","0","0","True"
"HnnDW","dbo","Fact_OOS_202410","TABLE","3","iid","int","4","10","0","True"
"HnnDW","dbo","Fact_OOS_202410","TABLE","4","ReasonID","int","4","10","0","True"
"HnnDW","dbo","Fact_OOS_202410","TABLE","5","FaceId","int","4","10","0","True"
"HnnDW","dbo","Fact_OOS_202410","TABLE","6","AGENCY_NAME","nvarchar","500","0","0","True"
"HnnDW","dbo","Fact_OOS_202410","TABLE","7","AlertType","int","4","10","0","True"
"HnnDW","dbo","Fact_OOS_202410","TABLE","8","AlertDate","datetime","8","23","3","True"
"HnnDW","dbo","Fact_OOS_202410","TABLE","9","AlertResult","nvarchar","510","0","0","True"
"HnnDW","dbo","Fact_OOS_202411","TABLE","1","VISIT_DATE","datetime","8","23","3","True"
"HnnDW","dbo","Fact_OOS_202411","TABLE","2","PHOTO_AUDIT_ID","nvarchar","500","0","0","True"
"HnnDW","dbo","Fact_OOS_202411","TABLE","3","iid","int","4","10","0","True"
"HnnDW","dbo","Fact_OOS_202411","TABLE","4","ReasonID","int","4","10","0","True"
"HnnDW","dbo","Fact_OOS_202411","TABLE","5","FaceId","int","4","10","0","True"
"HnnDW","dbo","Fact_OOS_202411","TABLE","6","AGENCY_NAME","nvarchar","500","0","0","True"
"HnnDW","dbo","Fact_OOS_202411","TABLE","7","AlertType","int","4","10","0","True"
"HnnDW","dbo","Fact_OOS_202411","TABLE","8","AlertDate","date","3","10","0","True"
"HnnDW","dbo","Fact_OOS_202411","TABLE","9","AlertResult","nvarchar","510","0","0","True"
"HnnDW","dbo","Fact_OOS_202412","TABLE","1","VISIT_DATE","datetime","8","23","3","True"
"HnnDW","dbo","Fact_OOS_202412","TABLE","2","PHOTO_AUDIT_ID","nvarchar","500","0","0","True"
"HnnDW","dbo","Fact_OOS_202412","TABLE","3","iid","int","4","10","0","True"
"HnnDW","dbo","Fact_OOS_202412","TABLE","4","ReasonID","int","4","10","0","True"
"HnnDW","dbo","Fact_OOS_202412","TABLE","5","FaceId","int","4","10","0","True"
"HnnDW","dbo","Fact_OOS_202412","TABLE","6","AGENCY_NAME","nvarchar","500","0","0","True"
"HnnDW","dbo","Fact_OOS_202412","TABLE","7","AlertType","int","4","10","0","True"
"HnnDW","dbo","Fact_OOS_202412","TABLE","8","AlertDate","date","3","10","0","True"
"HnnDW","dbo","Fact_OOS_202412","TABLE","9","AlertResult","nvarchar","510","0","0","True"
"HnnDW","dbo","Fact_OOS_202501","TABLE","1","VISIT_DATE","datetime","8","23","3","True"
"HnnDW","dbo","Fact_OOS_202501","TABLE","2","PHOTO_AUDIT_ID","nvarchar","500","0","0","True"
"HnnDW","dbo","Fact_OOS_202501","TABLE","3","iid","int","4","10","0","True"
"HnnDW","dbo","Fact_OOS_202501","TABLE","4","ReasonID","int","4","10","0","True"
"HnnDW","dbo","Fact_OOS_202501","TABLE","5","FaceId","int","4","10","0","True"
"HnnDW","dbo","Fact_OOS_202501","TABLE","6","AGENCY_NAME","nvarchar","500","0","0","True"
"HnnDW","dbo","Fact_OOS_202501","TABLE","7","AlertType","int","4","10","0","True"
"HnnDW","dbo","Fact_OOS_202501","TABLE","8","AlertDate","date","3","10","0","True"
"HnnDW","dbo","Fact_OOS_202501","TABLE","9","AlertResult","nvarchar","510","0","0","True"
"HnnDW","dbo","Fact_OOS_202502","TABLE","1","VISIT_DATE","datetime","8","23","3","True"
"HnnDW","dbo","Fact_OOS_202502","TABLE","2","PHOTO_AUDIT_ID","nvarchar","500","0","0","True"
"HnnDW","dbo","Fact_OOS_202502","TABLE","3","iid","int","4","10","0","True"
"HnnDW","dbo","Fact_OOS_202502","TABLE","4","ReasonID","int","4","10","0","True"
"HnnDW","dbo","Fact_OOS_202502","TABLE","5","FaceId","int","4","10","0","True"
"HnnDW","dbo","Fact_OOS_202502","TABLE","6","AGENCY_NAME","nvarchar","500","0","0","True"
"HnnDW","dbo","Fact_OOS_202502","TABLE","7","AlertType","int","4","10","0","True"
"HnnDW","dbo","Fact_OOS_202502","TABLE","8","AlertDate","date","3","10","0","True"
"HnnDW","dbo","Fact_OOS_202502","TABLE","9","AlertResult","nvarchar","510","0","0","True"
"HnnDW","dbo","Fact_OOS_202503","TABLE","1","VISIT_DATE","datetime","8","23","3","True"
"HnnDW","dbo","Fact_OOS_202503","TABLE","2","PHOTO_AUDIT_ID","nvarchar","500","0","0","True"
"HnnDW","dbo","Fact_OOS_202503","TABLE","3","iid","int","4","10","0","True"
"HnnDW","dbo","Fact_OOS_202503","TABLE","4","ReasonID","int","4","10","0","True"
"HnnDW","dbo","Fact_OOS_202503","TABLE","5","FaceId","int","4","10","0","True"
"HnnDW","dbo","Fact_OOS_202503","TABLE","6","AGENCY_NAME","nvarchar","500","0","0","True"
"HnnDW","dbo","Fact_OOS_202503","TABLE","7","AlertType","int","4","10","0","True"
"HnnDW","dbo","Fact_OOS_202503","TABLE","8","AlertDate","date","3","10","0","True"
"HnnDW","dbo","Fact_OOS_202503","TABLE","9","AlertResult","nvarchar","510","0","0","True"
"HnnDW","dbo","Fact_OOS_202504","TABLE","1","VISIT_DATE","datetime","8","23","3","True"
"HnnDW","dbo","Fact_OOS_202504","TABLE","2","PHOTO_AUDIT_ID","nvarchar","500","0","0","True"
"HnnDW","dbo","Fact_OOS_202504","TABLE","3","iid","int","4","10","0","True"
"HnnDW","dbo","Fact_OOS_202504","TABLE","4","ReasonID","int","4","10","0","True"
"HnnDW","dbo","Fact_OOS_202504","TABLE","5","FaceId","int","4","10","0","True"
"HnnDW","dbo","Fact_OOS_202504","TABLE","6","AGENCY_NAME","nvarchar","500","0","0","True"
"HnnDW","dbo","Fact_OOS_202504","TABLE","7","AlertType","int","4","10","0","True"
"HnnDW","dbo","Fact_OOS_202504","TABLE","8","AlertDate","date","3","10","0","True"
"HnnDW","dbo","Fact_OOS_202504","TABLE","9","AlertResult","nvarchar","510","0","0","True"
"HnnDW","dbo","Fact_OOS_202505","TABLE","1","VISIT_DATE","datetime","8","23","3","True"
"HnnDW","dbo","Fact_OOS_202505","TABLE","2","PHOTO_AUDIT_ID","nvarchar","500","0","0","True"
"HnnDW","dbo","Fact_OOS_202505","TABLE","3","iid","int","4","10","0","True"
"HnnDW","dbo","Fact_OOS_202505","TABLE","4","ReasonID","int","4","10","0","True"
"HnnDW","dbo","Fact_OOS_202505","TABLE","5","FaceId","int","4","10","0","True"
"HnnDW","dbo","Fact_OOS_202505","TABLE","6","AGENCY_NAME","nvarchar","500","0","0","True"
"HnnDW","dbo","Fact_OOS_202505","TABLE","7","AlertType","int","4","10","0","True"
"HnnDW","dbo","Fact_OOS_202505","TABLE","8","AlertDate","date","3","10","0","True"
"HnnDW","dbo","Fact_OOS_202505","TABLE","9","AlertResult","nvarchar","510","0","0","True"
"HnnDW","dbo","Fact_OOS_202506","TABLE","1","VISIT_DATE","datetime","8","23","3","True"
"HnnDW","dbo","Fact_OOS_202506","TABLE","2","PHOTO_AUDIT_ID","nvarchar","500","0","0","True"
"HnnDW","dbo","Fact_OOS_202506","TABLE","3","iid","int","4","10","0","True"
"HnnDW","dbo","Fact_OOS_202506","TABLE","4","ReasonID","int","4","10","0","True"
"HnnDW","dbo","Fact_OOS_202506","TABLE","5","FaceId","int","4","10","0","True"
"HnnDW","dbo","Fact_OOS_202506","TABLE","6","AGENCY_NAME","nvarchar","500","0","0","True"
"HnnDW","dbo","Fact_OOS_202506","TABLE","7","AlertType","int","4","10","0","True"
"HnnDW","dbo","Fact_OOS_202506","TABLE","8","AlertDate","date","3","10","0","True"
"HnnDW","dbo","Fact_OOS_202506","TABLE","9","AlertResult","nvarchar","510","0","0","True"
"HnnDW","dbo","Fact_OOS_202507","TABLE","1","VISIT_DATE","datetime","8","23","3","True"
"HnnDW","dbo","Fact_OOS_202507","TABLE","2","PHOTO_AUDIT_ID","nvarchar","500","0","0","True"
"HnnDW","dbo","Fact_OOS_202507","TABLE","3","iid","int","4","10","0","True"
"HnnDW","dbo","Fact_OOS_202507","TABLE","4","ReasonID","int","4","10","0","True"
"HnnDW","dbo","Fact_OOS_202507","TABLE","5","FaceId","int","4","10","0","True"
"HnnDW","dbo","Fact_OOS_202507","TABLE","6","AGENCY_NAME","nvarchar","500","0","0","True"
"HnnDW","dbo","Fact_OOS_202507","TABLE","7","AlertType","int","4","10","0","True"
"HnnDW","dbo","Fact_OOS_202507","TABLE","8","AlertDate","date","3","10","0","True"
"HnnDW","dbo","Fact_OOS_202507","TABLE","9","AlertResult","nvarchar","510","0","0","True"
"HnnDW","dbo","Fact_OOS_202508","TABLE","1","VISIT_DATE","datetime","8","23","3","True"
"HnnDW","dbo","Fact_OOS_202508","TABLE","2","PHOTO_AUDIT_ID","nvarchar","500","0","0","True"
"HnnDW","dbo","Fact_OOS_202508","TABLE","3","iid","int","4","10","0","True"
"HnnDW","dbo","Fact_OOS_202508","TABLE","4","ReasonID","int","4","10","0","True"
"HnnDW","dbo","Fact_OOS_202508","TABLE","5","FaceId","int","4","10","0","True"
"HnnDW","dbo","Fact_OOS_202508","TABLE","6","AGENCY_NAME","nvarchar","500","0","0","True"
"HnnDW","dbo","Fact_OOS_202508","TABLE","7","AlertType","int","4","10","0","True"
"HnnDW","dbo","Fact_OOS_202508","TABLE","8","AlertDate","date","3","10","0","True"
"HnnDW","dbo","Fact_OOS_202508","TABLE","9","AlertResult","nvarchar","510","0","0","True"
"HnnDW","dbo","Fact_OOS_202509","TABLE","1","VISIT_DATE","datetime","8","23","3","True"
"HnnDW","dbo","Fact_OOS_202509","TABLE","2","PHOTO_AUDIT_ID","nvarchar","500","0","0","True"
"HnnDW","dbo","Fact_OOS_202509","TABLE","3","iid","int","4","10","0","True"
"HnnDW","dbo","Fact_OOS_202509","TABLE","4","ReasonID","int","4","10","0","True"
"HnnDW","dbo","Fact_OOS_202509","TABLE","5","FaceId","int","4","10","0","True"
"HnnDW","dbo","Fact_OOS_202509","TABLE","6","AGENCY_NAME","nvarchar","500","0","0","True"
"HnnDW","dbo","Fact_OOS_202509","TABLE","7","AlertType","int","4","10","0","True"
"HnnDW","dbo","Fact_OOS_202509","TABLE","8","AlertDate","date","3","10","0","True"
"HnnDW","dbo","Fact_OOS_202509","TABLE","9","AlertResult","nvarchar","510","0","0","True"
"HnnDW","dbo","Fact_OOS_202510","TABLE","1","VISIT_DATE","datetime","8","23","3","True"
"HnnDW","dbo","Fact_OOS_202510","TABLE","2","PHOTO_AUDIT_ID","nvarchar","500","0","0","True"
"HnnDW","dbo","Fact_OOS_202510","TABLE","3","iid","int","4","10","0","True"
"HnnDW","dbo","Fact_OOS_202510","TABLE","4","ReasonID","int","4","10","0","True"
"HnnDW","dbo","Fact_OOS_202510","TABLE","5","FaceId","int","4","10","0","True"
"HnnDW","dbo","Fact_OOS_202510","TABLE","6","AGENCY_NAME","nvarchar","500","0","0","True"
"HnnDW","dbo","Fact_OOS_202510","TABLE","7","AlertType","int","4","10","0","True"
"HnnDW","dbo","Fact_OOS_202510","TABLE","8","AlertDate","date","3","10","0","True"
"HnnDW","dbo","Fact_OOS_202510","TABLE","9","AlertResult","nvarchar","510","0","0","True"
"HnnDW","dbo","Fact_OOS_202511","TABLE","1","VISIT_DATE","datetime","8","23","3","True"
"HnnDW","dbo","Fact_OOS_202511","TABLE","2","PHOTO_AUDIT_ID","nvarchar","500","0","0","True"
"HnnDW","dbo","Fact_OOS_202511","TABLE","3","iid","int","4","10","0","True"
"HnnDW","dbo","Fact_OOS_202511","TABLE","4","ReasonID","int","4","10","0","True"
"HnnDW","dbo","Fact_OOS_202511","TABLE","5","FaceId","int","4","10","0","True"
"HnnDW","dbo","Fact_OOS_202511","TABLE","6","AGENCY_NAME","nvarchar","500","0","0","True"
"HnnDW","dbo","Fact_OOS_202511","TABLE","7","AlertType","int","4","10","0","True"
"HnnDW","dbo","Fact_OOS_202511","TABLE","8","AlertDate","date","3","10","0","True"
"HnnDW","dbo","Fact_OOS_202511","TABLE","9","AlertResult","nvarchar","510","0","0","True"
"HnnDW","dbo","Fact_OOS_202512","TABLE","1","VISIT_DATE","datetime","8","23","3","True"
"HnnDW","dbo","Fact_OOS_202512","TABLE","2","PHOTO_AUDIT_ID","nvarchar","500","0","0","True"
"HnnDW","dbo","Fact_OOS_202512","TABLE","3","iid","int","4","10","0","True"
"HnnDW","dbo","Fact_OOS_202512","TABLE","4","ReasonID","int","4","10","0","True"
"HnnDW","dbo","Fact_OOS_202512","TABLE","5","FaceId","int","4","10","0","True"
"HnnDW","dbo","Fact_OOS_202512","TABLE","6","AGENCY_NAME","nvarchar","500","0","0","True"
"HnnDW","dbo","Fact_OOS_202512","TABLE","7","AlertType","int","4","10","0","True"
"HnnDW","dbo","Fact_OOS_202512","TABLE","8","AlertDate","date","3","10","0","True"
"HnnDW","dbo","Fact_OOS_202512","TABLE","9","AlertResult","nvarchar","510","0","0","True"
"HnnDW","dbo","Fact_OOS_202601","TABLE","1","VISIT_DATE","datetime","8","23","3","True"
"HnnDW","dbo","Fact_OOS_202601","TABLE","2","PHOTO_AUDIT_ID","nvarchar","500","0","0","True"
"HnnDW","dbo","Fact_OOS_202601","TABLE","3","iid","int","4","10","0","True"
"HnnDW","dbo","Fact_OOS_202601","TABLE","4","ReasonID","int","4","10","0","True"
"HnnDW","dbo","Fact_OOS_202601","TABLE","5","FaceId","int","4","10","0","True"
"HnnDW","dbo","Fact_OOS_202601","TABLE","6","AGENCY_NAME","nvarchar","500","0","0","True"
"HnnDW","dbo","Fact_OOS_202601","TABLE","7","AlertType","int","4","10","0","True"
"HnnDW","dbo","Fact_OOS_202601","TABLE","8","AlertDate","date","3","10","0","True"
"HnnDW","dbo","Fact_OOS_202601","TABLE","9","AlertResult","nvarchar","510","0","0","True"
"HnnDW","dbo","Fact_OOS_202602","TABLE","1","VISIT_DATE","datetime","8","23","3","True"
"HnnDW","dbo","Fact_OOS_202602","TABLE","2","PHOTO_AUDIT_ID","nvarchar","500","0","0","True"
"HnnDW","dbo","Fact_OOS_202602","TABLE","3","iid","int","4","10","0","True"
"HnnDW","dbo","Fact_OOS_202602","TABLE","4","ReasonID","int","4","10","0","True"
"HnnDW","dbo","Fact_OOS_202602","TABLE","5","FaceId","int","4","10","0","True"
"HnnDW","dbo","Fact_OOS_202602","TABLE","6","AGENCY_NAME","nvarchar","500","0","0","True"
"HnnDW","dbo","Fact_OOS_202602","TABLE","7","AlertType","int","4","10","0","True"
"HnnDW","dbo","Fact_OOS_202602","TABLE","8","AlertDate","date","3","10","0","True"
"HnnDW","dbo","Fact_OOS_202602","TABLE","9","AlertResult","nvarchar","510","0","0","True"
"HnnDW","dbo","Fact_OOS_202603","TABLE","1","VISIT_DATE","datetime","8","23","3","True"
"HnnDW","dbo","Fact_OOS_202603","TABLE","2","PHOTO_AUDIT_ID","nvarchar","500","0","0","True"
"HnnDW","dbo","Fact_OOS_202603","TABLE","3","iid","int","4","10","0","True"
"HnnDW","dbo","Fact_OOS_202603","TABLE","4","ReasonID","int","4","10","0","True"
"HnnDW","dbo","Fact_OOS_202603","TABLE","5","FaceId","int","4","10","0","True"
"HnnDW","dbo","Fact_OOS_202603","TABLE","6","AGENCY_NAME","nvarchar","500","0","0","True"
"HnnDW","dbo","Fact_OOS_202603","TABLE","7","AlertType","int","4","10","0","True"
"HnnDW","dbo","Fact_OOS_202603","TABLE","8","AlertDate","date","3","10","0","True"
"HnnDW","dbo","Fact_OOS_202603","TABLE","9","AlertResult","nvarchar","510","0","0","True"
"HnnDW","dbo","Fact_OOS_202604","TABLE","1","VISIT_DATE","datetime","8","23","3","True"
"HnnDW","dbo","Fact_OOS_202604","TABLE","2","PHOTO_AUDIT_ID","nvarchar","500","0","0","True"
"HnnDW","dbo","Fact_OOS_202604","TABLE","3","iid","int","4","10","0","True"
"HnnDW","dbo","Fact_OOS_202604","TABLE","4","ReasonID","int","4","10","0","True"
"HnnDW","dbo","Fact_OOS_202604","TABLE","5","FaceId","int","4","10","0","True"
"HnnDW","dbo","Fact_OOS_202604","TABLE","6","AGENCY_NAME","nvarchar","500","0","0","True"
"HnnDW","dbo","Fact_OOS_202604","TABLE","7","AlertType","int","4","10","0","True"
"HnnDW","dbo","Fact_OOS_202604","TABLE","8","AlertDate","date","3","10","0","True"
"HnnDW","dbo","Fact_OOS_202604","TABLE","9","AlertResult","nvarchar","510","0","0","True"
"HnnDW","dbo","Fact_OOS_202605","TABLE","1","VISIT_DATE","datetime","8","23","3","True"
"HnnDW","dbo","Fact_OOS_202605","TABLE","2","PHOTO_AUDIT_ID","nvarchar","500","0","0","True"
"HnnDW","dbo","Fact_OOS_202605","TABLE","3","iid","int","4","10","0","True"
"HnnDW","dbo","Fact_OOS_202605","TABLE","4","ReasonID","int","4","10","0","True"
"HnnDW","dbo","Fact_OOS_202605","TABLE","5","FaceId","int","4","10","0","True"
"HnnDW","dbo","Fact_OOS_202605","TABLE","6","AGENCY_NAME","nvarchar","500","0","0","True"
"HnnDW","dbo","Fact_OOS_202605","TABLE","7","AlertType","int","4","10","0","True"
"HnnDW","dbo","Fact_OOS_202605","TABLE","8","AlertDate","date","3","10","0","True"
"HnnDW","dbo","Fact_OOS_202605","TABLE","9","AlertResult","nvarchar","510","0","0","True"
"HnnDW","dbo","Fact_OOS_202606","TABLE","1","VISIT_DATE","datetime","8","23","3","True"
"HnnDW","dbo","Fact_OOS_202606","TABLE","2","PHOTO_AUDIT_ID","nvarchar","500","0","0","True"
"HnnDW","dbo","Fact_OOS_202606","TABLE","3","iid","int","4","10","0","True"
"HnnDW","dbo","Fact_OOS_202606","TABLE","4","ReasonID","int","4","10","0","True"
"HnnDW","dbo","Fact_OOS_202606","TABLE","5","FaceId","int","4","10","0","True"
"HnnDW","dbo","Fact_OOS_202606","TABLE","6","AGENCY_NAME","nvarchar","500","0","0","True"
"HnnDW","dbo","Fact_OOS_202606","TABLE","7","AlertType","int","4","10","0","True"
"HnnDW","dbo","Fact_OOS_202606","TABLE","8","AlertDate","date","3","10","0","True"
"HnnDW","dbo","Fact_OOS_202606","TABLE","9","AlertResult","nvarchar","510","0","0","True"
"HnnDW","dbo","Fact_OOS_202607","TABLE","1","VISIT_DATE","datetime","8","23","3","True"
"HnnDW","dbo","Fact_OOS_202607","TABLE","2","PHOTO_AUDIT_ID","nvarchar","500","0","0","True"
"HnnDW","dbo","Fact_OOS_202607","TABLE","3","iid","int","4","10","0","True"
"HnnDW","dbo","Fact_OOS_202607","TABLE","4","ReasonID","int","4","10","0","True"
"HnnDW","dbo","Fact_OOS_202607","TABLE","5","FaceId","int","4","10","0","True"
"HnnDW","dbo","Fact_OOS_202607","TABLE","6","AGENCY_NAME","nvarchar","500","0","0","True"
"HnnDW","dbo","Fact_OOS_202607","TABLE","7","AlertType","int","4","10","0","True"
"HnnDW","dbo","Fact_OOS_202607","TABLE","8","AlertDate","date","3","10","0","True"
"HnnDW","dbo","Fact_OOS_202607","TABLE","9","AlertResult","nvarchar","510","0","0","True"
"HnnDW","dbo","Fact_OOS_202608","TABLE","1","VISIT_DATE","datetime","8","23","3","True"
"HnnDW","dbo","Fact_OOS_202608","TABLE","2","PHOTO_AUDIT_ID","nvarchar","500","0","0","True"
"HnnDW","dbo","Fact_OOS_202608","TABLE","3","iid","int","4","10","0","True"
"HnnDW","dbo","Fact_OOS_202608","TABLE","4","ReasonID","int","4","10","0","True"
"HnnDW","dbo","Fact_OOS_202608","TABLE","5","FaceId","int","4","10","0","True"
"HnnDW","dbo","Fact_OOS_202608","TABLE","6","AGENCY_NAME","nvarchar","500","0","0","True"
"HnnDW","dbo","Fact_OOS_202608","TABLE","7","AlertType","int","4","10","0","True"
"HnnDW","dbo","Fact_OOS_202608","TABLE","8","AlertDate","date","3","10","0","True"
"HnnDW","dbo","Fact_OOS_202608","TABLE","9","AlertResult","nvarchar","510","0","0","True"
"HnnDW","dbo","Fact_OSA","VIEW","1","VISIT_ID","nvarchar","500","0","0","True"
"HnnDW","dbo","Fact_OSA","VIEW","2","VISIT_DATE","datetime","8","23","3","True"
"HnnDW","dbo","Fact_OSA","VIEW","3","VISIT_STATUS","nvarchar","500","0","0","True"
"HnnDW","dbo","Fact_OSA","VIEW","4","VISIT_IS_PLANED","int","4","10","0","True"
"HnnDW","dbo","Fact_OSA","VIEW","5","PHOTO_AUDIT_ID","nvarchar","500","0","0","True"
"HnnDW","dbo","Fact_OSA","VIEW","6","PHOTO_AUDIT_COUNTER","int","4","10","0","True"
"HnnDW","dbo","Fact_OSA","VIEW","7","SHIP_TO","nvarchar","100","0","0","True"
"HnnDW","dbo","Fact_OSA","VIEW","8","ROUTE_TYPE","nvarchar","500","0","0","True"
"HnnDW","dbo","Fact_OSA","VIEW","9","PRODUCT_NATURE_CD","varchar","250","0","0","True"
"HnnDW","dbo","Fact_OSA","VIEW","10","PRODUCT_NATURE","varchar","250","0","0","True"
"HnnDW","dbo","Fact_OSA","VIEW","11","SCENE_TYPE_ID","nvarchar","500","0","0","True"
"HnnDW","dbo","Fact_OSA","VIEW","12","PROMO","int","4","10","0","True"
"HnnDW","dbo","Fact_OSA","VIEW","13","MUST","nvarchar","500","0","0","True"
"HnnDW","dbo","Fact_OSA","VIEW","14","INNO","int","4","10","0","True"
"HnnDW","dbo","Fact_OSA","VIEW","15","MATRIX_ID","nvarchar","500","0","0","True"
"HnnDW","dbo","Fact_OSA","VIEW","16","MATRIX_NAME","nvarchar","500","0","0","True"
"HnnDW","dbo","Fact_OSA","VIEW","17","IN_MATRIX","int","4","10","0","True"
"HnnDW","dbo","Fact_OSA","VIEW","18","IN_STOCK","int","4","10","0","True"
"HnnDW","dbo","Fact_OSA","VIEW","19","AGENCY_NAME","nvarchar","500","0","0","True"
"HnnDW","dbo","Fact_OSA","VIEW","20","PICOS","tinyint","1","3","0","True"
"HnnDW","dbo","Fact_OSA","VIEW","21","BRAND_TYPE_CD","varchar","250","0","0","True"
"HnnDW","dbo","Fact_OSA_202211","TABLE","1","VISIT_ID","nvarchar","500","0","0","True"
"HnnDW","dbo","Fact_OSA_202211","TABLE","2","VISIT_DATE","datetime","8","23","3","True"
"HnnDW","dbo","Fact_OSA_202211","TABLE","3","VISIT_STATUS","nvarchar","500","0","0","True"
"HnnDW","dbo","Fact_OSA_202211","TABLE","4","VISIT_IS_PLANED","int","4","10","0","True"
"HnnDW","dbo","Fact_OSA_202211","TABLE","5","PHOTO_AUDIT_ID","nvarchar","500","0","0","True"
"HnnDW","dbo","Fact_OSA_202211","TABLE","6","PHOTO_AUDIT_COUNTER","int","4","10","0","True"
"HnnDW","dbo","Fact_OSA_202211","TABLE","7","ROUTE_TYPE","nvarchar","500","0","0","True"
"HnnDW","dbo","Fact_OSA_202211","TABLE","8","SCENE_TYPE_ID","nvarchar","500","0","0","True"
"HnnDW","dbo","Fact_OSA_202211","TABLE","9","PROMO","int","4","10","0","True"
"HnnDW","dbo","Fact_OSA_202211","TABLE","10","MUST","nvarchar","500","0","0","True"
"HnnDW","dbo","Fact_OSA_202211","TABLE","11","INNO","int","4","10","0","True"
"HnnDW","dbo","Fact_OSA_202211","TABLE","12","MATRIX_ID","nvarchar","500","0","0","True"
"HnnDW","dbo","Fact_OSA_202211","TABLE","13","MATRIX_NAME","nvarchar","500","0","0","True"
"HnnDW","dbo","Fact_OSA_202211","TABLE","14","IN_MATRIX","int","4","10","0","True"
"HnnDW","dbo","Fact_OSA_202211","TABLE","15","IN_STOCK","int","4","10","0","True"
"HnnDW","dbo","Fact_OSA_202211","TABLE","16","AGENCY_NAME","nvarchar","500","0","0","True"
"HnnDW","dbo","Fact_OSA_202211","TABLE","17","fid","int","4","10","0","True"
"HnnDW","dbo","Fact_OSA_202211","TABLE","18","iid","int","4","10","0","True"
"HnnDW","dbo","Fact_OSA_202211","TABLE","19","PICOS","tinyint","1","3","0","True"
"HnnDW","dbo","Fact_OSA_202212","TABLE","1","VISIT_ID","nvarchar","500","0","0","True"
"HnnDW","dbo","Fact_OSA_202212","TABLE","2","VISIT_DATE","datetime","8","23","3","True"
"HnnDW","dbo","Fact_OSA_202212","TABLE","3","VISIT_STATUS","nvarchar","500","0","0","True"
"HnnDW","dbo","Fact_OSA_202212","TABLE","4","VISIT_IS_PLANED","int","4","10","0","True"
"HnnDW","dbo","Fact_OSA_202212","TABLE","5","PHOTO_AUDIT_ID","nvarchar","500","0","0","True"
"HnnDW","dbo","Fact_OSA_202212","TABLE","6","PHOTO_AUDIT_COUNTER","int","4","10","0","True"
"HnnDW","dbo","Fact_OSA_202212","TABLE","7","ROUTE_TYPE","nvarchar","500","0","0","True"
"HnnDW","dbo","Fact_OSA_202212","TABLE","8","SCENE_TYPE_ID","nvarchar","500","0","0","True"
"HnnDW","dbo","Fact_OSA_202212","TABLE","9","PROMO","int","4","10","0","True"
"HnnDW","dbo","Fact_OSA_202212","TABLE","10","MUST","nvarchar","500","0","0","True"
"HnnDW","dbo","Fact_OSA_202212","TABLE","11","INNO","int","4","10","0","True"
"HnnDW","dbo","Fact_OSA_202212","TABLE","12","MATRIX_ID","nvarchar","500","0","0","True"
"HnnDW","dbo","Fact_OSA_202212","TABLE","13","MATRIX_NAME","nvarchar","500","0","0","True"
"HnnDW","dbo","Fact_OSA_202212","TABLE","14","IN_MATRIX","int","4","10","0","True"
"HnnDW","dbo","Fact_OSA_202212","TABLE","15","IN_STOCK","int","4","10","0","True"
"HnnDW","dbo","Fact_OSA_202212","TABLE","16","AGENCY_NAME","nvarchar","500","0","0","True"
"HnnDW","dbo","Fact_OSA_202212","TABLE","17","fid","int","4","10","0","True"
"HnnDW","dbo","Fact_OSA_202212","TABLE","18","iid","int","4","10","0","True"
"HnnDW","dbo","Fact_OSA_202212","TABLE","19","PICOS","tinyint","1","3","0","True"
"HnnDW","dbo","Fact_OSA_202301","TABLE","1","VISIT_ID","nvarchar","500","0","0","True"
"HnnDW","dbo","Fact_OSA_202301","TABLE","2","VISIT_DATE","datetime","8","23","3","True"
"HnnDW","dbo","Fact_OSA_202301","TABLE","3","VISIT_STATUS","nvarchar","500","0","0","True"
"HnnDW","dbo","Fact_OSA_202301","TABLE","4","VISIT_IS_PLANED","int","4","10","0","True"
"HnnDW","dbo","Fact_OSA_202301","TABLE","5","PHOTO_AUDIT_ID","nvarchar","500","0","0","True"
"HnnDW","dbo","Fact_OSA_202301","TABLE","6","PHOTO_AUDIT_COUNTER","int","4","10","0","True"
"HnnDW","dbo","Fact_OSA_202301","TABLE","7","ROUTE_TYPE","nvarchar","500","0","0","True"
"HnnDW","dbo","Fact_OSA_202301","TABLE","8","SCENE_TYPE_ID","nvarchar","500","0","0","True"
"HnnDW","dbo","Fact_OSA_202301","TABLE","9","PROMO","int","4","10","0","True"
"HnnDW","dbo","Fact_OSA_202301","TABLE","10","MUST","nvarchar","500","0","0","True"
"HnnDW","dbo","Fact_OSA_202301","TABLE","11","INNO","int","4","10","0","True"
"HnnDW","dbo","Fact_OSA_202301","TABLE","12","MATRIX_ID","nvarchar","500","0","0","True"
"HnnDW","dbo","Fact_OSA_202301","TABLE","13","MATRIX_NAME","nvarchar","500","0","0","True"
"HnnDW","dbo","Fact_OSA_202301","TABLE","14","IN_MATRIX","int","4","10","0","True"
"HnnDW","dbo","Fact_OSA_202301","TABLE","15","IN_STOCK","int","4","10","0","True"
"HnnDW","dbo","Fact_OSA_202301","TABLE","16","AGENCY_NAME","nvarchar","500","0","0","True"
"HnnDW","dbo","Fact_OSA_202301","TABLE","17","fid","int","4","10","0","True"
"HnnDW","dbo","Fact_OSA_202301","TABLE","18","iid","int","4","10","0","True"
"HnnDW","dbo","Fact_OSA_202301","TABLE","19","PICOS","tinyint","1","3","0","True"
"HnnDW","dbo","Fact_OSA_202302","TABLE","1","VISIT_ID","nvarchar","500","0","0","True"
"HnnDW","dbo","Fact_OSA_202302","TABLE","2","VISIT_DATE","datetime","8","23","3","True"
"HnnDW","dbo","Fact_OSA_202302","TABLE","3","VISIT_STATUS","nvarchar","500","0","0","True"
"HnnDW","dbo","Fact_OSA_202302","TABLE","4","VISIT_IS_PLANED","int","4","10","0","True"
"HnnDW","dbo","Fact_OSA_202302","TABLE","5","PHOTO_AUDIT_ID","nvarchar","500","0","0","True"
"HnnDW","dbo","Fact_OSA_202302","TABLE","6","PHOTO_AUDIT_COUNTER","int","4","10","0","True"
"HnnDW","dbo","Fact_OSA_202302","TABLE","7","ROUTE_TYPE","nvarchar","500","0","0","True"
"HnnDW","dbo","Fact_OSA_202302","TABLE","8","SCENE_TYPE_ID","nvarchar","500","0","0","True"
"HnnDW","dbo","Fact_OSA_202302","TABLE","9","PROMO","int","4","10","0","True"
"HnnDW","dbo","Fact_OSA_202302","TABLE","10","MUST","nvarchar","500","0","0","True"
"HnnDW","dbo","Fact_OSA_202302","TABLE","11","INNO","int","4","10","0","True"
"HnnDW","dbo","Fact_OSA_202302","TABLE","12","MATRIX_ID","nvarchar","500","0","0","True"
"HnnDW","dbo","Fact_OSA_202302","TABLE","13","MATRIX_NAME","nvarchar","500","0","0","True"
"HnnDW","dbo","Fact_OSA_202302","TABLE","14","IN_MATRIX","int","4","10","0","True"
"HnnDW","dbo","Fact_OSA_202302","TABLE","15","IN_STOCK","int","4","10","0","True"
"HnnDW","dbo","Fact_OSA_202302","TABLE","16","AGENCY_NAME","nvarchar","500","0","0","True"
"HnnDW","dbo","Fact_OSA_202302","TABLE","17","fid","int","4","10","0","True"
"HnnDW","dbo","Fact_OSA_202302","TABLE","18","iid","int","4","10","0","True"
"HnnDW","dbo","Fact_OSA_202302","TABLE","19","PICOS","tinyint","1","3","0","True"
"HnnDW","dbo","Fact_OSA_202303","TABLE","1","VISIT_ID","nvarchar","500","0","0","True"
"HnnDW","dbo","Fact_OSA_202303","TABLE","2","VISIT_DATE","datetime","8","23","3","True"
"HnnDW","dbo","Fact_OSA_202303","TABLE","3","VISIT_STATUS","nvarchar","500","0","0","True"
"HnnDW","dbo","Fact_OSA_202303","TABLE","4","VISIT_IS_PLANED","int","4","10","0","True"
"HnnDW","dbo","Fact_OSA_202303","TABLE","5","PHOTO_AUDIT_ID","nvarchar","500","0","0","True"
"HnnDW","dbo","Fact_OSA_202303","TABLE","6","PHOTO_AUDIT_COUNTER","int","4","10","0","True"
"HnnDW","dbo","Fact_OSA_202303","TABLE","7","ROUTE_TYPE","nvarchar","500","0","0","True"
"HnnDW","dbo","Fact_OSA_202303","TABLE","8","SCENE_TYPE_ID","nvarchar","500","0","0","True"
"HnnDW","dbo","Fact_OSA_202303","TABLE","9","PROMO","int","4","10","0","True"
"HnnDW","dbo","Fact_OSA_202303","TABLE","10","MUST","nvarchar","500","0","0","True"
"HnnDW","dbo","Fact_OSA_202303","TABLE","11","INNO","int","4","10","0","True"
"HnnDW","dbo","Fact_OSA_202303","TABLE","12","MATRIX_ID","nvarchar","500","0","0","True"
"HnnDW","dbo","Fact_OSA_202303","TABLE","13","MATRIX_NAME","nvarchar","500","0","0","True"
"HnnDW","dbo","Fact_OSA_202303","TABLE","14","IN_MATRIX","int","4","10","0","True"
"HnnDW","dbo","Fact_OSA_202303","TABLE","15","IN_STOCK","int","4","10","0","True"
"HnnDW","dbo","Fact_OSA_202303","TABLE","16","AGENCY_NAME","nvarchar","500","0","0","True"
"HnnDW","dbo","Fact_OSA_202303","TABLE","17","fid","int","4","10","0","True"
"HnnDW","dbo","Fact_OSA_202303","TABLE","18","iid","int","4","10","0","True"
"HnnDW","dbo","Fact_OSA_202303","TABLE","19","PICOS","tinyint","1","3","0","True"
"HnnDW","dbo","Fact_OSA_202304","TABLE","1","VISIT_ID","nvarchar","500","0","0","True"
"HnnDW","dbo","Fact_OSA_202304","TABLE","2","VISIT_DATE","datetime","8","23","3","True"
"HnnDW","dbo","Fact_OSA_202304","TABLE","3","VISIT_STATUS","nvarchar","500","0","0","True"
"HnnDW","dbo","Fact_OSA_202304","TABLE","4","VISIT_IS_PLANED","int","4","10","0","True"
"HnnDW","dbo","Fact_OSA_202304","TABLE","5","PHOTO_AUDIT_ID","nvarchar","500","0","0","True"
"HnnDW","dbo","Fact_OSA_202304","TABLE","6","PHOTO_AUDIT_COUNTER","int","4","10","0","True"
"HnnDW","dbo","Fact_OSA_202304","TABLE","7","ROUTE_TYPE","nvarchar","500","0","0","True"
"HnnDW","dbo","Fact_OSA_202304","TABLE","8","SCENE_TYPE_ID","nvarchar","500","0","0","True"
"HnnDW","dbo","Fact_OSA_202304","TABLE","9","PROMO","int","4","10","0","True"
"HnnDW","dbo","Fact_OSA_202304","TABLE","10","MUST","nvarchar","500","0","0","True"
"HnnDW","dbo","Fact_OSA_202304","TABLE","11","INNO","int","4","10","0","True"
"HnnDW","dbo","Fact_OSA_202304","TABLE","12","MATRIX_ID","nvarchar","500","0","0","True"
"HnnDW","dbo","Fact_OSA_202304","TABLE","13","MATRIX_NAME","nvarchar","500","0","0","True"
"HnnDW","dbo","Fact_OSA_202304","TABLE","14","IN_MATRIX","int","4","10","0","True"
"HnnDW","dbo","Fact_OSA_202304","TABLE","15","IN_STOCK","int","4","10","0","True"
"HnnDW","dbo","Fact_OSA_202304","TABLE","16","AGENCY_NAME","nvarchar","500","0","0","True"
"HnnDW","dbo","Fact_OSA_202304","TABLE","17","fid","int","4","10","0","True"
"HnnDW","dbo","Fact_OSA_202304","TABLE","18","iid","int","4","10","0","True"
"HnnDW","dbo","Fact_OSA_202304","TABLE","19","PICOS","tinyint","1","3","0","True"
"HnnDW","dbo","Fact_OSA_202305","TABLE","1","VISIT_ID","nvarchar","500","0","0","True"
"HnnDW","dbo","Fact_OSA_202305","TABLE","2","VISIT_DATE","datetime","8","23","3","True"
"HnnDW","dbo","Fact_OSA_202305","TABLE","3","VISIT_STATUS","nvarchar","500","0","0","True"
"HnnDW","dbo","Fact_OSA_202305","TABLE","4","VISIT_IS_PLANED","int","4","10","0","True"
"HnnDW","dbo","Fact_OSA_202305","TABLE","5","PHOTO_AUDIT_ID","nvarchar","500","0","0","True"
"HnnDW","dbo","Fact_OSA_202305","TABLE","6","PHOTO_AUDIT_COUNTER","int","4","10","0","True"
"HnnDW","dbo","Fact_OSA_202305","TABLE","7","ROUTE_TYPE","nvarchar","500","0","0","True"
"HnnDW","dbo","Fact_OSA_202305","TABLE","8","SCENE_TYPE_ID","nvarchar","500","0","0","True"
"HnnDW","dbo","Fact_OSA_202305","TABLE","9","PROMO","int","4","10","0","True"
"HnnDW","dbo","Fact_OSA_202305","TABLE","10","MUST","nvarchar","500","0","0","True"
"HnnDW","dbo","Fact_OSA_202305","TABLE","11","INNO","int","4","10","0","True"
"HnnDW","dbo","Fact_OSA_202305","TABLE","12","MATRIX_ID","nvarchar","500","0","0","True"
"HnnDW","dbo","Fact_OSA_202305","TABLE","13","MATRIX_NAME","nvarchar","500","0","0","True"
"HnnDW","dbo","Fact_OSA_202305","TABLE","14","IN_MATRIX","int","4","10","0","True"
"HnnDW","dbo","Fact_OSA_202305","TABLE","15","IN_STOCK","int","4","10","0","True"
"HnnDW","dbo","Fact_OSA_202305","TABLE","16","AGENCY_NAME","nvarchar","500","0","0","True"
"HnnDW","dbo","Fact_OSA_202305","TABLE","17","fid","int","4","10","0","True"
"HnnDW","dbo","Fact_OSA_202305","TABLE","18","iid","int","4","10","0","True"
"HnnDW","dbo","Fact_OSA_202305","TABLE","19","PICOS","tinyint","1","3","0","True"
"HnnDW","dbo","Fact_OSA_202306","TABLE","1","VISIT_ID","nvarchar","500","0","0","True"
"HnnDW","dbo","Fact_OSA_202306","TABLE","2","VISIT_DATE","datetime","8","23","3","True"
"HnnDW","dbo","Fact_OSA_202306","TABLE","3","VISIT_STATUS","nvarchar","500","0","0","True"
"HnnDW","dbo","Fact_OSA_202306","TABLE","4","VISIT_IS_PLANED","int","4","10","0","True"
"HnnDW","dbo","Fact_OSA_202306","TABLE","5","PHOTO_AUDIT_ID","nvarchar","500","0","0","True"
"HnnDW","dbo","Fact_OSA_202306","TABLE","6","PHOTO_AUDIT_COUNTER","int","4","10","0","True"
"HnnDW","dbo","Fact_OSA_202306","TABLE","7","ROUTE_TYPE","nvarchar","500","0","0","True"
"HnnDW","dbo","Fact_OSA_202306","TABLE","8","SCENE_TYPE_ID","nvarchar","500","0","0","True"
"HnnDW","dbo","Fact_OSA_202306","TABLE","9","PROMO","int","4","10","0","True"
"HnnDW","dbo","Fact_OSA_202306","TABLE","10","MUST","nvarchar","500","0","0","True"
"HnnDW","dbo","Fact_OSA_202306","TABLE","11","INNO","int","4","10","0","True"
"HnnDW","dbo","Fact_OSA_202306","TABLE","12","MATRIX_ID","nvarchar","500","0","0","True"
"HnnDW","dbo","Fact_OSA_202306","TABLE","13","MATRIX_NAME","nvarchar","500","0","0","True"
"HnnDW","dbo","Fact_OSA_202306","TABLE","14","IN_MATRIX","int","4","10","0","True"
"HnnDW","dbo","Fact_OSA_202306","TABLE","15","IN_STOCK","int","4","10","0","True"
"HnnDW","dbo","Fact_OSA_202306","TABLE","16","AGENCY_NAME","nvarchar","500","0","0","True"
"HnnDW","dbo","Fact_OSA_202306","TABLE","17","fid","int","4","10","0","True"
"HnnDW","dbo","Fact_OSA_202306","TABLE","18","iid","int","4","10","0","True"
"HnnDW","dbo","Fact_OSA_202306","TABLE","19","PICOS","tinyint","1","3","0","True"
"HnnDW","dbo","Fact_OSA_202307","TABLE","1","VISIT_ID","nvarchar","500","0","0","True"
"HnnDW","dbo","Fact_OSA_202307","TABLE","2","VISIT_DATE","datetime","8","23","3","True"
"HnnDW","dbo","Fact_OSA_202307","TABLE","3","VISIT_STATUS","nvarchar","500","0","0","True"
"HnnDW","dbo","Fact_OSA_202307","TABLE","4","VISIT_IS_PLANED","int","4","10","0","True"
"HnnDW","dbo","Fact_OSA_202307","TABLE","5","PHOTO_AUDIT_ID","nvarchar","500","0","0","True"
"HnnDW","dbo","Fact_OSA_202307","TABLE","6","PHOTO_AUDIT_COUNTER","int","4","10","0","True"
"HnnDW","dbo","Fact_OSA_202307","TABLE","7","ROUTE_TYPE","nvarchar","500","0","0","True"
"HnnDW","dbo","Fact_OSA_202307","TABLE","8","SCENE_TYPE_ID","nvarchar","500","0","0","True"
"HnnDW","dbo","Fact_OSA_202307","TABLE","9","PROMO","int","4","10","0","True"
"HnnDW","dbo","Fact_OSA_202307","TABLE","10","MUST","nvarchar","500","0","0","True"
"HnnDW","dbo","Fact_OSA_202307","TABLE","11","INNO","int","4","10","0","True"
"HnnDW","dbo","Fact_OSA_202307","TABLE","12","MATRIX_ID","nvarchar","500","0","0","True"
"HnnDW","dbo","Fact_OSA_202307","TABLE","13","MATRIX_NAME","nvarchar","500","0","0","True"
"HnnDW","dbo","Fact_OSA_202307","TABLE","14","IN_MATRIX","int","4","10","0","True"
"HnnDW","dbo","Fact_OSA_202307","TABLE","15","IN_STOCK","int","4","10","0","True"
"HnnDW","dbo","Fact_OSA_202307","TABLE","16","AGENCY_NAME","nvarchar","500","0","0","True"
"HnnDW","dbo","Fact_OSA_202307","TABLE","17","fid","int","4","10","0","True"
"HnnDW","dbo","Fact_OSA_202307","TABLE","18","iid","int","4","10","0","True"
"HnnDW","dbo","Fact_OSA_202307","TABLE","19","PICOS","tinyint","1","3","0","True"
"HnnDW","dbo","Fact_OSA_202308","TABLE","1","VISIT_ID","nvarchar","500","0","0","True"
"HnnDW","dbo","Fact_OSA_202308","TABLE","2","VISIT_DATE","datetime","8","23","3","True"
"HnnDW","dbo","Fact_OSA_202308","TABLE","3","VISIT_STATUS","nvarchar","500","0","0","True"
"HnnDW","dbo","Fact_OSA_202308","TABLE","4","VISIT_IS_PLANED","int","4","10","0","True"
"HnnDW","dbo","Fact_OSA_202308","TABLE","5","PHOTO_AUDIT_ID","nvarchar","500","0","0","True"
"HnnDW","dbo","Fact_OSA_202308","TABLE","6","PHOTO_AUDIT_COUNTER","int","4","10","0","True"
"HnnDW","dbo","Fact_OSA_202308","TABLE","7","ROUTE_TYPE","nvarchar","500","0","0","True"
"HnnDW","dbo","Fact_OSA_202308","TABLE","8","SCENE_TYPE_ID","nvarchar","500","0","0","True"
"HnnDW","dbo","Fact_OSA_202308","TABLE","9","PROMO","int","4","10","0","True"
"HnnDW","dbo","Fact_OSA_202308","TABLE","10","MUST","nvarchar","500","0","0","True"
"HnnDW","dbo","Fact_OSA_202308","TABLE","11","INNO","int","4","10","0","True"
"HnnDW","dbo","Fact_OSA_202308","TABLE","12","MATRIX_ID","nvarchar","500","0","0","True"
"HnnDW","dbo","Fact_OSA_202308","TABLE","13","MATRIX_NAME","nvarchar","500","0","0","True"
"HnnDW","dbo","Fact_OSA_202308","TABLE","14","IN_MATRIX","int","4","10","0","True"
"HnnDW","dbo","Fact_OSA_202308","TABLE","15","IN_STOCK","int","4","10","0","True"
"HnnDW","dbo","Fact_OSA_202308","TABLE","16","AGENCY_NAME","nvarchar","500","0","0","True"
"HnnDW","dbo","Fact_OSA_202308","TABLE","17","fid","int","4","10","0","True"
"HnnDW","dbo","Fact_OSA_202308","TABLE","18","iid","int","4","10","0","True"
"HnnDW","dbo","Fact_OSA_202308","TABLE","19","PICOS","tinyint","1","3","0","True"
"HnnDW","dbo","Fact_OSA_202309","TABLE","1","VISIT_ID","nvarchar","500","0","0","True"
"HnnDW","dbo","Fact_OSA_202309","TABLE","2","VISIT_DATE","datetime","8","23","3","True"
"HnnDW","dbo","Fact_OSA_202309","TABLE","3","VISIT_STATUS","nvarchar","500","0","0","True"
"HnnDW","dbo","Fact_OSA_202309","TABLE","4","VISIT_IS_PLANED","int","4","10","0","True"
"HnnDW","dbo","Fact_OSA_202309","TABLE","5","PHOTO_AUDIT_ID","nvarchar","500","0","0","True"
"HnnDW","dbo","Fact_OSA_202309","TABLE","6","PHOTO_AUDIT_COUNTER","int","4","10","0","True"
"HnnDW","dbo","Fact_OSA_202309","TABLE","7","ROUTE_TYPE","nvarchar","500","0","0","True"
"HnnDW","dbo","Fact_OSA_202309","TABLE","8","SCENE_TYPE_ID","nvarchar","500","0","0","True"
"HnnDW","dbo","Fact_OSA_202309","TABLE","9","PROMO","int","4","10","0","True"
"HnnDW","dbo","Fact_OSA_202309","TABLE","10","MUST","nvarchar","500","0","0","True"
"HnnDW","dbo","Fact_OSA_202309","TABLE","11","INNO","int","4","10","0","True"
"HnnDW","dbo","Fact_OSA_202309","TABLE","12","MATRIX_ID","nvarchar","500","0","0","True"
"HnnDW","dbo","Fact_OSA_202309","TABLE","13","MATRIX_NAME","nvarchar","500","0","0","True"
"HnnDW","dbo","Fact_OSA_202309","TABLE","14","IN_MATRIX","int","4","10","0","True"
"HnnDW","dbo","Fact_OSA_202309","TABLE","15","IN_STOCK","int","4","10","0","True"
"HnnDW","dbo","Fact_OSA_202309","TABLE","16","AGENCY_NAME","nvarchar","500","0","0","True"
"HnnDW","dbo","Fact_OSA_202309","TABLE","17","fid","int","4","10","0","True"
"HnnDW","dbo","Fact_OSA_202309","TABLE","18","iid","int","4","10","0","True"
"HnnDW","dbo","Fact_OSA_202309","TABLE","19","PICOS","tinyint","1","3","0","True"
"HnnDW","dbo","Fact_OSA_202310","TABLE","1","VISIT_ID","nvarchar","500","0","0","True"
"HnnDW","dbo","Fact_OSA_202310","TABLE","2","VISIT_DATE","datetime","8","23","3","True"
"HnnDW","dbo","Fact_OSA_202310","TABLE","3","VISIT_STATUS","nvarchar","500","0","0","True"
"HnnDW","dbo","Fact_OSA_202310","TABLE","4","VISIT_IS_PLANED","int","4","10","0","True"
"HnnDW","dbo","Fact_OSA_202310","TABLE","5","PHOTO_AUDIT_ID","nvarchar","500","0","0","True"
"HnnDW","dbo","Fact_OSA_202310","TABLE","6","PHOTO_AUDIT_COUNTER","int","4","10","0","True"
"HnnDW","dbo","Fact_OSA_202310","TABLE","7","ROUTE_TYPE","nvarchar","500","0","0","True"
"HnnDW","dbo","Fact_OSA_202310","TABLE","8","SCENE_TYPE_ID","nvarchar","500","0","0","True"
"HnnDW","dbo","Fact_OSA_202310","TABLE","9","PROMO","int","4","10","0","True"
"HnnDW","dbo","Fact_OSA_202310","TABLE","10","MUST","nvarchar","500","0","0","True"
"HnnDW","dbo","Fact_OSA_202310","TABLE","11","INNO","int","4","10","0","True"
"HnnDW","dbo","Fact_OSA_202310","TABLE","12","MATRIX_ID","nvarchar","500","0","0","True"
"HnnDW","dbo","Fact_OSA_202310","TABLE","13","MATRIX_NAME","nvarchar","500","0","0","True"
"HnnDW","dbo","Fact_OSA_202310","TABLE","14","IN_MATRIX","int","4","10","0","True"
"HnnDW","dbo","Fact_OSA_202310","TABLE","15","IN_STOCK","int","4","10","0","True"
"HnnDW","dbo","Fact_OSA_202310","TABLE","16","AGENCY_NAME","nvarchar","500","0","0","True"
"HnnDW","dbo","Fact_OSA_202310","TABLE","17","fid","int","4","10","0","True"
"HnnDW","dbo","Fact_OSA_202310","TABLE","18","iid","int","4","10","0","True"
"HnnDW","dbo","Fact_OSA_202310","TABLE","19","PICOS","tinyint","1","3","0","True"
"HnnDW","dbo","Fact_OSA_202311","TABLE","1","VISIT_ID","nvarchar","500","0","0","True"
"HnnDW","dbo","Fact_OSA_202311","TABLE","2","VISIT_DATE","datetime","8","23","3","True"
"HnnDW","dbo","Fact_OSA_202311","TABLE","3","VISIT_STATUS","nvarchar","500","0","0","True"
"HnnDW","dbo","Fact_OSA_202311","TABLE","4","VISIT_IS_PLANED","int","4","10","0","True"
"HnnDW","dbo","Fact_OSA_202311","TABLE","5","PHOTO_AUDIT_ID","nvarchar","500","0","0","True"
"HnnDW","dbo","Fact_OSA_202311","TABLE","6","PHOTO_AUDIT_COUNTER","int","4","10","0","True"
"HnnDW","dbo","Fact_OSA_202311","TABLE","7","ROUTE_TYPE","nvarchar","500","0","0","True"
"HnnDW","dbo","Fact_OSA_202311","TABLE","8","SCENE_TYPE_ID","nvarchar","500","0","0","True"
"HnnDW","dbo","Fact_OSA_202311","TABLE","9","PROMO","int","4","10","0","True"
"HnnDW","dbo","Fact_OSA_202311","TABLE","10","MUST","nvarchar","500","0","0","True"
"HnnDW","dbo","Fact_OSA_202311","TABLE","11","INNO","int","4","10","0","True"
"HnnDW","dbo","Fact_OSA_202311","TABLE","12","MATRIX_ID","nvarchar","500","0","0","True"
"HnnDW","dbo","Fact_OSA_202311","TABLE","13","MATRIX_NAME","nvarchar","500","0","0","True"
"HnnDW","dbo","Fact_OSA_202311","TABLE","14","IN_MATRIX","int","4","10","0","True"
"HnnDW","dbo","Fact_OSA_202311","TABLE","15","IN_STOCK","int","4","10","0","True"
"HnnDW","dbo","Fact_OSA_202311","TABLE","16","AGENCY_NAME","nvarchar","500","0","0","True"
"HnnDW","dbo","Fact_OSA_202311","TABLE","17","fid","int","4","10","0","True"
"HnnDW","dbo","Fact_OSA_202311","TABLE","18","iid","int","4","10","0","True"
"HnnDW","dbo","Fact_OSA_202311","TABLE","19","PICOS","tinyint","1","3","0","True"
"HnnDW","dbo","Fact_OSA_202312","TABLE","1","VISIT_ID","nvarchar","500","0","0","True"
"HnnDW","dbo","Fact_OSA_202312","TABLE","2","VISIT_DATE","datetime","8","23","3","True"
"HnnDW","dbo","Fact_OSA_202312","TABLE","3","VISIT_STATUS","nvarchar","500","0","0","True"
"HnnDW","dbo","Fact_OSA_202312","TABLE","4","VISIT_IS_PLANED","int","4","10","0","True"
"HnnDW","dbo","Fact_OSA_202312","TABLE","5","PHOTO_AUDIT_ID","nvarchar","500","0","0","True"
"HnnDW","dbo","Fact_OSA_202312","TABLE","6","PHOTO_AUDIT_COUNTER","int","4","10","0","True"
"HnnDW","dbo","Fact_OSA_202312","TABLE","7","ROUTE_TYPE","nvarchar","500","0","0","True"
"HnnDW","dbo","Fact_OSA_202312","TABLE","8","SCENE_TYPE_ID","nvarchar","500","0","0","True"
"HnnDW","dbo","Fact_OSA_202312","TABLE","9","PROMO","int","4","10","0","True"
"HnnDW","dbo","Fact_OSA_202312","TABLE","10","MUST","nvarchar","500","0","0","True"
"HnnDW","dbo","Fact_OSA_202312","TABLE","11","INNO","int","4","10","0","True"
"HnnDW","dbo","Fact_OSA_202312","TABLE","12","MATRIX_ID","nvarchar","500","0","0","True"
"HnnDW","dbo","Fact_OSA_202312","TABLE","13","MATRIX_NAME","nvarchar","500","0","0","True"
"HnnDW","dbo","Fact_OSA_202312","TABLE","14","IN_MATRIX","int","4","10","0","True"
"HnnDW","dbo","Fact_OSA_202312","TABLE","15","IN_STOCK","int","4","10","0","True"
"HnnDW","dbo","Fact_OSA_202312","TABLE","16","AGENCY_NAME","nvarchar","500","0","0","True"
"HnnDW","dbo","Fact_OSA_202312","TABLE","17","fid","int","4","10","0","True"
"HnnDW","dbo","Fact_OSA_202312","TABLE","18","iid","int","4","10","0","True"
"HnnDW","dbo","Fact_OSA_202312","TABLE","19","PICOS","tinyint","1","3","0","True"
"HnnDW","dbo","Fact_OSA_202401","TABLE","1","VISIT_ID","nvarchar","500","0","0","True"
"HnnDW","dbo","Fact_OSA_202401","TABLE","2","VISIT_DATE","datetime","8","23","3","True"
"HnnDW","dbo","Fact_OSA_202401","TABLE","3","VISIT_STATUS","nvarchar","500","0","0","True"
"HnnDW","dbo","Fact_OSA_202401","TABLE","4","VISIT_IS_PLANED","int","4","10","0","True"
"HnnDW","dbo","Fact_OSA_202401","TABLE","5","PHOTO_AUDIT_ID","nvarchar","500","0","0","True"
"HnnDW","dbo","Fact_OSA_202401","TABLE","6","PHOTO_AUDIT_COUNTER","int","4","10","0","True"
"HnnDW","dbo","Fact_OSA_202401","TABLE","7","ROUTE_TYPE","nvarchar","500","0","0","True"
"HnnDW","dbo","Fact_OSA_202401","TABLE","8","SCENE_TYPE_ID","nvarchar","500","0","0","True"
"HnnDW","dbo","Fact_OSA_202401","TABLE","9","PROMO","int","4","10","0","True"
"HnnDW","dbo","Fact_OSA_202401","TABLE","10","MUST","nvarchar","500","0","0","True"
"HnnDW","dbo","Fact_OSA_202401","TABLE","11","INNO","int","4","10","0","True"
"HnnDW","dbo","Fact_OSA_202401","TABLE","12","MATRIX_ID","nvarchar","500","0","0","True"
"HnnDW","dbo","Fact_OSA_202401","TABLE","13","MATRIX_NAME","nvarchar","500","0","0","True"
"HnnDW","dbo","Fact_OSA_202401","TABLE","14","IN_MATRIX","int","4","10","0","True"
"HnnDW","dbo","Fact_OSA_202401","TABLE","15","IN_STOCK","int","4","10","0","True"
"HnnDW","dbo","Fact_OSA_202401","TABLE","16","AGENCY_NAME","nvarchar","500","0","0","True"
"HnnDW","dbo","Fact_OSA_202401","TABLE","17","fid","int","4","10","0","True"
"HnnDW","dbo","Fact_OSA_202401","TABLE","18","iid","int","4","10","0","True"
"HnnDW","dbo","Fact_OSA_202401","TABLE","19","PICOS","tinyint","1","3","0","True"
"HnnDW","dbo","Fact_OSA_202402","TABLE","1","VISIT_ID","nvarchar","500","0","0","True"
"HnnDW","dbo","Fact_OSA_202402","TABLE","2","VISIT_DATE","datetime","8","23","3","True"
"HnnDW","dbo","Fact_OSA_202402","TABLE","3","VISIT_STATUS","nvarchar","500","0","0","True"
"HnnDW","dbo","Fact_OSA_202402","TABLE","4","VISIT_IS_PLANED","int","4","10","0","True"
"HnnDW","dbo","Fact_OSA_202402","TABLE","5","PHOTO_AUDIT_ID","nvarchar","500","0","0","True"
"HnnDW","dbo","Fact_OSA_202402","TABLE","6","PHOTO_AUDIT_COUNTER","int","4","10","0","True"
"HnnDW","dbo","Fact_OSA_202402","TABLE","7","ROUTE_TYPE","nvarchar","500","0","0","True"
"HnnDW","dbo","Fact_OSA_202402","TABLE","8","SCENE_TYPE_ID","nvarchar","500","0","0","True"
"HnnDW","dbo","Fact_OSA_202402","TABLE","9","PROMO","int","4","10","0","True"
"HnnDW","dbo","Fact_OSA_202402","TABLE","10","MUST","nvarchar","500","0","0","True"
"HnnDW","dbo","Fact_OSA_202402","TABLE","11","INNO","int","4","10","0","True"
"HnnDW","dbo","Fact_OSA_202402","TABLE","12","MATRIX_ID","nvarchar","500","0","0","True"
"HnnDW","dbo","Fact_OSA_202402","TABLE","13","MATRIX_NAME","nvarchar","500","0","0","True"
"HnnDW","dbo","Fact_OSA_202402","TABLE","14","IN_MATRIX","int","4","10","0","True"
"HnnDW","dbo","Fact_OSA_202402","TABLE","15","IN_STOCK","int","4","10","0","True"
"HnnDW","dbo","Fact_OSA_202402","TABLE","16","AGENCY_NAME","nvarchar","500","0","0","True"
"HnnDW","dbo","Fact_OSA_202402","TABLE","17","fid","int","4","10","0","True"
"HnnDW","dbo","Fact_OSA_202402","TABLE","18","iid","int","4","10","0","True"
"HnnDW","dbo","Fact_OSA_202402","TABLE","19","PICOS","tinyint","1","3","0","True"
"HnnDW","dbo","Fact_OSA_202403","TABLE","1","VISIT_ID","nvarchar","500","0","0","True"
"HnnDW","dbo","Fact_OSA_202403","TABLE","2","VISIT_DATE","datetime","8","23","3","True"
"HnnDW","dbo","Fact_OSA_202403","TABLE","3","VISIT_STATUS","nvarchar","500","0","0","True"
"HnnDW","dbo","Fact_OSA_202403","TABLE","4","VISIT_IS_PLANED","int","4","10","0","True"
"HnnDW","dbo","Fact_OSA_202403","TABLE","5","PHOTO_AUDIT_ID","nvarchar","500","0","0","True"
"HnnDW","dbo","Fact_OSA_202403","TABLE","6","PHOTO_AUDIT_COUNTER","int","4","10","0","True"
"HnnDW","dbo","Fact_OSA_202403","TABLE","7","ROUTE_TYPE","nvarchar","500","0","0","True"
"HnnDW","dbo","Fact_OSA_202403","TABLE","8","SCENE_TYPE_ID","nvarchar","500","0","0","True"
"HnnDW","dbo","Fact_OSA_202403","TABLE","9","PROMO","int","4","10","0","True"
"HnnDW","dbo","Fact_OSA_202403","TABLE","10","MUST","nvarchar","500","0","0","True"
"HnnDW","dbo","Fact_OSA_202403","TABLE","11","INNO","int","4","10","0","True"
"HnnDW","dbo","Fact_OSA_202403","TABLE","12","MATRIX_ID","nvarchar","500","0","0","True"
"HnnDW","dbo","Fact_OSA_202403","TABLE","13","MATRIX_NAME","nvarchar","500","0","0","True"
"HnnDW","dbo","Fact_OSA_202403","TABLE","14","IN_MATRIX","int","4","10","0","True"
"HnnDW","dbo","Fact_OSA_202403","TABLE","15","IN_STOCK","int","4","10","0","True"
"HnnDW","dbo","Fact_OSA_202403","TABLE","16","AGENCY_NAME","nvarchar","500","0","0","True"
"HnnDW","dbo","Fact_OSA_202403","TABLE","17","fid","int","4","10","0","True"
"HnnDW","dbo","Fact_OSA_202403","TABLE","18","iid","int","4","10","0","True"
"HnnDW","dbo","Fact_OSA_202403","TABLE","19","PICOS","tinyint","1","3","0","True"
"HnnDW","dbo","Fact_OSA_202404","TABLE","1","VISIT_ID","nvarchar","500","0","0","True"
"HnnDW","dbo","Fact_OSA_202404","TABLE","2","VISIT_DATE","datetime","8","23","3","True"
"HnnDW","dbo","Fact_OSA_202404","TABLE","3","VISIT_STATUS","nvarchar","500","0","0","True"
"HnnDW","dbo","Fact_OSA_202404","TABLE","4","VISIT_IS_PLANED","int","4","10","0","True"
"HnnDW","dbo","Fact_OSA_202404","TABLE","5","PHOTO_AUDIT_ID","nvarchar","500","0","0","True"
"HnnDW","dbo","Fact_OSA_202404","TABLE","6","PHOTO_AUDIT_COUNTER","int","4","10","0","True"
"HnnDW","dbo","Fact_OSA_202404","TABLE","7","ROUTE_TYPE","nvarchar","500","0","0","True"
"HnnDW","dbo","Fact_OSA_202404","TABLE","8","SCENE_TYPE_ID","nvarchar","500","0","0","True"
"HnnDW","dbo","Fact_OSA_202404","TABLE","9","PROMO","int","4","10","0","True"
"HnnDW","dbo","Fact_OSA_202404","TABLE","10","MUST","nvarchar","500","0","0","True"
"HnnDW","dbo","Fact_OSA_202404","TABLE","11","INNO","int","4","10","0","True"
"HnnDW","dbo","Fact_OSA_202404","TABLE","12","MATRIX_ID","nvarchar","500","0","0","True"
"HnnDW","dbo","Fact_OSA_202404","TABLE","13","MATRIX_NAME","nvarchar","500","0","0","True"
"HnnDW","dbo","Fact_OSA_202404","TABLE","14","IN_MATRIX","int","4","10","0","True"
"HnnDW","dbo","Fact_OSA_202404","TABLE","15","IN_STOCK","int","4","10","0","True"
"HnnDW","dbo","Fact_OSA_202404","TABLE","16","AGENCY_NAME","nvarchar","500","0","0","True"
"HnnDW","dbo","Fact_OSA_202404","TABLE","17","fid","int","4","10","0","True"
"HnnDW","dbo","Fact_OSA_202404","TABLE","18","iid","int","4","10","0","True"
"HnnDW","dbo","Fact_OSA_202404","TABLE","19","PICOS","tinyint","1","3","0","True"
"HnnDW","dbo","Fact_OSA_202405","TABLE","1","VISIT_ID","nvarchar","500","0","0","True"
"HnnDW","dbo","Fact_OSA_202405","TABLE","2","VISIT_DATE","datetime","8","23","3","True"
"HnnDW","dbo","Fact_OSA_202405","TABLE","3","VISIT_STATUS","nvarchar","500","0","0","True"
"HnnDW","dbo","Fact_OSA_202405","TABLE","4","VISIT_IS_PLANED","int","4","10","0","True"
"HnnDW","dbo","Fact_OSA_202405","TABLE","5","PHOTO_AUDIT_ID","nvarchar","500","0","0","True"
"HnnDW","dbo","Fact_OSA_202405","TABLE","6","PHOTO_AUDIT_COUNTER","int","4","10","0","True"
"HnnDW","dbo","Fact_OSA_202405","TABLE","7","ROUTE_TYPE","nvarchar","500","0","0","True"
"HnnDW","dbo","Fact_OSA_202405","TABLE","8","SCENE_TYPE_ID","nvarchar","500","0","0","True"
"HnnDW","dbo","Fact_OSA_202405","TABLE","9","PROMO","int","4","10","0","True"
"HnnDW","dbo","Fact_OSA_202405","TABLE","10","MUST","nvarchar","500","0","0","True"
"HnnDW","dbo","Fact_OSA_202405","TABLE","11","INNO","int","4","10","0","True"
"HnnDW","dbo","Fact_OSA_202405","TABLE","12","MATRIX_ID","nvarchar","500","0","0","True"
"HnnDW","dbo","Fact_OSA_202405","TABLE","13","MATRIX_NAME","nvarchar","500","0","0","True"
"HnnDW","dbo","Fact_OSA_202405","TABLE","14","IN_MATRIX","int","4","10","0","True"
"HnnDW","dbo","Fact_OSA_202405","TABLE","15","IN_STOCK","int","4","10","0","True"
"HnnDW","dbo","Fact_OSA_202405","TABLE","16","AGENCY_NAME","nvarchar","500","0","0","True"
"HnnDW","dbo","Fact_OSA_202405","TABLE","17","fid","int","4","10","0","True"
"HnnDW","dbo","Fact_OSA_202405","TABLE","18","iid","int","4","10","0","True"
"HnnDW","dbo","Fact_OSA_202405","TABLE","19","PICOS","tinyint","1","3","0","True"
"HnnDW","dbo","Fact_OSA_202406","TABLE","1","VISIT_ID","nvarchar","500","0","0","True"
"HnnDW","dbo","Fact_OSA_202406","TABLE","2","VISIT_DATE","datetime","8","23","3","True"
"HnnDW","dbo","Fact_OSA_202406","TABLE","3","VISIT_STATUS","nvarchar","500","0","0","True"
"HnnDW","dbo","Fact_OSA_202406","TABLE","4","VISIT_IS_PLANED","int","4","10","0","True"
"HnnDW","dbo","Fact_OSA_202406","TABLE","5","PHOTO_AUDIT_ID","nvarchar","500","0","0","True"
"HnnDW","dbo","Fact_OSA_202406","TABLE","6","PHOTO_AUDIT_COUNTER","int","4","10","0","True"
"HnnDW","dbo","Fact_OSA_202406","TABLE","7","ROUTE_TYPE","nvarchar","500","0","0","True"
"HnnDW","dbo","Fact_OSA_202406","TABLE","8","SCENE_TYPE_ID","nvarchar","500","0","0","True"
"HnnDW","dbo","Fact_OSA_202406","TABLE","9","PROMO","int","4","10","0","True"
"HnnDW","dbo","Fact_OSA_202406","TABLE","10","MUST","nvarchar","500","0","0","True"
"HnnDW","dbo","Fact_OSA_202406","TABLE","11","INNO","int","4","10","0","True"
"HnnDW","dbo","Fact_OSA_202406","TABLE","12","MATRIX_ID","nvarchar","500","0","0","True"
"HnnDW","dbo","Fact_OSA_202406","TABLE","13","MATRIX_NAME","nvarchar","500","0","0","True"
"HnnDW","dbo","Fact_OSA_202406","TABLE","14","IN_MATRIX","int","4","10","0","True"
"HnnDW","dbo","Fact_OSA_202406","TABLE","15","IN_STOCK","int","4","10","0","True"
"HnnDW","dbo","Fact_OSA_202406","TABLE","16","AGENCY_NAME","nvarchar","500","0","0","True"
"HnnDW","dbo","Fact_OSA_202406","TABLE","17","fid","int","4","10","0","True"
"HnnDW","dbo","Fact_OSA_202406","TABLE","18","iid","int","4","10","0","True"
"HnnDW","dbo","Fact_OSA_202406","TABLE","19","PICOS","tinyint","1","3","0","True"
"HnnDW","dbo","Fact_OSA_202407","TABLE","1","VISIT_ID","nvarchar","500","0","0","True"
"HnnDW","dbo","Fact_OSA_202407","TABLE","2","VISIT_DATE","datetime","8","23","3","True"
"HnnDW","dbo","Fact_OSA_202407","TABLE","3","VISIT_STATUS","nvarchar","500","0","0","True"
"HnnDW","dbo","Fact_OSA_202407","TABLE","4","VISIT_IS_PLANED","int","4","10","0","True"
"HnnDW","dbo","Fact_OSA_202407","TABLE","5","PHOTO_AUDIT_ID","nvarchar","500","0","0","True"
"HnnDW","dbo","Fact_OSA_202407","TABLE","6","PHOTO_AUDIT_COUNTER","int","4","10","0","True"
"HnnDW","dbo","Fact_OSA_202407","TABLE","7","ROUTE_TYPE","nvarchar","500","0","0","True"
"HnnDW","dbo","Fact_OSA_202407","TABLE","8","SCENE_TYPE_ID","nvarchar","500","0","0","True"
"HnnDW","dbo","Fact_OSA_202407","TABLE","9","PROMO","int","4","10","0","True"
"HnnDW","dbo","Fact_OSA_202407","TABLE","10","MUST","nvarchar","500","0","0","True"
"HnnDW","dbo","Fact_OSA_202407","TABLE","11","INNO","int","4","10","0","True"
"HnnDW","dbo","Fact_OSA_202407","TABLE","12","MATRIX_ID","nvarchar","500","0","0","True"
"HnnDW","dbo","Fact_OSA_202407","TABLE","13","MATRIX_NAME","nvarchar","500","0","0","True"
"HnnDW","dbo","Fact_OSA_202407","TABLE","14","IN_MATRIX","int","4","10","0","True"
"HnnDW","dbo","Fact_OSA_202407","TABLE","15","IN_STOCK","int","4","10","0","True"
"HnnDW","dbo","Fact_OSA_202407","TABLE","16","AGENCY_NAME","nvarchar","500","0","0","True"
"HnnDW","dbo","Fact_OSA_202407","TABLE","17","fid","int","4","10","0","True"
"HnnDW","dbo","Fact_OSA_202407","TABLE","18","iid","int","4","10","0","True"
"HnnDW","dbo","Fact_OSA_202407","TABLE","19","PICOS","tinyint","1","3","0","True"
"HnnDW","dbo","Fact_OSA_202408","TABLE","1","VISIT_ID","nvarchar","500","0","0","True"
"HnnDW","dbo","Fact_OSA_202408","TABLE","2","VISIT_DATE","datetime","8","23","3","True"
"HnnDW","dbo","Fact_OSA_202408","TABLE","3","VISIT_STATUS","nvarchar","500","0","0","True"
"HnnDW","dbo","Fact_OSA_202408","TABLE","4","VISIT_IS_PLANED","int","4","10","0","True"
"HnnDW","dbo","Fact_OSA_202408","TABLE","5","PHOTO_AUDIT_ID","nvarchar","500","0","0","True"
"HnnDW","dbo","Fact_OSA_202408","TABLE","6","PHOTO_AUDIT_COUNTER","int","4","10","0","True"
"HnnDW","dbo","Fact_OSA_202408","TABLE","7","ROUTE_TYPE","nvarchar","500","0","0","True"
"HnnDW","dbo","Fact_OSA_202408","TABLE","8","SCENE_TYPE_ID","nvarchar","500","0","0","True"
"HnnDW","dbo","Fact_OSA_202408","TABLE","9","PROMO","int","4","10","0","True"
"HnnDW","dbo","Fact_OSA_202408","TABLE","10","MUST","nvarchar","500","0","0","True"
"HnnDW","dbo","Fact_OSA_202408","TABLE","11","INNO","int","4","10","0","True"
"HnnDW","dbo","Fact_OSA_202408","TABLE","12","MATRIX_ID","nvarchar","500","0","0","True"
"HnnDW","dbo","Fact_OSA_202408","TABLE","13","MATRIX_NAME","nvarchar","500","0","0","True"
"HnnDW","dbo","Fact_OSA_202408","TABLE","14","IN_MATRIX","int","4","10","0","True"
"HnnDW","dbo","Fact_OSA_202408","TABLE","15","IN_STOCK","int","4","10","0","True"
"HnnDW","dbo","Fact_OSA_202408","TABLE","16","AGENCY_NAME","nvarchar","500","0","0","True"
"HnnDW","dbo","Fact_OSA_202408","TABLE","17","fid","int","4","10","0","True"
"HnnDW","dbo","Fact_OSA_202408","TABLE","18","iid","int","4","10","0","True"
"HnnDW","dbo","Fact_OSA_202408","TABLE","19","PICOS","tinyint","1","3","0","True"
"HnnDW","dbo","Fact_OSA_202409","TABLE","1","VISIT_ID","nvarchar","500","0","0","True"
"HnnDW","dbo","Fact_OSA_202409","TABLE","2","VISIT_DATE","datetime","8","23","3","True"
"HnnDW","dbo","Fact_OSA_202409","TABLE","3","VISIT_STATUS","nvarchar","500","0","0","True"
"HnnDW","dbo","Fact_OSA_202409","TABLE","4","VISIT_IS_PLANED","int","4","10","0","True"
"HnnDW","dbo","Fact_OSA_202409","TABLE","5","PHOTO_AUDIT_ID","nvarchar","500","0","0","True"
"HnnDW","dbo","Fact_OSA_202409","TABLE","6","PHOTO_AUDIT_COUNTER","int","4","10","0","True"
"HnnDW","dbo","Fact_OSA_202409","TABLE","7","ROUTE_TYPE","nvarchar","500","0","0","True"
"HnnDW","dbo","Fact_OSA_202409","TABLE","8","SCENE_TYPE_ID","nvarchar","500","0","0","True"
"HnnDW","dbo","Fact_OSA_202409","TABLE","9","PROMO","int","4","10","0","True"
"HnnDW","dbo","Fact_OSA_202409","TABLE","10","MUST","nvarchar","500","0","0","True"
"HnnDW","dbo","Fact_OSA_202409","TABLE","11","INNO","int","4","10","0","True"
"HnnDW","dbo","Fact_OSA_202409","TABLE","12","MATRIX_ID","nvarchar","500","0","0","True"
"HnnDW","dbo","Fact_OSA_202409","TABLE","13","MATRIX_NAME","nvarchar","500","0","0","True"
"HnnDW","dbo","Fact_OSA_202409","TABLE","14","IN_MATRIX","int","4","10","0","True"
"HnnDW","dbo","Fact_OSA_202409","TABLE","15","IN_STOCK","int","4","10","0","True"
"HnnDW","dbo","Fact_OSA_202409","TABLE","16","AGENCY_NAME","nvarchar","500","0","0","True"
"HnnDW","dbo","Fact_OSA_202409","TABLE","17","fid","int","4","10","0","True"
"HnnDW","dbo","Fact_OSA_202409","TABLE","18","iid","int","4","10","0","True"
"HnnDW","dbo","Fact_OSA_202409","TABLE","19","PICOS","tinyint","1","3","0","True"
"HnnDW","dbo","Fact_OSA_202410","TABLE","1","VISIT_ID","nvarchar","500","0","0","True"
"HnnDW","dbo","Fact_OSA_202410","TABLE","2","VISIT_DATE","datetime","8","23","3","True"
"HnnDW","dbo","Fact_OSA_202410","TABLE","3","VISIT_STATUS","nvarchar","500","0","0","True"
"HnnDW","dbo","Fact_OSA_202410","TABLE","4","VISIT_IS_PLANED","int","4","10","0","True"
"HnnDW","dbo","Fact_OSA_202410","TABLE","5","PHOTO_AUDIT_ID","nvarchar","500","0","0","True"
"HnnDW","dbo","Fact_OSA_202410","TABLE","6","PHOTO_AUDIT_COUNTER","int","4","10","0","True"
"HnnDW","dbo","Fact_OSA_202410","TABLE","7","ROUTE_TYPE","nvarchar","500","0","0","True"
"HnnDW","dbo","Fact_OSA_202410","TABLE","8","SCENE_TYPE_ID","nvarchar","500","0","0","True"
"HnnDW","dbo","Fact_OSA_202410","TABLE","9","PROMO","int","4","10","0","True"
"HnnDW","dbo","Fact_OSA_202410","TABLE","10","MUST","nvarchar","500","0","0","True"
"HnnDW","dbo","Fact_OSA_202410","TABLE","11","INNO","int","4","10","0","True"
"HnnDW","dbo","Fact_OSA_202410","TABLE","12","MATRIX_ID","nvarchar","500","0","0","True"
"HnnDW","dbo","Fact_OSA_202410","TABLE","13","MATRIX_NAME","nvarchar","500","0","0","True"
"HnnDW","dbo","Fact_OSA_202410","TABLE","14","IN_MATRIX","int","4","10","0","True"
"HnnDW","dbo","Fact_OSA_202410","TABLE","15","IN_STOCK","int","4","10","0","True"
"HnnDW","dbo","Fact_OSA_202410","TABLE","16","AGENCY_NAME","nvarchar","500","0","0","True"
"HnnDW","dbo","Fact_OSA_202410","TABLE","17","fid","int","4","10","0","True"
"HnnDW","dbo","Fact_OSA_202410","TABLE","18","iid","int","4","10","0","True"
"HnnDW","dbo","Fact_OSA_202410","TABLE","19","PICOS","tinyint","1","3","0","True"
"HnnDW","dbo","Fact_OSA_202411","TABLE","1","VISIT_ID","nvarchar","500","0","0","True"
"HnnDW","dbo","Fact_OSA_202411","TABLE","2","VISIT_DATE","datetime","8","23","3","True"
"HnnDW","dbo","Fact_OSA_202411","TABLE","3","VISIT_STATUS","nvarchar","500","0","0","True"
"HnnDW","dbo","Fact_OSA_202411","TABLE","4","VISIT_IS_PLANED","int","4","10","0","True"
"HnnDW","dbo","Fact_OSA_202411","TABLE","5","PHOTO_AUDIT_ID","nvarchar","500","0","0","True"
"HnnDW","dbo","Fact_OSA_202411","TABLE","6","PHOTO_AUDIT_COUNTER","int","4","10","0","True"
"HnnDW","dbo","Fact_OSA_202411","TABLE","7","ROUTE_TYPE","nvarchar","500","0","0","True"
"HnnDW","dbo","Fact_OSA_202411","TABLE","8","SCENE_TYPE_ID","nvarchar","500","0","0","True"
"HnnDW","dbo","Fact_OSA_202411","TABLE","9","PROMO","int","4","10","0","True"
"HnnDW","dbo","Fact_OSA_202411","TABLE","10","MUST","nvarchar","500","0","0","True"
"HnnDW","dbo","Fact_OSA_202411","TABLE","11","INNO","int","4","10","0","True"
"HnnDW","dbo","Fact_OSA_202411","TABLE","12","MATRIX_ID","nvarchar","500","0","0","True"
"HnnDW","dbo","Fact_OSA_202411","TABLE","13","MATRIX_NAME","nvarchar","500","0","0","True"
"HnnDW","dbo","Fact_OSA_202411","TABLE","14","IN_MATRIX","int","4","10","0","True"
"HnnDW","dbo","Fact_OSA_202411","TABLE","15","IN_STOCK","int","4","10","0","True"
"HnnDW","dbo","Fact_OSA_202411","TABLE","16","AGENCY_NAME","nvarchar","500","0","0","True"
"HnnDW","dbo","Fact_OSA_202411","TABLE","17","fid","int","4","10","0","True"
"HnnDW","dbo","Fact_OSA_202411","TABLE","18","iid","int","4","10","0","True"
"HnnDW","dbo","Fact_OSA_202411","TABLE","19","PICOS","tinyint","1","3","0","True"
"HnnDW","dbo","Fact_OSA_202412","TABLE","1","VISIT_ID","nvarchar","500","0","0","True"
"HnnDW","dbo","Fact_OSA_202412","TABLE","2","VISIT_DATE","datetime","8","23","3","True"
"HnnDW","dbo","Fact_OSA_202412","TABLE","3","VISIT_STATUS","nvarchar","500","0","0","True"
"HnnDW","dbo","Fact_OSA_202412","TABLE","4","VISIT_IS_PLANED","int","4","10","0","True"
"HnnDW","dbo","Fact_OSA_202412","TABLE","5","PHOTO_AUDIT_ID","nvarchar","500","0","0","True"
"HnnDW","dbo","Fact_OSA_202412","TABLE","6","PHOTO_AUDIT_COUNTER","int","4","10","0","True"
"HnnDW","dbo","Fact_OSA_202412","TABLE","7","ROUTE_TYPE","nvarchar","500","0","0","True"
"HnnDW","dbo","Fact_OSA_202412","TABLE","8","SCENE_TYPE_ID","nvarchar","500","0","0","True"
"HnnDW","dbo","Fact_OSA_202412","TABLE","9","PROMO","int","4","10","0","True"
"HnnDW","dbo","Fact_OSA_202412","TABLE","10","MUST","nvarchar","500","0","0","True"
"HnnDW","dbo","Fact_OSA_202412","TABLE","11","INNO","int","4","10","0","True"
"HnnDW","dbo","Fact_OSA_202412","TABLE","12","MATRIX_ID","nvarchar","500","0","0","True"
"HnnDW","dbo","Fact_OSA_202412","TABLE","13","MATRIX_NAME","nvarchar","500","0","0","True"
"HnnDW","dbo","Fact_OSA_202412","TABLE","14","IN_MATRIX","int","4","10","0","True"
"HnnDW","dbo","Fact_OSA_202412","TABLE","15","IN_STOCK","int","4","10","0","True"
"HnnDW","dbo","Fact_OSA_202412","TABLE","16","AGENCY_NAME","nvarchar","500","0","0","True"
"HnnDW","dbo","Fact_OSA_202412","TABLE","17","fid","int","4","10","0","True"
"HnnDW","dbo","Fact_OSA_202412","TABLE","18","iid","int","4","10","0","True"
"HnnDW","dbo","Fact_OSA_202412","TABLE","19","PICOS","tinyint","1","3","0","True"
"HnnDW","dbo","Fact_OSA_202501","TABLE","1","VISIT_ID","nvarchar","500","0","0","True"
"HnnDW","dbo","Fact_OSA_202501","TABLE","2","VISIT_DATE","datetime","8","23","3","True"
"HnnDW","dbo","Fact_OSA_202501","TABLE","3","VISIT_STATUS","nvarchar","500","0","0","True"
"HnnDW","dbo","Fact_OSA_202501","TABLE","4","VISIT_IS_PLANED","int","4","10","0","True"
"HnnDW","dbo","Fact_OSA_202501","TABLE","5","PHOTO_AUDIT_ID","nvarchar","500","0","0","True"
"HnnDW","dbo","Fact_OSA_202501","TABLE","6","PHOTO_AUDIT_COUNTER","int","4","10","0","True"
"HnnDW","dbo","Fact_OSA_202501","TABLE","7","ROUTE_TYPE","nvarchar","500","0","0","True"
"HnnDW","dbo","Fact_OSA_202501","TABLE","8","SCENE_TYPE_ID","nvarchar","500","0","0","True"
"HnnDW","dbo","Fact_OSA_202501","TABLE","9","PROMO","int","4","10","0","True"
"HnnDW","dbo","Fact_OSA_202501","TABLE","10","MUST","nvarchar","500","0","0","True"
"HnnDW","dbo","Fact_OSA_202501","TABLE","11","INNO","int","4","10","0","True"
"HnnDW","dbo","Fact_OSA_202501","TABLE","12","MATRIX_ID","nvarchar","500","0","0","True"
"HnnDW","dbo","Fact_OSA_202501","TABLE","13","MATRIX_NAME","nvarchar","500","0","0","True"
"HnnDW","dbo","Fact_OSA_202501","TABLE","14","IN_MATRIX","int","4","10","0","True"
"HnnDW","dbo","Fact_OSA_202501","TABLE","15","IN_STOCK","int","4","10","0","True"
"HnnDW","dbo","Fact_OSA_202501","TABLE","16","AGENCY_NAME","nvarchar","500","0","0","True"
"HnnDW","dbo","Fact_OSA_202501","TABLE","17","fid","int","4","10","0","True"
"HnnDW","dbo","Fact_OSA_202501","TABLE","18","iid","int","4","10","0","True"
"HnnDW","dbo","Fact_OSA_202501","TABLE","19","PICOS","tinyint","1","3","0","True"
"HnnDW","dbo","Fact_OSA_202502","TABLE","1","VISIT_ID","nvarchar","500","0","0","True"
"HnnDW","dbo","Fact_OSA_202502","TABLE","2","VISIT_DATE","datetime","8","23","3","True"
"HnnDW","dbo","Fact_OSA_202502","TABLE","3","VISIT_STATUS","nvarchar","500","0","0","True"
"HnnDW","dbo","Fact_OSA_202502","TABLE","4","VISIT_IS_PLANED","int","4","10","0","True"
"HnnDW","dbo","Fact_OSA_202502","TABLE","5","PHOTO_AUDIT_ID","nvarchar","500","0","0","True"
"HnnDW","dbo","Fact_OSA_202502","TABLE","6","PHOTO_AUDIT_COUNTER","int","4","10","0","True"
"HnnDW","dbo","Fact_OSA_202502","TABLE","7","ROUTE_TYPE","nvarchar","500","0","0","True"
"HnnDW","dbo","Fact_OSA_202502","TABLE","8","SCENE_TYPE_ID","nvarchar","500","0","0","True"
"HnnDW","dbo","Fact_OSA_202502","TABLE","9","PROMO","int","4","10","0","True"
"HnnDW","dbo","Fact_OSA_202502","TABLE","10","MUST","nvarchar","500","0","0","True"
"HnnDW","dbo","Fact_OSA_202502","TABLE","11","INNO","int","4","10","0","True"
"HnnDW","dbo","Fact_OSA_202502","TABLE","12","MATRIX_ID","nvarchar","500","0","0","True"
"HnnDW","dbo","Fact_OSA_202502","TABLE","13","MATRIX_NAME","nvarchar","500","0","0","True"
"HnnDW","dbo","Fact_OSA_202502","TABLE","14","IN_MATRIX","int","4","10","0","True"
"HnnDW","dbo","Fact_OSA_202502","TABLE","15","IN_STOCK","int","4","10","0","True"
"HnnDW","dbo","Fact_OSA_202502","TABLE","16","AGENCY_NAME","nvarchar","500","0","0","True"
"HnnDW","dbo","Fact_OSA_202502","TABLE","17","fid","int","4","10","0","True"
"HnnDW","dbo","Fact_OSA_202502","TABLE","18","iid","int","4","10","0","True"
"HnnDW","dbo","Fact_OSA_202502","TABLE","19","PICOS","tinyint","1","3","0","True"
"HnnDW","dbo","Fact_OSA_202503","TABLE","1","VISIT_ID","nvarchar","500","0","0","True"
"HnnDW","dbo","Fact_OSA_202503","TABLE","2","VISIT_DATE","datetime","8","23","3","True"
"HnnDW","dbo","Fact_OSA_202503","TABLE","3","VISIT_STATUS","nvarchar","500","0","0","True"
"HnnDW","dbo","Fact_OSA_202503","TABLE","4","VISIT_IS_PLANED","int","4","10","0","True"
"HnnDW","dbo","Fact_OSA_202503","TABLE","5","PHOTO_AUDIT_ID","nvarchar","500","0","0","True"
"HnnDW","dbo","Fact_OSA_202503","TABLE","6","PHOTO_AUDIT_COUNTER","int","4","10","0","True"
"HnnDW","dbo","Fact_OSA_202503","TABLE","7","ROUTE_TYPE","nvarchar","500","0","0","True"
"HnnDW","dbo","Fact_OSA_202503","TABLE","8","SCENE_TYPE_ID","nvarchar","500","0","0","True"
"HnnDW","dbo","Fact_OSA_202503","TABLE","9","PROMO","int","4","10","0","True"
"HnnDW","dbo","Fact_OSA_202503","TABLE","10","MUST","nvarchar","500","0","0","True"
"HnnDW","dbo","Fact_OSA_202503","TABLE","11","INNO","int","4","10","0","True"
"HnnDW","dbo","Fact_OSA_202503","TABLE","12","MATRIX_ID","nvarchar","500","0","0","True"
"HnnDW","dbo","Fact_OSA_202503","TABLE","13","MATRIX_NAME","nvarchar","500","0","0","True"
"HnnDW","dbo","Fact_OSA_202503","TABLE","14","IN_MATRIX","int","4","10","0","True"
"HnnDW","dbo","Fact_OSA_202503","TABLE","15","IN_STOCK","int","4","10","0","True"
"HnnDW","dbo","Fact_OSA_202503","TABLE","16","AGENCY_NAME","nvarchar","500","0","0","True"
"HnnDW","dbo","Fact_OSA_202503","TABLE","17","fid","int","4","10","0","True"
"HnnDW","dbo","Fact_OSA_202503","TABLE","18","iid","int","4","10","0","True"
"HnnDW","dbo","Fact_OSA_202503","TABLE","19","PICOS","tinyint","1","3","0","True"
"HnnDW","dbo","Fact_OSA_202504","TABLE","1","VISIT_ID","nvarchar","500","0","0","True"
"HnnDW","dbo","Fact_OSA_202504","TABLE","2","VISIT_DATE","datetime","8","23","3","True"
"HnnDW","dbo","Fact_OSA_202504","TABLE","3","VISIT_STATUS","nvarchar","500","0","0","True"
"HnnDW","dbo","Fact_OSA_202504","TABLE","4","VISIT_IS_PLANED","int","4","10","0","True"
"HnnDW","dbo","Fact_OSA_202504","TABLE","5","PHOTO_AUDIT_ID","nvarchar","500","0","0","True"
"HnnDW","dbo","Fact_OSA_202504","TABLE","6","PHOTO_AUDIT_COUNTER","int","4","10","0","True"
"HnnDW","dbo","Fact_OSA_202504","TABLE","7","ROUTE_TYPE","nvarchar","500","0","0","True"
"HnnDW","dbo","Fact_OSA_202504","TABLE","8","SCENE_TYPE_ID","nvarchar","500","0","0","True"
"HnnDW","dbo","Fact_OSA_202504","TABLE","9","PROMO","int","4","10","0","True"
"HnnDW","dbo","Fact_OSA_202504","TABLE","10","MUST","nvarchar","500","0","0","True"
"HnnDW","dbo","Fact_OSA_202504","TABLE","11","INNO","int","4","10","0","True"
"HnnDW","dbo","Fact_OSA_202504","TABLE","12","MATRIX_ID","nvarchar","500","0","0","True"
"HnnDW","dbo","Fact_OSA_202504","TABLE","13","MATRIX_NAME","nvarchar","500","0","0","True"
"HnnDW","dbo","Fact_OSA_202504","TABLE","14","IN_MATRIX","int","4","10","0","True"
"HnnDW","dbo","Fact_OSA_202504","TABLE","15","IN_STOCK","int","4","10","0","True"
"HnnDW","dbo","Fact_OSA_202504","TABLE","16","AGENCY_NAME","nvarchar","500","0","0","True"
"HnnDW","dbo","Fact_OSA_202504","TABLE","17","fid","int","4","10","0","True"
"HnnDW","dbo","Fact_OSA_202504","TABLE","18","iid","int","4","10","0","True"
"HnnDW","dbo","Fact_OSA_202504","TABLE","19","PICOS","tinyint","1","3","0","True"
"HnnDW","dbo","Fact_OSA_202505","TABLE","1","VISIT_ID","nvarchar","500","0","0","True"
"HnnDW","dbo","Fact_OSA_202505","TABLE","2","VISIT_DATE","datetime","8","23","3","True"
"HnnDW","dbo","Fact_OSA_202505","TABLE","3","VISIT_STATUS","nvarchar","500","0","0","True"
"HnnDW","dbo","Fact_OSA_202505","TABLE","4","VISIT_IS_PLANED","int","4","10","0","True"
"HnnDW","dbo","Fact_OSA_202505","TABLE","5","PHOTO_AUDIT_ID","nvarchar","500","0","0","True"
"HnnDW","dbo","Fact_OSA_202505","TABLE","6","PHOTO_AUDIT_COUNTER","int","4","10","0","True"
"HnnDW","dbo","Fact_OSA_202505","TABLE","7","ROUTE_TYPE","nvarchar","500","0","0","True"
"HnnDW","dbo","Fact_OSA_202505","TABLE","8","SCENE_TYPE_ID","nvarchar","500","0","0","True"
"HnnDW","dbo","Fact_OSA_202505","TABLE","9","PROMO","int","4","10","0","True"
"HnnDW","dbo","Fact_OSA_202505","TABLE","10","MUST","nvarchar","500","0","0","True"
"HnnDW","dbo","Fact_OSA_202505","TABLE","11","INNO","int","4","10","0","True"
"HnnDW","dbo","Fact_OSA_202505","TABLE","12","MATRIX_ID","nvarchar","500","0","0","True"
"HnnDW","dbo","Fact_OSA_202505","TABLE","13","MATRIX_NAME","nvarchar","500","0","0","True"
"HnnDW","dbo","Fact_OSA_202505","TABLE","14","IN_MATRIX","int","4","10","0","True"
"HnnDW","dbo","Fact_OSA_202505","TABLE","15","IN_STOCK","int","4","10","0","True"
"HnnDW","dbo","Fact_OSA_202505","TABLE","16","AGENCY_NAME","nvarchar","500","0","0","True"
"HnnDW","dbo","Fact_OSA_202505","TABLE","17","fid","int","4","10","0","True"
"HnnDW","dbo","Fact_OSA_202505","TABLE","18","iid","int","4","10","0","True"
"HnnDW","dbo","Fact_OSA_202505","TABLE","19","PICOS","tinyint","1","3","0","True"
"HnnDW","dbo","Fact_OSA_202506","TABLE","1","VISIT_ID","nvarchar","500","0","0","True"
"HnnDW","dbo","Fact_OSA_202506","TABLE","2","VISIT_DATE","datetime","8","23","3","True"
"HnnDW","dbo","Fact_OSA_202506","TABLE","3","VISIT_STATUS","nvarchar","500","0","0","True"
"HnnDW","dbo","Fact_OSA_202506","TABLE","4","VISIT_IS_PLANED","int","4","10","0","True"
"HnnDW","dbo","Fact_OSA_202506","TABLE","5","PHOTO_AUDIT_ID","nvarchar","500","0","0","True"
"HnnDW","dbo","Fact_OSA_202506","TABLE","6","PHOTO_AUDIT_COUNTER","int","4","10","0","True"
"HnnDW","dbo","Fact_OSA_202506","TABLE","7","ROUTE_TYPE","nvarchar","500","0","0","True"
"HnnDW","dbo","Fact_OSA_202506","TABLE","8","SCENE_TYPE_ID","nvarchar","500","0","0","True"
"HnnDW","dbo","Fact_OSA_202506","TABLE","9","PROMO","int","4","10","0","True"
"HnnDW","dbo","Fact_OSA_202506","TABLE","10","MUST","nvarchar","500","0","0","True"
"HnnDW","dbo","Fact_OSA_202506","TABLE","11","INNO","int","4","10","0","True"
"HnnDW","dbo","Fact_OSA_202506","TABLE","12","MATRIX_ID","nvarchar","500","0","0","True"
"HnnDW","dbo","Fact_OSA_202506","TABLE","13","MATRIX_NAME","nvarchar","500","0","0","True"
"HnnDW","dbo","Fact_OSA_202506","TABLE","14","IN_MATRIX","int","4","10","0","True"
"HnnDW","dbo","Fact_OSA_202506","TABLE","15","IN_STOCK","int","4","10","0","True"
"HnnDW","dbo","Fact_OSA_202506","TABLE","16","AGENCY_NAME","nvarchar","500","0","0","True"
"HnnDW","dbo","Fact_OSA_202506","TABLE","17","fid","int","4","10","0","True"
"HnnDW","dbo","Fact_OSA_202506","TABLE","18","iid","int","4","10","0","True"
"HnnDW","dbo","Fact_OSA_202506","TABLE","19","PICOS","tinyint","1","3","0","True"
"HnnDW","dbo","Fact_OSA_202507","TABLE","1","VISIT_ID","nvarchar","500","0","0","True"
"HnnDW","dbo","Fact_OSA_202507","TABLE","2","VISIT_DATE","datetime","8","23","3","True"
"HnnDW","dbo","Fact_OSA_202507","TABLE","3","VISIT_STATUS","nvarchar","500","0","0","True"
"HnnDW","dbo","Fact_OSA_202507","TABLE","4","VISIT_IS_PLANED","int","4","10","0","True"
"HnnDW","dbo","Fact_OSA_202507","TABLE","5","PHOTO_AUDIT_ID","nvarchar","500","0","0","True"
"HnnDW","dbo","Fact_OSA_202507","TABLE","6","PHOTO_AUDIT_COUNTER","int","4","10","0","True"
"HnnDW","dbo","Fact_OSA_202507","TABLE","7","ROUTE_TYPE","nvarchar","500","0","0","True"
"HnnDW","dbo","Fact_OSA_202507","TABLE","8","SCENE_TYPE_ID","nvarchar","500","0","0","True"
"HnnDW","dbo","Fact_OSA_202507","TABLE","9","PROMO","int","4","10","0","True"
"HnnDW","dbo","Fact_OSA_202507","TABLE","10","MUST","nvarchar","500","0","0","True"
"HnnDW","dbo","Fact_OSA_202507","TABLE","11","INNO","int","4","10","0","True"
"HnnDW","dbo","Fact_OSA_202507","TABLE","12","MATRIX_ID","nvarchar","500","0","0","True"
"HnnDW","dbo","Fact_OSA_202507","TABLE","13","MATRIX_NAME","nvarchar","500","0","0","True"
"HnnDW","dbo","Fact_OSA_202507","TABLE","14","IN_MATRIX","int","4","10","0","True"
"HnnDW","dbo","Fact_OSA_202507","TABLE","15","IN_STOCK","int","4","10","0","True"
"HnnDW","dbo","Fact_OSA_202507","TABLE","16","AGENCY_NAME","nvarchar","500","0","0","True"
"HnnDW","dbo","Fact_OSA_202507","TABLE","17","fid","int","4","10","0","True"
"HnnDW","dbo","Fact_OSA_202507","TABLE","18","iid","int","4","10","0","True"
"HnnDW","dbo","Fact_OSA_202507","TABLE","19","PICOS","tinyint","1","3","0","True"
"HnnDW","dbo","Fact_OSA_202508","TABLE","1","VISIT_ID","nvarchar","500","0","0","True"
"HnnDW","dbo","Fact_OSA_202508","TABLE","2","VISIT_DATE","datetime","8","23","3","True"
"HnnDW","dbo","Fact_OSA_202508","TABLE","3","VISIT_STATUS","nvarchar","500","0","0","True"
"HnnDW","dbo","Fact_OSA_202508","TABLE","4","VISIT_IS_PLANED","int","4","10","0","True"
"HnnDW","dbo","Fact_OSA_202508","TABLE","5","PHOTO_AUDIT_ID","nvarchar","500","0","0","True"
"HnnDW","dbo","Fact_OSA_202508","TABLE","6","PHOTO_AUDIT_COUNTER","int","4","10","0","True"
"HnnDW","dbo","Fact_OSA_202508","TABLE","7","ROUTE_TYPE","nvarchar","500","0","0","True"
"HnnDW","dbo","Fact_OSA_202508","TABLE","8","SCENE_TYPE_ID","nvarchar","500","0","0","True"
"HnnDW","dbo","Fact_OSA_202508","TABLE","9","PROMO","int","4","10","0","True"
"HnnDW","dbo","Fact_OSA_202508","TABLE","10","MUST","nvarchar","500","0","0","True"
"HnnDW","dbo","Fact_OSA_202508","TABLE","11","INNO","int","4","10","0","True"
"HnnDW","dbo","Fact_OSA_202508","TABLE","12","MATRIX_ID","nvarchar","500","0","0","True"
"HnnDW","dbo","Fact_OSA_202508","TABLE","13","MATRIX_NAME","nvarchar","500","0","0","True"
"HnnDW","dbo","Fact_OSA_202508","TABLE","14","IN_MATRIX","int","4","10","0","True"
"HnnDW","dbo","Fact_OSA_202508","TABLE","15","IN_STOCK","int","4","10","0","True"
"HnnDW","dbo","Fact_OSA_202508","TABLE","16","AGENCY_NAME","nvarchar","500","0","0","True"
"HnnDW","dbo","Fact_OSA_202508","TABLE","17","fid","int","4","10","0","True"
"HnnDW","dbo","Fact_OSA_202508","TABLE","18","iid","int","4","10","0","True"
"HnnDW","dbo","Fact_OSA_202508","TABLE","19","PICOS","tinyint","1","3","0","True"
"HnnDW","dbo","Fact_OSA_202509","TABLE","1","VISIT_ID","nvarchar","500","0","0","True"
"HnnDW","dbo","Fact_OSA_202509","TABLE","2","VISIT_DATE","datetime","8","23","3","True"
"HnnDW","dbo","Fact_OSA_202509","TABLE","3","VISIT_STATUS","nvarchar","500","0","0","True"
"HnnDW","dbo","Fact_OSA_202509","TABLE","4","VISIT_IS_PLANED","int","4","10","0","True"
"HnnDW","dbo","Fact_OSA_202509","TABLE","5","PHOTO_AUDIT_ID","nvarchar","500","0","0","True"
"HnnDW","dbo","Fact_OSA_202509","TABLE","6","PHOTO_AUDIT_COUNTER","int","4","10","0","True"
"HnnDW","dbo","Fact_OSA_202509","TABLE","7","ROUTE_TYPE","nvarchar","500","0","0","True"
"HnnDW","dbo","Fact_OSA_202509","TABLE","8","SCENE_TYPE_ID","nvarchar","500","0","0","True"
"HnnDW","dbo","Fact_OSA_202509","TABLE","9","PROMO","int","4","10","0","True"
"HnnDW","dbo","Fact_OSA_202509","TABLE","10","MUST","nvarchar","500","0","0","True"
"HnnDW","dbo","Fact_OSA_202509","TABLE","11","INNO","int","4","10","0","True"
"HnnDW","dbo","Fact_OSA_202509","TABLE","12","MATRIX_ID","nvarchar","500","0","0","True"
"HnnDW","dbo","Fact_OSA_202509","TABLE","13","MATRIX_NAME","nvarchar","500","0","0","True"
"HnnDW","dbo","Fact_OSA_202509","TABLE","14","IN_MATRIX","int","4","10","0","True"
"HnnDW","dbo","Fact_OSA_202509","TABLE","15","IN_STOCK","int","4","10","0","True"
"HnnDW","dbo","Fact_OSA_202509","TABLE","16","AGENCY_NAME","nvarchar","500","0","0","True"
"HnnDW","dbo","Fact_OSA_202509","TABLE","17","fid","int","4","10","0","True"
"HnnDW","dbo","Fact_OSA_202509","TABLE","18","iid","int","4","10","0","True"
"HnnDW","dbo","Fact_OSA_202509","TABLE","19","PICOS","tinyint","1","3","0","True"
"HnnDW","dbo","Fact_OSA_202510","TABLE","1","VISIT_ID","nvarchar","500","0","0","True"
"HnnDW","dbo","Fact_OSA_202510","TABLE","2","VISIT_DATE","datetime","8","23","3","True"
"HnnDW","dbo","Fact_OSA_202510","TABLE","3","VISIT_STATUS","nvarchar","500","0","0","True"
"HnnDW","dbo","Fact_OSA_202510","TABLE","4","VISIT_IS_PLANED","int","4","10","0","True"
"HnnDW","dbo","Fact_OSA_202510","TABLE","5","PHOTO_AUDIT_ID","nvarchar","500","0","0","True"
"HnnDW","dbo","Fact_OSA_202510","TABLE","6","PHOTO_AUDIT_COUNTER","int","4","10","0","True"
"HnnDW","dbo","Fact_OSA_202510","TABLE","7","ROUTE_TYPE","nvarchar","500","0","0","True"
"HnnDW","dbo","Fact_OSA_202510","TABLE","8","SCENE_TYPE_ID","nvarchar","500","0","0","True"
"HnnDW","dbo","Fact_OSA_202510","TABLE","9","PROMO","int","4","10","0","True"
"HnnDW","dbo","Fact_OSA_202510","TABLE","10","MUST","nvarchar","500","0","0","True"
"HnnDW","dbo","Fact_OSA_202510","TABLE","11","INNO","int","4","10","0","True"
"HnnDW","dbo","Fact_OSA_202510","TABLE","12","MATRIX_ID","nvarchar","500","0","0","True"
"HnnDW","dbo","Fact_OSA_202510","TABLE","13","MATRIX_NAME","nvarchar","500","0","0","True"
"HnnDW","dbo","Fact_OSA_202510","TABLE","14","IN_MATRIX","int","4","10","0","True"
"HnnDW","dbo","Fact_OSA_202510","TABLE","15","IN_STOCK","int","4","10","0","True"
"HnnDW","dbo","Fact_OSA_202510","TABLE","16","AGENCY_NAME","nvarchar","500","0","0","True"
"HnnDW","dbo","Fact_OSA_202510","TABLE","17","fid","int","4","10","0","True"
"HnnDW","dbo","Fact_OSA_202510","TABLE","18","iid","int","4","10","0","True"
"HnnDW","dbo","Fact_OSA_202510","TABLE","19","PICOS","tinyint","1","3","0","True"
"HnnDW","dbo","Fact_OSA_202511","TABLE","1","VISIT_ID","nvarchar","500","0","0","True"
"HnnDW","dbo","Fact_OSA_202511","TABLE","2","VISIT_DATE","datetime","8","23","3","True"
"HnnDW","dbo","Fact_OSA_202511","TABLE","3","VISIT_STATUS","nvarchar","500","0","0","True"
"HnnDW","dbo","Fact_OSA_202511","TABLE","4","VISIT_IS_PLANED","int","4","10","0","True"
"HnnDW","dbo","Fact_OSA_202511","TABLE","5","PHOTO_AUDIT_ID","nvarchar","500","0","0","True"
"HnnDW","dbo","Fact_OSA_202511","TABLE","6","PHOTO_AUDIT_COUNTER","int","4","10","0","True"
"HnnDW","dbo","Fact_OSA_202511","TABLE","7","ROUTE_TYPE","nvarchar","500","0","0","True"
"HnnDW","dbo","Fact_OSA_202511","TABLE","8","SCENE_TYPE_ID","nvarchar","500","0","0","True"
"HnnDW","dbo","Fact_OSA_202511","TABLE","9","PROMO","int","4","10","0","True"
"HnnDW","dbo","Fact_OSA_202511","TABLE","10","MUST","nvarchar","500","0","0","True"
"HnnDW","dbo","Fact_OSA_202511","TABLE","11","INNO","int","4","10","0","True"
"HnnDW","dbo","Fact_OSA_202511","TABLE","12","MATRIX_ID","nvarchar","500","0","0","True"
"HnnDW","dbo","Fact_OSA_202511","TABLE","13","MATRIX_NAME","nvarchar","500","0","0","True"
"HnnDW","dbo","Fact_OSA_202511","TABLE","14","IN_MATRIX","int","4","10","0","True"
"HnnDW","dbo","Fact_OSA_202511","TABLE","15","IN_STOCK","int","4","10","0","True"
"HnnDW","dbo","Fact_OSA_202511","TABLE","16","AGENCY_NAME","nvarchar","500","0","0","True"
"HnnDW","dbo","Fact_OSA_202511","TABLE","17","fid","int","4","10","0","True"
"HnnDW","dbo","Fact_OSA_202511","TABLE","18","iid","int","4","10","0","True"
"HnnDW","dbo","Fact_OSA_202511","TABLE","19","PICOS","tinyint","1","3","0","True"
"HnnDW","dbo","Fact_OSA_202512","TABLE","1","VISIT_ID","nvarchar","500","0","0","True"
"HnnDW","dbo","Fact_OSA_202512","TABLE","2","VISIT_DATE","datetime","8","23","3","True"
"HnnDW","dbo","Fact_OSA_202512","TABLE","3","VISIT_STATUS","nvarchar","500","0","0","True"
"HnnDW","dbo","Fact_OSA_202512","TABLE","4","VISIT_IS_PLANED","int","4","10","0","True"
"HnnDW","dbo","Fact_OSA_202512","TABLE","5","PHOTO_AUDIT_ID","nvarchar","500","0","0","True"
"HnnDW","dbo","Fact_OSA_202512","TABLE","6","PHOTO_AUDIT_COUNTER","int","4","10","0","True"
"HnnDW","dbo","Fact_OSA_202512","TABLE","7","ROUTE_TYPE","nvarchar","500","0","0","True"
"HnnDW","dbo","Fact_OSA_202512","TABLE","8","SCENE_TYPE_ID","nvarchar","500","0","0","True"
"HnnDW","dbo","Fact_OSA_202512","TABLE","9","PROMO","int","4","10","0","True"
"HnnDW","dbo","Fact_OSA_202512","TABLE","10","MUST","nvarchar","500","0","0","True"
"HnnDW","dbo","Fact_OSA_202512","TABLE","11","INNO","int","4","10","0","True"
"HnnDW","dbo","Fact_OSA_202512","TABLE","12","MATRIX_ID","nvarchar","500","0","0","True"
"HnnDW","dbo","Fact_OSA_202512","TABLE","13","MATRIX_NAME","nvarchar","500","0","0","True"
"HnnDW","dbo","Fact_OSA_202512","TABLE","14","IN_MATRIX","int","4","10","0","True"
"HnnDW","dbo","Fact_OSA_202512","TABLE","15","IN_STOCK","int","4","10","0","True"
"HnnDW","dbo","Fact_OSA_202512","TABLE","16","AGENCY_NAME","nvarchar","500","0","0","True"
"HnnDW","dbo","Fact_OSA_202512","TABLE","17","fid","int","4","10","0","True"
"HnnDW","dbo","Fact_OSA_202512","TABLE","18","iid","int","4","10","0","True"
"HnnDW","dbo","Fact_OSA_202512","TABLE","19","PICOS","tinyint","1","3","0","True"
"HnnDW","dbo","Fact_OSA_202601","TABLE","1","VISIT_ID","nvarchar","500","0","0","True"
"HnnDW","dbo","Fact_OSA_202601","TABLE","2","VISIT_DATE","datetime","8","23","3","True"
"HnnDW","dbo","Fact_OSA_202601","TABLE","3","VISIT_STATUS","nvarchar","500","0","0","True"
"HnnDW","dbo","Fact_OSA_202601","TABLE","4","VISIT_IS_PLANED","int","4","10","0","True"
"HnnDW","dbo","Fact_OSA_202601","TABLE","5","PHOTO_AUDIT_ID","nvarchar","500","0","0","True"
"HnnDW","dbo","Fact_OSA_202601","TABLE","6","PHOTO_AUDIT_COUNTER","int","4","10","0","True"
"HnnDW","dbo","Fact_OSA_202601","TABLE","7","ROUTE_TYPE","nvarchar","500","0","0","True"
"HnnDW","dbo","Fact_OSA_202601","TABLE","8","SCENE_TYPE_ID","nvarchar","500","0","0","True"
"HnnDW","dbo","Fact_OSA_202601","TABLE","9","PROMO","int","4","10","0","True"
"HnnDW","dbo","Fact_OSA_202601","TABLE","10","MUST","nvarchar","500","0","0","True"
"HnnDW","dbo","Fact_OSA_202601","TABLE","11","INNO","int","4","10","0","True"
"HnnDW","dbo","Fact_OSA_202601","TABLE","12","MATRIX_ID","nvarchar","500","0","0","True"
"HnnDW","dbo","Fact_OSA_202601","TABLE","13","MATRIX_NAME","nvarchar","500","0","0","True"
"HnnDW","dbo","Fact_OSA_202601","TABLE","14","IN_MATRIX","int","4","10","0","True"
"HnnDW","dbo","Fact_OSA_202601","TABLE","15","IN_STOCK","int","4","10","0","True"
"HnnDW","dbo","Fact_OSA_202601","TABLE","16","AGENCY_NAME","nvarchar","500","0","0","True"
"HnnDW","dbo","Fact_OSA_202601","TABLE","17","fid","int","4","10","0","True"
"HnnDW","dbo","Fact_OSA_202601","TABLE","18","iid","int","4","10","0","True"
"HnnDW","dbo","Fact_OSA_202601","TABLE","19","PICOS","tinyint","1","3","0","True"
"HnnDW","dbo","Fact_OSA_202602","TABLE","1","VISIT_ID","nvarchar","500","0","0","True"
"HnnDW","dbo","Fact_OSA_202602","TABLE","2","VISIT_DATE","datetime","8","23","3","True"
"HnnDW","dbo","Fact_OSA_202602","TABLE","3","VISIT_STATUS","nvarchar","500","0","0","True"
"HnnDW","dbo","Fact_OSA_202602","TABLE","4","VISIT_IS_PLANED","int","4","10","0","True"
"HnnDW","dbo","Fact_OSA_202602","TABLE","5","PHOTO_AUDIT_ID","nvarchar","500","0","0","True"
"HnnDW","dbo","Fact_OSA_202602","TABLE","6","PHOTO_AUDIT_COUNTER","int","4","10","0","True"
"HnnDW","dbo","Fact_OSA_202602","TABLE","7","ROUTE_TYPE","nvarchar","500","0","0","True"
"HnnDW","dbo","Fact_OSA_202602","TABLE","8","SCENE_TYPE_ID","nvarchar","500","0","0","True"
"HnnDW","dbo","Fact_OSA_202602","TABLE","9","PROMO","int","4","10","0","True"
"HnnDW","dbo","Fact_OSA_202602","TABLE","10","MUST","nvarchar","500","0","0","True"
"HnnDW","dbo","Fact_OSA_202602","TABLE","11","INNO","int","4","10","0","True"
"HnnDW","dbo","Fact_OSA_202602","TABLE","12","MATRIX_ID","nvarchar","500","0","0","True"
"HnnDW","dbo","Fact_OSA_202602","TABLE","13","MATRIX_NAME","nvarchar","500","0","0","True"
"HnnDW","dbo","Fact_OSA_202602","TABLE","14","IN_MATRIX","int","4","10","0","True"
"HnnDW","dbo","Fact_OSA_202602","TABLE","15","IN_STOCK","int","4","10","0","True"
"HnnDW","dbo","Fact_OSA_202602","TABLE","16","AGENCY_NAME","nvarchar","500","0","0","True"
"HnnDW","dbo","Fact_OSA_202602","TABLE","17","fid","int","4","10","0","True"
"HnnDW","dbo","Fact_OSA_202602","TABLE","18","iid","int","4","10","0","True"
"HnnDW","dbo","Fact_OSA_202602","TABLE","19","PICOS","tinyint","1","3","0","True"
"HnnDW","dbo","Fact_OSA_202603","TABLE","1","VISIT_ID","nvarchar","500","0","0","True"
"HnnDW","dbo","Fact_OSA_202603","TABLE","2","VISIT_DATE","datetime","8","23","3","True"
"HnnDW","dbo","Fact_OSA_202603","TABLE","3","VISIT_STATUS","nvarchar","500","0","0","True"
"HnnDW","dbo","Fact_OSA_202603","TABLE","4","VISIT_IS_PLANED","int","4","10","0","True"
"HnnDW","dbo","Fact_OSA_202603","TABLE","5","PHOTO_AUDIT_ID","nvarchar","500","0","0","True"
"HnnDW","dbo","Fact_OSA_202603","TABLE","6","PHOTO_AUDIT_COUNTER","int","4","10","0","True"
"HnnDW","dbo","Fact_OSA_202603","TABLE","7","ROUTE_TYPE","nvarchar","500","0","0","True"
"HnnDW","dbo","Fact_OSA_202603","TABLE","8","SCENE_TYPE_ID","nvarchar","500","0","0","True"
"HnnDW","dbo","Fact_OSA_202603","TABLE","9","PROMO","int","4","10","0","True"
"HnnDW","dbo","Fact_OSA_202603","TABLE","10","MUST","nvarchar","500","0","0","True"
"HnnDW","dbo","Fact_OSA_202603","TABLE","11","INNO","int","4","10","0","True"
"HnnDW","dbo","Fact_OSA_202603","TABLE","12","MATRIX_ID","nvarchar","500","0","0","True"
"HnnDW","dbo","Fact_OSA_202603","TABLE","13","MATRIX_NAME","nvarchar","500","0","0","True"
"HnnDW","dbo","Fact_OSA_202603","TABLE","14","IN_MATRIX","int","4","10","0","True"
"HnnDW","dbo","Fact_OSA_202603","TABLE","15","IN_STOCK","int","4","10","0","True"
"HnnDW","dbo","Fact_OSA_202603","TABLE","16","AGENCY_NAME","nvarchar","500","0","0","True"
"HnnDW","dbo","Fact_OSA_202603","TABLE","17","fid","int","4","10","0","True"
"HnnDW","dbo","Fact_OSA_202603","TABLE","18","iid","int","4","10","0","True"
"HnnDW","dbo","Fact_OSA_202603","TABLE","19","PICOS","tinyint","1","3","0","True"
"HnnDW","dbo","Fact_OSA_202604","TABLE","1","VISIT_ID","nvarchar","500","0","0","True"
"HnnDW","dbo","Fact_OSA_202604","TABLE","2","VISIT_DATE","datetime","8","23","3","True"
"HnnDW","dbo","Fact_OSA_202604","TABLE","3","VISIT_STATUS","nvarchar","500","0","0","True"
"HnnDW","dbo","Fact_OSA_202604","TABLE","4","VISIT_IS_PLANED","int","4","10","0","True"
"HnnDW","dbo","Fact_OSA_202604","TABLE","5","PHOTO_AUDIT_ID","nvarchar","500","0","0","True"
"HnnDW","dbo","Fact_OSA_202604","TABLE","6","PHOTO_AUDIT_COUNTER","int","4","10","0","True"
"HnnDW","dbo","Fact_OSA_202604","TABLE","7","ROUTE_TYPE","nvarchar","500","0","0","True"
"HnnDW","dbo","Fact_OSA_202604","TABLE","8","SCENE_TYPE_ID","nvarchar","500","0","0","True"
"HnnDW","dbo","Fact_OSA_202604","TABLE","9","PROMO","int","4","10","0","True"
"HnnDW","dbo","Fact_OSA_202604","TABLE","10","MUST","nvarchar","500","0","0","True"
"HnnDW","dbo","Fact_OSA_202604","TABLE","11","INNO","int","4","10","0","True"
"HnnDW","dbo","Fact_OSA_202604","TABLE","12","MATRIX_ID","nvarchar","500","0","0","True"
"HnnDW","dbo","Fact_OSA_202604","TABLE","13","MATRIX_NAME","nvarchar","500","0","0","True"
"HnnDW","dbo","Fact_OSA_202604","TABLE","14","IN_MATRIX","int","4","10","0","True"
"HnnDW","dbo","Fact_OSA_202604","TABLE","15","IN_STOCK","int","4","10","0","True"
"HnnDW","dbo","Fact_OSA_202604","TABLE","16","AGENCY_NAME","nvarchar","500","0","0","True"
"HnnDW","dbo","Fact_OSA_202604","TABLE","17","fid","int","4","10","0","True"
"HnnDW","dbo","Fact_OSA_202604","TABLE","18","iid","int","4","10","0","True"
"HnnDW","dbo","Fact_OSA_202604","TABLE","19","PICOS","tinyint","1","3","0","True"
"HnnDW","dbo","Fact_OSA_202605","TABLE","1","VISIT_ID","nvarchar","500","0","0","True"
"HnnDW","dbo","Fact_OSA_202605","TABLE","2","VISIT_DATE","datetime","8","23","3","True"
"HnnDW","dbo","Fact_OSA_202605","TABLE","3","VISIT_STATUS","nvarchar","500","0","0","True"
"HnnDW","dbo","Fact_OSA_202605","TABLE","4","VISIT_IS_PLANED","int","4","10","0","True"
"HnnDW","dbo","Fact_OSA_202605","TABLE","5","PHOTO_AUDIT_ID","nvarchar","500","0","0","True"
"HnnDW","dbo","Fact_OSA_202605","TABLE","6","PHOTO_AUDIT_COUNTER","int","4","10","0","True"
"HnnDW","dbo","Fact_OSA_202605","TABLE","7","ROUTE_TYPE","nvarchar","500","0","0","True"
"HnnDW","dbo","Fact_OSA_202605","TABLE","8","SCENE_TYPE_ID","nvarchar","500","0","0","True"
"HnnDW","dbo","Fact_OSA_202605","TABLE","9","PROMO","int","4","10","0","True"
"HnnDW","dbo","Fact_OSA_202605","TABLE","10","MUST","nvarchar","500","0","0","True"
"HnnDW","dbo","Fact_OSA_202605","TABLE","11","INNO","int","4","10","0","True"
"HnnDW","dbo","Fact_OSA_202605","TABLE","12","MATRIX_ID","nvarchar","500","0","0","True"
"HnnDW","dbo","Fact_OSA_202605","TABLE","13","MATRIX_NAME","nvarchar","500","0","0","True"
"HnnDW","dbo","Fact_OSA_202605","TABLE","14","IN_MATRIX","int","4","10","0","True"
"HnnDW","dbo","Fact_OSA_202605","TABLE","15","IN_STOCK","int","4","10","0","True"
"HnnDW","dbo","Fact_OSA_202605","TABLE","16","AGENCY_NAME","nvarchar","500","0","0","True"
"HnnDW","dbo","Fact_OSA_202605","TABLE","17","fid","int","4","10","0","True"
"HnnDW","dbo","Fact_OSA_202605","TABLE","18","iid","int","4","10","0","True"
"HnnDW","dbo","Fact_OSA_202605","TABLE","19","PICOS","tinyint","1","3","0","True"
"HnnDW","dbo","Fact_OSA_202606","TABLE","1","VISIT_ID","nvarchar","500","0","0","True"
"HnnDW","dbo","Fact_OSA_202606","TABLE","2","VISIT_DATE","datetime","8","23","3","True"
"HnnDW","dbo","Fact_OSA_202606","TABLE","3","VISIT_STATUS","nvarchar","500","0","0","True"
"HnnDW","dbo","Fact_OSA_202606","TABLE","4","VISIT_IS_PLANED","int","4","10","0","True"
"HnnDW","dbo","Fact_OSA_202606","TABLE","5","PHOTO_AUDIT_ID","nvarchar","500","0","0","True"
"HnnDW","dbo","Fact_OSA_202606","TABLE","6","PHOTO_AUDIT_COUNTER","int","4","10","0","True"
"HnnDW","dbo","Fact_OSA_202606","TABLE","7","ROUTE_TYPE","nvarchar","500","0","0","True"
"HnnDW","dbo","Fact_OSA_202606","TABLE","8","SCENE_TYPE_ID","nvarchar","500","0","0","True"
"HnnDW","dbo","Fact_OSA_202606","TABLE","9","PROMO","int","4","10","0","True"
"HnnDW","dbo","Fact_OSA_202606","TABLE","10","MUST","nvarchar","500","0","0","True"
"HnnDW","dbo","Fact_OSA_202606","TABLE","11","INNO","int","4","10","0","True"
"HnnDW","dbo","Fact_OSA_202606","TABLE","12","MATRIX_ID","nvarchar","500","0","0","True"
"HnnDW","dbo","Fact_OSA_202606","TABLE","13","MATRIX_NAME","nvarchar","500","0","0","True"
"HnnDW","dbo","Fact_OSA_202606","TABLE","14","IN_MATRIX","int","4","10","0","True"
"HnnDW","dbo","Fact_OSA_202606","TABLE","15","IN_STOCK","int","4","10","0","True"
"HnnDW","dbo","Fact_OSA_202606","TABLE","16","AGENCY_NAME","nvarchar","500","0","0","True"
"HnnDW","dbo","Fact_OSA_202606","TABLE","17","fid","int","4","10","0","True"
"HnnDW","dbo","Fact_OSA_202606","TABLE","18","iid","int","4","10","0","True"
"HnnDW","dbo","Fact_OSA_202606","TABLE","19","PICOS","tinyint","1","3","0","True"
"HnnDW","dbo","Fact_OSA_202607","TABLE","1","VISIT_ID","nvarchar","500","0","0","True"
"HnnDW","dbo","Fact_OSA_202607","TABLE","2","VISIT_DATE","datetime","8","23","3","True"
"HnnDW","dbo","Fact_OSA_202607","TABLE","3","VISIT_STATUS","nvarchar","500","0","0","True"
"HnnDW","dbo","Fact_OSA_202607","TABLE","4","VISIT_IS_PLANED","int","4","10","0","True"
"HnnDW","dbo","Fact_OSA_202607","TABLE","5","PHOTO_AUDIT_ID","nvarchar","500","0","0","True"
"HnnDW","dbo","Fact_OSA_202607","TABLE","6","PHOTO_AUDIT_COUNTER","int","4","10","0","True"
"HnnDW","dbo","Fact_OSA_202607","TABLE","7","ROUTE_TYPE","nvarchar","500","0","0","True"
"HnnDW","dbo","Fact_OSA_202607","TABLE","8","SCENE_TYPE_ID","nvarchar","500","0","0","True"
"HnnDW","dbo","Fact_OSA_202607","TABLE","9","PROMO","int","4","10","0","True"
"HnnDW","dbo","Fact_OSA_202607","TABLE","10","MUST","nvarchar","500","0","0","True"
"HnnDW","dbo","Fact_OSA_202607","TABLE","11","INNO","int","4","10","0","True"
"HnnDW","dbo","Fact_OSA_202607","TABLE","12","MATRIX_ID","nvarchar","500","0","0","True"
"HnnDW","dbo","Fact_OSA_202607","TABLE","13","MATRIX_NAME","nvarchar","500","0","0","True"
"HnnDW","dbo","Fact_OSA_202607","TABLE","14","IN_MATRIX","int","4","10","0","True"
"HnnDW","dbo","Fact_OSA_202607","TABLE","15","IN_STOCK","int","4","10","0","True"
"HnnDW","dbo","Fact_OSA_202607","TABLE","16","AGENCY_NAME","nvarchar","500","0","0","True"
"HnnDW","dbo","Fact_OSA_202607","TABLE","17","fid","int","4","10","0","True"
"HnnDW","dbo","Fact_OSA_202607","TABLE","18","iid","int","4","10","0","True"
"HnnDW","dbo","Fact_OSA_202607","TABLE","19","PICOS","tinyint","1","3","0","True"
"HnnDW","dbo","Fact_OSA_202608","TABLE","1","VISIT_ID","nvarchar","500","0","0","True"
"HnnDW","dbo","Fact_OSA_202608","TABLE","2","VISIT_DATE","datetime","8","23","3","True"
"HnnDW","dbo","Fact_OSA_202608","TABLE","3","VISIT_STATUS","nvarchar","500","0","0","True"
"HnnDW","dbo","Fact_OSA_202608","TABLE","4","VISIT_IS_PLANED","int","4","10","0","True"
"HnnDW","dbo","Fact_OSA_202608","TABLE","5","PHOTO_AUDIT_ID","nvarchar","500","0","0","True"
"HnnDW","dbo","Fact_OSA_202608","TABLE","6","PHOTO_AUDIT_COUNTER","int","4","10","0","True"
"HnnDW","dbo","Fact_OSA_202608","TABLE","7","ROUTE_TYPE","nvarchar","500","0","0","True"
"HnnDW","dbo","Fact_OSA_202608","TABLE","8","SCENE_TYPE_ID","nvarchar","500","0","0","True"
"HnnDW","dbo","Fact_OSA_202608","TABLE","9","PROMO","int","4","10","0","True"
"HnnDW","dbo","Fact_OSA_202608","TABLE","10","MUST","nvarchar","500","0","0","True"
"HnnDW","dbo","Fact_OSA_202608","TABLE","11","INNO","int","4","10","0","True"
"HnnDW","dbo","Fact_OSA_202608","TABLE","12","MATRIX_ID","nvarchar","500","0","0","True"
"HnnDW","dbo","Fact_OSA_202608","TABLE","13","MATRIX_NAME","nvarchar","500","0","0","True"
"HnnDW","dbo","Fact_OSA_202608","TABLE","14","IN_MATRIX","int","4","10","0","True"
"HnnDW","dbo","Fact_OSA_202608","TABLE","15","IN_STOCK","int","4","10","0","True"
"HnnDW","dbo","Fact_OSA_202608","TABLE","16","AGENCY_NAME","nvarchar","500","0","0","True"
"HnnDW","dbo","Fact_OSA_202608","TABLE","17","fid","int","4","10","0","True"
"HnnDW","dbo","Fact_OSA_202608","TABLE","18","iid","int","4","10","0","True"
"HnnDW","dbo","Fact_OSA_202608","TABLE","19","PICOS","tinyint","1","3","0","True"
"HnnDW","dbo","FACT_PICOS","TABLE","1","AGENCY_NAME","nvarchar","510","0","0","True"
"HnnDW","dbo","FACT_PICOS","TABLE","2","VISIT_ID","nvarchar","510","0","0","True"
"HnnDW","dbo","FACT_PICOS","TABLE","3","VISIT_DATE","datetime","8","23","3","True"
"HnnDW","dbo","FACT_PICOS","TABLE","4","VISIT_STATUS","nvarchar","510","0","0","True"
"HnnDW","dbo","FACT_PICOS","TABLE","5","VISIT_IS_PLANED","int","4","10","0","True"
"HnnDW","dbo","FACT_PICOS","TABLE","6","PHOTO_AUDIT_ID","varchar","255","0","0","True"
"HnnDW","dbo","FACT_PICOS","TABLE","7","PHOTO_AUDIT_COUNTER","int","4","10","0","True"
"HnnDW","dbo","FACT_PICOS","TABLE","8","SHIP_TO","nvarchar","510","0","0","True"
"HnnDW","dbo","FACT_PICOS","TABLE","9","ROUTE_TYPE","nvarchar","510","0","0","True"
"HnnDW","dbo","FACT_PICOS","TABLE","10","SCENE_TYPE_ID","nvarchar","510","0","0","True"
"HnnDW","dbo","FACT_PICOS","TABLE","11","SCENE_TYPE","nvarchar","510","0","0","True"
"HnnDW","dbo","FACT_PICOS","TABLE","12","VISIT_LINK","nvarchar","510","0","0","True"
"HnnDW","dbo","FACT_PICOS","TABLE","13","PICOS_TERRITORY","nvarchar","100","0","0","True"
"HnnDW","dbo","FACT_PICOS","TABLE","14","PICOS_FORMAT","nvarchar","510","0","0","True"
"HnnDW","dbo","FACT_PICOS","TABLE","15","PICOS_ASSORTMENT","nvarchar","510","0","0","True"
"HnnDW","dbo","FACT_PICOS","TABLE","16","PICOS_ELEMENT","nvarchar","510","0","0","True"
"HnnDW","dbo","FACT_PICOS","TABLE","17","PICOS_SCORE_FACT","float","8","53","0","True"
"HnnDW","dbo","FACT_PICOS","TABLE","18","PICOS_POTENTIAL_SCORE","float","8","53","0","True"
"HnnDW","dbo","FACT_PICOS","TABLE","19","PICOS_TARGET_SCORE","float","8","53","0","True"
"HnnDW","dbo","FACT_PLANOGRAMM","TABLE","1","AGENCY_NAME","nvarchar","510","0","0","True"
"HnnDW","dbo","FACT_PLANOGRAMM","TABLE","2","VISIT_ID","nvarchar","510","0","0","True"
"HnnDW","dbo","FACT_PLANOGRAMM","TABLE","3","VISIT_DATE","datetime","8","23","3","True"
"HnnDW","dbo","FACT_PLANOGRAMM","TABLE","4","VISIT_STATUS","nvarchar","510","0","0","True"
"HnnDW","dbo","FACT_PLANOGRAMM","TABLE","5","VISIT_IS_PLANED","int","4","10","0","True"
"HnnDW","dbo","FACT_PLANOGRAMM","TABLE","6","PHOTO_AUDIT_ID","varchar","255","0","0","True"
"HnnDW","dbo","FACT_PLANOGRAMM","TABLE","7","PHOTO_AUDIT_COUNTER","int","4","10","0","True"
"HnnDW","dbo","FACT_PLANOGRAMM","TABLE","8","SHIP_TO","nvarchar","510","0","0","True"
"HnnDW","dbo","FACT_PLANOGRAMM","TABLE","9","ROUTE_TYPE","nvarchar","510","0","0","True"
"HnnDW","dbo","FACT_PLANOGRAMM","TABLE","10","TASK_NAME","nvarchar","510","0","0","True"
"HnnDW","dbo","FACT_PLANOGRAMM","TABLE","11","SHOWCASE_ID","int","4","10","0","True"
"HnnDW","dbo","FACT_PLANOGRAMM","TABLE","12","SHOWCASE_NAME","nvarchar","100","0","0","True"
"HnnDW","dbo","FACT_PLANOGRAMM","TABLE","13","PLANOGRAMM_ID","int","4","10","0","True"
"HnnDW","dbo","FACT_PLANOGRAMM","TABLE","14","PLANOGRAMM_NAME","nvarchar","510","0","0","True"
"HnnDW","dbo","FACT_PLANOGRAMM","TABLE","15","VISIT_LINK","nvarchar","510","0","0","True"
"HnnDW","dbo","FACT_PLANOGRAMM","TABLE","16","EXECUTION_PLANOGRAM","float","8","53","0","True"
"HnnDW","dbo","FACT_PosmFaces","TABLE","1","VISIT_DATE","datetime","8","23","3","True"
"HnnDW","dbo","FACT_PosmFaces","TABLE","2","POSM_ID","nvarchar","500","0","0","True"
"HnnDW","dbo","FACT_PosmFaces","TABLE","3","SHELF_NUMBER","nvarchar","500","0","0","True"
"HnnDW","dbo","FACT_PosmFaces","TABLE","4","EYE_LEVEL","int","4","10","0","True"
"HnnDW","dbo","FACT_PosmFaces","TABLE","5","FACING_FACT","float","8","53","0","True"
"HnnDW","dbo","FACT_PosmFaces","TABLE","6","FACING_WIDTH","float","8","53","0","True"
"HnnDW","dbo","FACT_PosmFaces","TABLE","7","GROUP_WIDTH","float","8","53","0","True"
"HnnDW","dbo","FACT_PosmFaces","TABLE","8","GROUP_FACT","float","8","53","0","True"
"HnnDW","dbo","FACT_PosmFaces","TABLE","9","PRICE","money","8","19","4","True"
"HnnDW","dbo","FACT_PosmFaces","TABLE","10","PRICE_TYPE","nvarchar","500","0","0","True"
"HnnDW","dbo","FACT_PosmFaces","TABLE","11","AGENCY_NAME","nvarchar","200","0","0","True"
"HnnDW","dbo","FACT_PosmFaces","TABLE","12","Fid","int","4","10","0","True"
"HnnDW","dbo","FACT_PosmFaces","TABLE","13","Iid","int","4","10","0","True"
"HnnDW","dbo","Fact_Posms","TABLE","1","VISIT_ID","nvarchar","500","0","0","True"
"HnnDW","dbo","Fact_Posms","TABLE","2","VISIT_DATE","datetime","8","23","3","True"
"HnnDW","dbo","Fact_Posms","TABLE","3","VISIT_STATUS","nvarchar","500","0","0","True"
"HnnDW","dbo","Fact_Posms","TABLE","4","VISIT_IS_PLANED","int","4","10","0","True"
"HnnDW","dbo","Fact_Posms","TABLE","5","PHOTO_AUDIT_ID","nvarchar","500","0","0","True"
"HnnDW","dbo","Fact_Posms","TABLE","6","PHOTO_AUDIT_COUNTER","int","4","10","0","True"
"HnnDW","dbo","Fact_Posms","TABLE","7","mfid","int","4","10","0","True"
"HnnDW","dbo","Fact_Posms","TABLE","8","ROUTE_TYPE","nvarchar","500","0","0","True"
"HnnDW","dbo","Fact_Posms","TABLE","9","iid","int","4","10","0","True"
"HnnDW","dbo","Fact_Posms","TABLE","10","SCENE_TYPE_ID","nvarchar","500","0","0","True"
"HnnDW","dbo","Fact_Posms","TABLE","11","SCENE_TYPE","nvarchar","500","0","0","True"
"HnnDW","dbo","Fact_Posms","TABLE","12","VISIT_LINK","nvarchar","500","0","0","True"
"HnnDW","dbo","Fact_Posms","TABLE","13","Posm_ID","nvarchar","500","0","0","True"
"HnnDW","dbo","Fact_Posms","TABLE","14","AGENCY_NAME","nvarchar","500","0","0","True"
"HnnDW","dbo","Fact_PromoFaces","TABLE","1","PROMO_ID","nvarchar","100","0","0","False"
"HnnDW","dbo","Fact_PromoFaces","TABLE","2","SHIPTO","nvarchar","500","0","0","False"
"HnnDW","dbo","Fact_PromoItems","TABLE","1","PROMO_ID","nvarchar","100","0","0","False"
"HnnDW","dbo","Fact_PromoItems","TABLE","2","PROMO_DESC","nvarchar","500","0","0","True"
"HnnDW","dbo","Fact_PromoItems","TABLE","3","STATUS","nvarchar","100","0","0","True"
"HnnDW","dbo","Fact_PromoItems","TABLE","4","SHIP_START","date","3","10","0","True"
"HnnDW","dbo","Fact_PromoItems","TABLE","5","SHIP_END","date","3","10","0","True"
"HnnDW","dbo","Fact_PromoItems","TABLE","6","STORE_START","date","3","10","0","False"
"HnnDW","dbo","Fact_PromoItems","TABLE","7","STORE_END","date","3","10","0","True"
"HnnDW","dbo","Fact_PromoItems","TABLE","8","SKU","nvarchar","100","0","0","True"
"HnnDW","dbo","Fact_PromoItems","TABLE","9","PRD_NATURE","nvarchar","100","0","0","False"
"HnnDW","dbo","Fact_PromoItems","TABLE","10","DISCOUNT","decimal","9","19","9","True"
"HnnDW","dbo","Fact_Routes","TABLE","1","AGENCY_NAME","nvarchar","510","0","0","True"
"HnnDW","dbo","Fact_Routes","TABLE","2","AGG_VISIT_ID","nvarchar","510","0","0","True"
"HnnDW","dbo","Fact_Routes","TABLE","3","TerrExID","nvarchar","100","0","0","True"
"HnnDW","dbo","Fact_Routes","TABLE","4","TerrName","nvarchar","510","0","0","True"
"HnnDW","dbo","Fact_Routes","TABLE","5","TerrRole","nvarchar","510","0","0","True"
"HnnDW","dbo","Fact_Routes","TABLE","6","RouteDate","date","3","10","0","True"
"HnnDW","dbo","Fact_Routes","TABLE","7","SHIP_TO","nvarchar","100","0","0","True"
"HnnDW","dbo","Fact_Routes","TABLE","8","SortID","int","4","10","0","True"
"HnnDW","dbo","Fact_Routes","TABLE","9","Duration","int","4","10","0","True"
"HnnDW","dbo","Fact_Routes","TABLE","10","PlanFotoCountPerAudit","int","4","10","0","True"
"HnnDW","dbo","Fact_Routes","TABLE","11","PlanDocCountPerAudit","int","4","10","0","True"
"HnnDW","dbo","Fact_Routes","TABLE","12","PlanAuditCountPerVisit","int","4","10","0","True"
"HnnDW","dbo","Fact_Survey_Question_Results_202510","TABLE","1","AnswerDate","datetime","8","23","3","True"
"HnnDW","dbo","Fact_Survey_Question_Results_202510","TABLE","2","SurResGuid","uniqueidentifier","16","0","0","True"
"HnnDW","dbo","Fact_Survey_Question_Results_202510","TABLE","3","SurveyID","int","4","10","0","False"
"HnnDW","dbo","Fact_Survey_Question_Results_202510","TABLE","4","SectionNUM","int","4","10","0","False"
"HnnDW","dbo","Fact_Survey_Question_Results_202510","TABLE","5","SectionID","int","4","10","0","False"
"HnnDW","dbo","Fact_Survey_Question_Results_202510","TABLE","6","QuestionID","int","4","10","0","False"
"HnnDW","dbo","Fact_Survey_Question_Results_202510","TABLE","7","ResultID","int","4","10","0","False"
"HnnDW","dbo","Fact_Survey_Question_Results_202510","TABLE","8","AGENCY_NAME","nvarchar","100","0","0","True"
"HnnDW","dbo","Fact_Survey_Question_Results_202510","TABLE","9","MasterFid","int","4","10","0","False"
"HnnDW","dbo","Fact_Survey_Question_Results_202510","TABLE","10","Fid","int","4","10","0","False"
"HnnDW","dbo","Fact_Survey_Question_Results_202510","TABLE","11","ResultText","nvarchar","-1","0","0","True"
"HnnDW","dbo","Fact_Survey_Question_Results_202510","TABLE","12","ResultBynaryURL","nvarchar","8000","0","0","True"
"HnnDW","dbo","Fact_Survey_Question_Results_202510","TABLE","13","Survey_Agency_Name","nvarchar","500","0","0","True"
"HnnDW","dbo","Fact_Survey_Question_Results_202511","TABLE","1","AnswerDate","datetime","8","23","3","True"
"HnnDW","dbo","Fact_Survey_Question_Results_202511","TABLE","2","SurResGuid","uniqueidentifier","16","0","0","True"
"HnnDW","dbo","Fact_Survey_Question_Results_202511","TABLE","3","SurveyID","int","4","10","0","False"
"HnnDW","dbo","Fact_Survey_Question_Results_202511","TABLE","4","SectionNUM","int","4","10","0","False"
"HnnDW","dbo","Fact_Survey_Question_Results_202511","TABLE","5","SectionID","int","4","10","0","False"
"HnnDW","dbo","Fact_Survey_Question_Results_202511","TABLE","6","QuestionID","int","4","10","0","False"
"HnnDW","dbo","Fact_Survey_Question_Results_202511","TABLE","7","ResultID","int","4","10","0","False"
"HnnDW","dbo","Fact_Survey_Question_Results_202511","TABLE","8","AGENCY_NAME","nvarchar","100","0","0","True"
"HnnDW","dbo","Fact_Survey_Question_Results_202511","TABLE","9","MasterFid","int","4","10","0","False"
"HnnDW","dbo","Fact_Survey_Question_Results_202511","TABLE","10","Fid","int","4","10","0","False"
"HnnDW","dbo","Fact_Survey_Question_Results_202511","TABLE","11","ResultText","nvarchar","-1","0","0","True"
"HnnDW","dbo","Fact_Survey_Question_Results_202511","TABLE","12","ResultBynaryURL","nvarchar","8000","0","0","True"
"HnnDW","dbo","Fact_Survey_Question_Results_202511","TABLE","13","Survey_Agency_Name","nvarchar","500","0","0","True"
"HnnDW","dbo","Fact_Survey_Question_Results_202512","TABLE","1","AnswerDate","datetime","8","23","3","True"
"HnnDW","dbo","Fact_Survey_Question_Results_202512","TABLE","2","SurResGuid","uniqueidentifier","16","0","0","True"
"HnnDW","dbo","Fact_Survey_Question_Results_202512","TABLE","3","SurveyID","int","4","10","0","False"
"HnnDW","dbo","Fact_Survey_Question_Results_202512","TABLE","4","SectionNUM","int","4","10","0","False"
"HnnDW","dbo","Fact_Survey_Question_Results_202512","TABLE","5","SectionID","int","4","10","0","False"
"HnnDW","dbo","Fact_Survey_Question_Results_202512","TABLE","6","QuestionID","int","4","10","0","False"
"HnnDW","dbo","Fact_Survey_Question_Results_202512","TABLE","7","ResultID","int","4","10","0","False"
"HnnDW","dbo","Fact_Survey_Question_Results_202512","TABLE","8","AGENCY_NAME","nvarchar","100","0","0","True"
"HnnDW","dbo","Fact_Survey_Question_Results_202512","TABLE","9","MasterFid","int","4","10","0","False"
"HnnDW","dbo","Fact_Survey_Question_Results_202512","TABLE","10","Fid","int","4","10","0","False"
"HnnDW","dbo","Fact_Survey_Question_Results_202512","TABLE","11","ResultText","nvarchar","-1","0","0","True"
"HnnDW","dbo","Fact_Survey_Question_Results_202512","TABLE","12","ResultBynaryURL","nvarchar","8000","0","0","True"
"HnnDW","dbo","Fact_Survey_Question_Results_202512","TABLE","13","Survey_Agency_Name","nvarchar","500","0","0","True"
"HnnDW","dbo","Fact_Survey_Question_Results_202601","TABLE","1","AnswerDate","datetime","8","23","3","True"
"HnnDW","dbo","Fact_Survey_Question_Results_202601","TABLE","2","SurResGuid","uniqueidentifier","16","0","0","True"
"HnnDW","dbo","Fact_Survey_Question_Results_202601","TABLE","3","SurveyID","int","4","10","0","False"
"HnnDW","dbo","Fact_Survey_Question_Results_202601","TABLE","4","SectionNUM","int","4","10","0","False"
"HnnDW","dbo","Fact_Survey_Question_Results_202601","TABLE","5","SectionID","int","4","10","0","False"
"HnnDW","dbo","Fact_Survey_Question_Results_202601","TABLE","6","QuestionID","int","4","10","0","False"
"HnnDW","dbo","Fact_Survey_Question_Results_202601","TABLE","7","ResultID","int","4","10","0","False"
"HnnDW","dbo","Fact_Survey_Question_Results_202601","TABLE","8","AGENCY_NAME","nvarchar","100","0","0","True"
"HnnDW","dbo","Fact_Survey_Question_Results_202601","TABLE","9","MasterFid","int","4","10","0","False"
"HnnDW","dbo","Fact_Survey_Question_Results_202601","TABLE","10","Fid","int","4","10","0","False"
"HnnDW","dbo","Fact_Survey_Question_Results_202601","TABLE","11","ResultText","nvarchar","-1","0","0","True"
"HnnDW","dbo","Fact_Survey_Question_Results_202601","TABLE","12","ResultBynaryURL","nvarchar","8000","0","0","True"
"HnnDW","dbo","Fact_Survey_Question_Results_202601","TABLE","13","Survey_Agency_Name","nvarchar","500","0","0","True"
"HnnDW","dbo","Fact_Survey_Question_Results_202602","TABLE","1","AnswerDate","datetime","8","23","3","True"
"HnnDW","dbo","Fact_Survey_Question_Results_202602","TABLE","2","SurResGuid","uniqueidentifier","16","0","0","True"
"HnnDW","dbo","Fact_Survey_Question_Results_202602","TABLE","3","SurveyID","int","4","10","0","False"
"HnnDW","dbo","Fact_Survey_Question_Results_202602","TABLE","4","SectionNUM","int","4","10","0","False"
"HnnDW","dbo","Fact_Survey_Question_Results_202602","TABLE","5","SectionID","int","4","10","0","False"
"HnnDW","dbo","Fact_Survey_Question_Results_202602","TABLE","6","QuestionID","int","4","10","0","False"
"HnnDW","dbo","Fact_Survey_Question_Results_202602","TABLE","7","ResultID","int","4","10","0","False"
"HnnDW","dbo","Fact_Survey_Question_Results_202602","TABLE","8","AGENCY_NAME","nvarchar","100","0","0","True"
"HnnDW","dbo","Fact_Survey_Question_Results_202602","TABLE","9","MasterFid","int","4","10","0","False"
"HnnDW","dbo","Fact_Survey_Question_Results_202602","TABLE","10","Fid","int","4","10","0","False"
"HnnDW","dbo","Fact_Survey_Question_Results_202602","TABLE","11","ResultText","nvarchar","-1","0","0","True"
"HnnDW","dbo","Fact_Survey_Question_Results_202602","TABLE","12","ResultBynaryURL","nvarchar","8000","0","0","True"
"HnnDW","dbo","Fact_Survey_Question_Results_202602","TABLE","13","Survey_Agency_Name","nvarchar","500","0","0","True"
"HnnDW","dbo","Fact_Survey_Question_Results_202603","TABLE","1","AnswerDate","datetime","8","23","3","True"
"HnnDW","dbo","Fact_Survey_Question_Results_202603","TABLE","2","SurResGuid","uniqueidentifier","16","0","0","True"
"HnnDW","dbo","Fact_Survey_Question_Results_202603","TABLE","3","SurveyID","int","4","10","0","False"
"HnnDW","dbo","Fact_Survey_Question_Results_202603","TABLE","4","SectionNUM","int","4","10","0","False"
"HnnDW","dbo","Fact_Survey_Question_Results_202603","TABLE","5","SectionID","int","4","10","0","False"
"HnnDW","dbo","Fact_Survey_Question_Results_202603","TABLE","6","QuestionID","int","4","10","0","False"
"HnnDW","dbo","Fact_Survey_Question_Results_202603","TABLE","7","ResultID","int","4","10","0","False"
"HnnDW","dbo","Fact_Survey_Question_Results_202603","TABLE","8","AGENCY_NAME","nvarchar","100","0","0","True"
"HnnDW","dbo","Fact_Survey_Question_Results_202603","TABLE","9","MasterFid","int","4","10","0","False"
"HnnDW","dbo","Fact_Survey_Question_Results_202603","TABLE","10","Fid","int","4","10","0","False"
"HnnDW","dbo","Fact_Survey_Question_Results_202603","TABLE","11","ResultText","nvarchar","-1","0","0","True"
"HnnDW","dbo","Fact_Survey_Question_Results_202603","TABLE","12","ResultBynaryURL","nvarchar","8000","0","0","True"
"HnnDW","dbo","Fact_Survey_Question_Results_202603","TABLE","13","Survey_Agency_Name","nvarchar","500","0","0","True"
"HnnDW","dbo","Fact_Survey_Question_Results_202604","TABLE","1","AnswerDate","datetime","8","23","3","True"
"HnnDW","dbo","Fact_Survey_Question_Results_202604","TABLE","2","SurResGuid","uniqueidentifier","16","0","0","True"
"HnnDW","dbo","Fact_Survey_Question_Results_202604","TABLE","3","SurveyID","int","4","10","0","False"
"HnnDW","dbo","Fact_Survey_Question_Results_202604","TABLE","4","SectionNUM","int","4","10","0","False"
"HnnDW","dbo","Fact_Survey_Question_Results_202604","TABLE","5","SectionID","int","4","10","0","False"
"HnnDW","dbo","Fact_Survey_Question_Results_202604","TABLE","6","QuestionID","int","4","10","0","False"
"HnnDW","dbo","Fact_Survey_Question_Results_202604","TABLE","7","ResultID","int","4","10","0","False"
"HnnDW","dbo","Fact_Survey_Question_Results_202604","TABLE","8","AGENCY_NAME","nvarchar","100","0","0","True"
"HnnDW","dbo","Fact_Survey_Question_Results_202604","TABLE","9","MasterFid","int","4","10","0","False"
"HnnDW","dbo","Fact_Survey_Question_Results_202604","TABLE","10","Fid","int","4","10","0","False"
"HnnDW","dbo","Fact_Survey_Question_Results_202604","TABLE","11","ResultText","nvarchar","-1","0","0","True"
"HnnDW","dbo","Fact_Survey_Question_Results_202604","TABLE","12","ResultBynaryURL","nvarchar","8000","0","0","True"
"HnnDW","dbo","Fact_Survey_Question_Results_202604","TABLE","13","Survey_Agency_Name","nvarchar","500","0","0","True"
"HnnDW","dbo","Fact_Survey_Question_Results_202605","TABLE","1","AnswerDate","datetime","8","23","3","True"
"HnnDW","dbo","Fact_Survey_Question_Results_202605","TABLE","2","SurResGuid","uniqueidentifier","16","0","0","True"
"HnnDW","dbo","Fact_Survey_Question_Results_202605","TABLE","3","SurveyID","int","4","10","0","False"
"HnnDW","dbo","Fact_Survey_Question_Results_202605","TABLE","4","SectionNUM","int","4","10","0","False"
"HnnDW","dbo","Fact_Survey_Question_Results_202605","TABLE","5","SectionID","int","4","10","0","False"
"HnnDW","dbo","Fact_Survey_Question_Results_202605","TABLE","6","QuestionID","int","4","10","0","False"
"HnnDW","dbo","Fact_Survey_Question_Results_202605","TABLE","7","ResultID","int","4","10","0","False"
"HnnDW","dbo","Fact_Survey_Question_Results_202605","TABLE","8","AGENCY_NAME","nvarchar","100","0","0","True"
"HnnDW","dbo","Fact_Survey_Question_Results_202605","TABLE","9","MasterFid","int","4","10","0","False"
"HnnDW","dbo","Fact_Survey_Question_Results_202605","TABLE","10","Fid","int","4","10","0","False"
"HnnDW","dbo","Fact_Survey_Question_Results_202605","TABLE","11","ResultText","nvarchar","-1","0","0","True"
"HnnDW","dbo","Fact_Survey_Question_Results_202605","TABLE","12","ResultBynaryURL","nvarchar","8000","0","0","True"
"HnnDW","dbo","Fact_Survey_Question_Results_202605","TABLE","13","Survey_Agency_Name","nvarchar","500","0","0","True"
"HnnDW","dbo","Fact_Survey_Question_Results_202606","TABLE","1","AnswerDate","datetime","8","23","3","True"
"HnnDW","dbo","Fact_Survey_Question_Results_202606","TABLE","2","SurResGuid","uniqueidentifier","16","0","0","True"
"HnnDW","dbo","Fact_Survey_Question_Results_202606","TABLE","3","SurveyID","int","4","10","0","False"
"HnnDW","dbo","Fact_Survey_Question_Results_202606","TABLE","4","SectionNUM","int","4","10","0","False"
"HnnDW","dbo","Fact_Survey_Question_Results_202606","TABLE","5","SectionID","int","4","10","0","False"
"HnnDW","dbo","Fact_Survey_Question_Results_202606","TABLE","6","QuestionID","int","4","10","0","False"
"HnnDW","dbo","Fact_Survey_Question_Results_202606","TABLE","7","ResultID","int","4","10","0","False"
"HnnDW","dbo","Fact_Survey_Question_Results_202606","TABLE","8","AGENCY_NAME","nvarchar","100","0","0","True"
"HnnDW","dbo","Fact_Survey_Question_Results_202606","TABLE","9","MasterFid","int","4","10","0","False"
"HnnDW","dbo","Fact_Survey_Question_Results_202606","TABLE","10","Fid","int","4","10","0","False"
"HnnDW","dbo","Fact_Survey_Question_Results_202606","TABLE","11","ResultText","nvarchar","-1","0","0","True"
"HnnDW","dbo","Fact_Survey_Question_Results_202606","TABLE","12","ResultBynaryURL","nvarchar","8000","0","0","True"
"HnnDW","dbo","Fact_Survey_Question_Results_202606","TABLE","13","Survey_Agency_Name","nvarchar","500","0","0","True"
"HnnDW","dbo","Fact_Survey_Question_Results_202607","TABLE","1","AnswerDate","datetime","8","23","3","True"
"HnnDW","dbo","Fact_Survey_Question_Results_202607","TABLE","2","SurResGuid","uniqueidentifier","16","0","0","True"
"HnnDW","dbo","Fact_Survey_Question_Results_202607","TABLE","3","SurveyID","int","4","10","0","False"
"HnnDW","dbo","Fact_Survey_Question_Results_202607","TABLE","4","SectionNUM","int","4","10","0","False"
"HnnDW","dbo","Fact_Survey_Question_Results_202607","TABLE","5","SectionID","int","4","10","0","False"
"HnnDW","dbo","Fact_Survey_Question_Results_202607","TABLE","6","QuestionID","int","4","10","0","False"
"HnnDW","dbo","Fact_Survey_Question_Results_202607","TABLE","7","ResultID","int","4","10","0","False"
"HnnDW","dbo","Fact_Survey_Question_Results_202607","TABLE","8","AGENCY_NAME","nvarchar","100","0","0","True"
"HnnDW","dbo","Fact_Survey_Question_Results_202607","TABLE","9","MasterFid","int","4","10","0","False"
"HnnDW","dbo","Fact_Survey_Question_Results_202607","TABLE","10","Fid","int","4","10","0","False"
"HnnDW","dbo","Fact_Survey_Question_Results_202607","TABLE","11","ResultText","nvarchar","-1","0","0","True"
"HnnDW","dbo","Fact_Survey_Question_Results_202607","TABLE","12","ResultBynaryURL","nvarchar","8000","0","0","True"
"HnnDW","dbo","Fact_Survey_Question_Results_202607","TABLE","13","Survey_Agency_Name","nvarchar","500","0","0","True"
"HnnDW","dbo","Fact_Survey_Question_Results_202608","TABLE","1","AnswerDate","datetime","8","23","3","True"
"HnnDW","dbo","Fact_Survey_Question_Results_202608","TABLE","2","SurResGuid","uniqueidentifier","16","0","0","True"
"HnnDW","dbo","Fact_Survey_Question_Results_202608","TABLE","3","SurveyID","int","4","10","0","False"
"HnnDW","dbo","Fact_Survey_Question_Results_202608","TABLE","4","SectionNUM","int","4","10","0","False"
"HnnDW","dbo","Fact_Survey_Question_Results_202608","TABLE","5","SectionID","int","4","10","0","False"
"HnnDW","dbo","Fact_Survey_Question_Results_202608","TABLE","6","QuestionID","int","4","10","0","False"
"HnnDW","dbo","Fact_Survey_Question_Results_202608","TABLE","7","ResultID","int","4","10","0","False"
"HnnDW","dbo","Fact_Survey_Question_Results_202608","TABLE","8","AGENCY_NAME","nvarchar","100","0","0","True"
"HnnDW","dbo","Fact_Survey_Question_Results_202608","TABLE","9","MasterFid","int","4","10","0","False"
"HnnDW","dbo","Fact_Survey_Question_Results_202608","TABLE","10","Fid","int","4","10","0","False"
"HnnDW","dbo","Fact_Survey_Question_Results_202608","TABLE","11","ResultText","nvarchar","-1","0","0","True"
"HnnDW","dbo","Fact_Survey_Question_Results_202608","TABLE","12","ResultBynaryURL","nvarchar","8000","0","0","True"
"HnnDW","dbo","Fact_Survey_Question_Results_202608","TABLE","13","Survey_Agency_Name","nvarchar","500","0","0","True"
"HnnDW","dbo","FACT_Territory_History","TABLE","1","Masterfid","int","4","10","0","True"
"HnnDW","dbo","FACT_Territory_History","TABLE","2","RouteName","nvarchar","510","0","0","True"
"HnnDW","dbo","FACT_Territory_History","TABLE","3","StartDate","date","3","10","0","True"
"HnnDW","dbo","FACT_Territory_History","TABLE","4","EndDate","date","3","10","0","True"
"HnnDW","dbo","Fact_Visit_Fotos","TABLE","1","VISIT_DATE","datetime","8","23","3","False"
"HnnDW","dbo","Fact_Visit_Fotos","TABLE","2","SHIP_TO","nvarchar","100","0","0","True"
"HnnDW","dbo","Fact_Visit_Fotos","TABLE","3","PHOTO_AUDIT_ID","nvarchar","500","0","0","True"
"HnnDW","dbo","Fact_Visit_Fotos","TABLE","4","PHOTO_AUDIT_COUNTER","int","4","10","0","True"
"HnnDW","dbo","Fact_Visit_Fotos","TABLE","5","SCENE_TYPE_ID","int","4","10","0","True"
"HnnDW","dbo","Fact_Visit_Fotos","TABLE","6","SCENE_TYPE","nvarchar","500","0","0","True"
"HnnDW","dbo","Fact_Visit_Fotos","TABLE","7","AGENCY_NAME","nvarchar","500","0","0","False"
"HnnDW","dbo","Fact_Visit_Fotos","TABLE","8","Masterfid","int","4","10","0","True"
"HnnDW","dbo","Fact_Visit_Fotos","TABLE","9","PHOTO_QUANTITY_TARGET","int","4","10","0","True"
"HnnDW","dbo","Fact_Visit_Fotos","TABLE","10","PHOTO_QUANTITY_FACT","int","4","10","0","True"
"HnnDW","dbo","Fact_Visit_Fotos","TABLE","11","FEEDBACK","nvarchar","500","0","0","True"
"HnnDW","dbo","Fact_Visit_Fotos","TABLE","12","PHOTO_QUANTITY_MAX","int","4","10","0","True"
"HnnDW","dbo","Fact_Visit_Fotos","TABLE","13","FEEDBACK_MAX","nvarchar","500","0","0","True"
"HnnDW","dbo","Fact_Visits","TABLE","1","VISIT_DATE","datetime","8","23","3","True"
"HnnDW","dbo","Fact_Visits","TABLE","2","SHIP_TO","nvarchar","500","0","0","True"
"HnnDW","dbo","Fact_Visits","TABLE","3","ROUTE_TYPE","nvarchar","500","0","0","True"
"HnnDW","dbo","Fact_Visits","TABLE","4","ROUTE_ID","nvarchar","500","0","0","True"
"HnnDW","dbo","Fact_Visits","TABLE","5","ROUTE_NAME","nvarchar","500","0","0","True"
"HnnDW","dbo","Fact_Visits","TABLE","6","AGENCY_NAME","nvarchar","500","0","0","True"
"HnnDW","dbo","Fact_Visits","TABLE","7","VISIT_ID","nvarchar","500","0","0","True"
"HnnDW","dbo","Fact_Visits","TABLE","8","ROUTE_STATUS","nvarchar","500","0","0","True"
"HnnDW","dbo","Fact_Visits","TABLE","9","ROUTE_CANCEL_REASON_STATUS","nvarchar","500","0","0","True"
"HnnDW","dbo","Fact_Visits","TABLE","10","VISIT_STATUS","nvarchar","500","0","0","True"
"HnnDW","dbo","Fact_Visits","TABLE","11","VISIT_CANCEL_REASON_STATUS","nvarchar","500","0","0","True"
"HnnDW","dbo","Fact_Visits","TABLE","12","VISIT_START_TIME","datetime","8","23","3","True"
"HnnDW","dbo","Fact_Visits","TABLE","13","VISIT_END_TIME","datetime","8","23","3","True"
"HnnDW","dbo","Fact_Visits","TABLE","14","TIME_ZONE","nvarchar","500","0","0","True"
"HnnDW","dbo","Fact_Visits","TABLE","15","TREVEL_TIME","int","4","10","0","True"
"HnnDW","dbo","Fact_Visits","TABLE","16","VISIT_IS_PLANED","int","4","10","0","True"
"HnnDW","dbo","Fact_Visits","TABLE","17","VISIT_IS_COMPLETE","int","4","10","0","True"
"HnnDW","dbo","Fact_Visits","TABLE","18","PLACE_IS_CONFIRMED","int","4","10","0","True"
"HnnDW","dbo","Fact_Visits","TABLE","19","PHOTO_AUDIT_ID","nvarchar","500","0","0","True"
"HnnDW","dbo","Fact_Visits","TABLE","20","PHOTO_AUDIT_START_TIME","datetime","8","23","3","True"
"HnnDW","dbo","Fact_Visits","TABLE","21","PHOTO_AUDIT_END_TIME","datetime","8","23","3","True"
"HnnDW","dbo","Fact_Visits","TABLE","22","PHOTO_AUDIT_COUNTER","int","4","10","0","True"
"HnnDW","dbo","Fact_Visits","TABLE","23","PHOTO_QUANTITY","int","4","10","0","True"
"HnnDW","dbo","Fact_Visits","TABLE","24","LATITUDE_CHECKIN","decimal","9","19","9","True"
"HnnDW","dbo","Fact_Visits","TABLE","25","LONGITUDE_CHECKIN","decimal","9","19","9","True"
"HnnDW","dbo","Fact_Visits","TABLE","26","AGG_VISIT_ID","nvarchar","510","0","0","True"
"HnnDW","dbo","Fact_Visits","TABLE","27","VisitPlanStartTime","datetime","8","23","3","True"
"HnnDW","dbo","Fact_Visits","TABLE","28","VisitErrCode","int","4","10","0","True"
"HnnDW","dbo","Fact_Visits","TABLE","29","Masterfid","int","4","10","0","True"
"HnnDW","dbo","Fact_Visits","TABLE","30","isInvalid","smallint","2","5","0","True"
"HnnDW","dbo","Fact_Visits","TABLE","31","TIMEZONE_CHECK","int","4","10","0","True"
"HnnDW","dbo","Fact_Visits","TABLE","32","ATTEMPT_AMOUNT","int","4","10","0","True"
"HnnDW","dbo","Plan_Survey_Dates","TABLE","1","SurveyID","int","4","10","0","False"
"HnnDW","dbo","Plan_Survey_Dates","TABLE","2","PlanDate","datetime","8","23","3","False"
"HnnDW","dbo","Plan_Survey_Dates","TABLE","3","Masterfid","int","4","10","0","True"
"HnnDW","dbo","Plan_Survey_Dates","TABLE","4","fid","int","4","10","0","True"
"HnnDW","dbo","Plan_Survey_Dates","TABLE","5","AGENCY_NAME","nvarchar","100","0","0","True"
"HnnDW","dbo","Plan_Survey_Dates","TABLE","6","IS_Mandatory","int","4","10","0","True"
"HnnDW","dbo","Plan_Survey_Dates","TABLE","7","Survey_Agency_Name","nvarchar","500","0","0","True"
"HnnDW","dbo","Report_PHOTO_AUDITs","VIEW","1","VISIT_DATE","datetime","8","23","3","True"
"HnnDW","dbo","Report_PHOTO_AUDITs","VIEW","2","SHIP_TO","nvarchar","500","0","0","True"
"HnnDW","dbo","Report_PHOTO_AUDITs","VIEW","3","ROUTE_NAME","nvarchar","500","0","0","True"
"HnnDW","dbo","Report_PHOTO_AUDITs","VIEW","4","AGENCY_NAME","nvarchar","500","0","0","True"
"HnnDW","dbo","Report_PHOTO_AUDITs","VIEW","5","PHOTO_AUDIT_ID","nvarchar","500","0","0","True"
"HnnDW","dbo","Report_PHOTO_AUDITs","VIEW","6","PHOTO_AUDIT_START_TIME","datetime","8","23","3","True"
"HnnDW","dbo","Report_PHOTO_AUDITs","VIEW","7","PHOTO_QUANTITY","int","4","10","0","True"
"HnnDW","dbo","Report_PHOTO_AUDITs","VIEW","8","VISIT_STATUS","nvarchar","500","0","0","True"
"HnnDW","dbo","Report_PHOTO_AUDITs","VIEW","9","SKU_Count","int","4","10","0","True"
"HnnDW","dbo","V_FACT_Faces_Attributes_History","VIEW","1","SHIP_TO","nvarchar","100","0","0","True"
"HnnDW","dbo","V_FACT_Faces_Attributes_History","VIEW","2","AGENCY_NAME","nvarchar","510","0","0","True"
"HnnDW","dbo","V_FACT_Faces_Attributes_History","VIEW","3","AttrID","int","4","10","0","True"
"HnnDW","dbo","V_FACT_Faces_Attributes_History","VIEW","4","AttrName","nvarchar","510","0","0","True"
"HnnDW","dbo","V_FACT_Faces_Attributes_History","VIEW","5","AttrValueID","int","4","10","0","True"
"HnnDW","dbo","V_FACT_Faces_Attributes_History","VIEW","6","AttrValueName","nvarchar","510","0","0","True"
"HnnDW","dbo","V_FACT_Faces_Attributes_History","VIEW","7","AttrText","nvarchar","-1","0","0","True"
"HnnDW","dbo","V_FACT_Faces_Attributes_History","VIEW","8","AttrvalueExid","nvarchar","100","0","0","True"
"HnnDW","dbo","V_FACT_Faces_Attributes_History","VIEW","9","StartDate","datetime","8","23","3","True"
"HnnDW","dbo","V_FACT_Faces_Attributes_History","VIEW","10","EndDate","datetime","8","23","3","True"
"HnnDW","dbo","V_FACT_Faces_MustTop","VIEW","1","SHIP_TO","nvarchar","100","0","0","True"
"HnnDW","dbo","V_FACT_Faces_MustTop","VIEW","2","MustTopID","int","4","10","0","True"
"HnnDW","dbo","V_FACT_Faces_MustTop","VIEW","3","StartDate","datetime","8","23","3","True"
"HnnDW","dbo","V_FACT_Faces_MustTop","VIEW","4","EndDate","datetime","8","23","3","True"
"HnnDW","dbo","V_FACT_FacesItemsAttributes","VIEW","1","Fid","int","4","10","0","True"
"HnnDW","dbo","V_FACT_FacesItemsAttributes","VIEW","2","SHIP_TO","nvarchar","100","0","0","True"
"HnnDW","dbo","V_FACT_FacesItemsAttributes","VIEW","3","Iid","int","4","10","0","True"
"HnnDW","dbo","V_FACT_FacesItemsAttributes","VIEW","4","PRODUCT_NATURE_CD","varchar","250","0","0","True"
"HnnDW","dbo","V_FACT_FacesItemsAttributes","VIEW","5","AttrID","int","4","10","0","True"
"HnnDW","dbo","V_FACT_FacesItemsAttributes","VIEW","6","AttrName","nvarchar","510","0","0","True"
"HnnDW","dbo","V_FACT_FacesItemsAttributes","VIEW","7","RecordID","int","4","10","0","True"
"HnnDW","dbo","V_FACT_FacesItemsAttributes","VIEW","8","StartDate","datetime","8","23","3","True"
"HnnDW","dbo","V_FACT_FacesItemsAttributes","VIEW","9","EndDate","datetime","8","23","3","True"
"HnnDW","dbo","V_FACT_FacesItemsAttributes","VIEW","10","AttrValueID","int","4","10","0","True"
"HnnDW","dbo","V_FACT_FacesItemsAttributes","VIEW","11","AttrText","nvarchar","8000","0","0","True"
"HnnDW","dbo","V_FACT_FacesItemsAttributes","VIEW","12","AttrvalueExid","nvarchar","100","0","0","True"
"HnnDW","dbo","V_FACT_FacesItemsAttributes","VIEW","13","AGENCY_NAME","nvarchar","200","0","0","True"
"HnnDW","dbo","V_FACT_FacesItemsAttributes","VIEW","14","Comment","nvarchar","8000","0","0","True"
"HnnDW","dbo","V_FACT_Items_Attributes_History","VIEW","1","PRODUCT_NATURE_CD","varchar","250","0","0","True"
"HnnDW","dbo","V_FACT_Items_Attributes_History","VIEW","2","AttrID","int","4","10","0","True"
"HnnDW","dbo","V_FACT_Items_Attributes_History","VIEW","3","AttrName","nvarchar","510","0","0","True"
"HnnDW","dbo","V_FACT_Items_Attributes_History","VIEW","4","AttrValueID","int","4","10","0","True"
"HnnDW","dbo","V_FACT_Items_Attributes_History","VIEW","5","AttrValueName","nvarchar","510","0","0","True"
"HnnDW","dbo","V_FACT_Items_Attributes_History","VIEW","6","AttrText","nvarchar","-1","0","0","True"
"HnnDW","dbo","V_FACT_Items_Attributes_History","VIEW","7","AttrvalueExid","nvarchar","100","0","0","True"
"HnnDW","dbo","V_FACT_Items_Attributes_History","VIEW","8","StartDate","datetime","8","23","3","True"
"HnnDW","dbo","V_FACT_Items_Attributes_History","VIEW","9","EndDate","datetime","8","23","3","True"
"HnnDW","dbo","V_FACT_Items_MustTop","VIEW","1","PRODUCT_NATURE_CD","varchar","250","0","0","True"
"HnnDW","dbo","V_FACT_Items_MustTop","VIEW","2","MustTopID","int","4","10","0","True"
"HnnDW","dbo","V_FACT_Items_MustTop","VIEW","3","MustTopName","nvarchar","510","0","0","True"
"HnnDW","dbo","V_FACT_Items_MustTop","VIEW","4","ListType","nvarchar","20","0","0","True"
"HnnDW","dbo","V_FACT_Items_MustTop","VIEW","5","StartDate","datetime","8","23","3","True"
"HnnDW","dbo","V_FACT_Items_MustTop","VIEW","6","EndDate","datetime","8","23","3","True"
"HnnDW","dbo","V_FACT_MATRIX2Items","VIEW","1","PRODUCT_NATURE_CD","varchar","250","0","0","True"
"HnnDW","dbo","V_FACT_MATRIX2Items","VIEW","2","Matrixname","nvarchar","500","0","0","True"
"HnnDW","dbo","V_FACT_MATRIX2Items","VIEW","3","MatrixExid","nvarchar","100","0","0","True"
"HnnDW","dbo","V_FACT_MATRIX2Items","VIEW","4","StartDate","datetime","8","23","3","True"
"HnnDW","dbo","V_FACT_MATRIX2Items","VIEW","5","EndDate","datetime","8","23","3","True"
"HnnDW","dbo","V_FACT_MATRIX2SHIPTO","VIEW","1","SHIP_TO","nvarchar","100","0","0","True"
"HnnDW","dbo","V_FACT_MATRIX2SHIPTO","VIEW","2","AGENCY_NAME","nvarchar","510","0","0","True"
"HnnDW","dbo","V_FACT_MATRIX2SHIPTO","VIEW","3","Matrixname","nvarchar","500","0","0","True"
"HnnDW","dbo","V_FACT_MATRIX2SHIPTO","VIEW","4","MatrixExid","nvarchar","100","0","0","True"
"HnnDW","dbo","V_FACT_MATRIX2SHIPTO","VIEW","5","StartDate","datetime","8","23","3","True"
"HnnDW","dbo","V_FACT_MATRIX2SHIPTO","VIEW","6","EndDate","datetime","8","23","3","True"
"HnnDW","dbo","V_Fact_OOS","VIEW","1","VISIT_DATE","datetime","8","23","3","True"
"HnnDW","dbo","V_Fact_OOS","VIEW","2","PHOTO_AUDIT_ID","nvarchar","500","0","0","True"
"HnnDW","dbo","V_Fact_OOS","VIEW","3","PRODUCT_NATURE_CD","varchar","250","0","0","True"
"HnnDW","dbo","V_Fact_OOS","VIEW","4","OOS_REASON_CD","nvarchar","100","0","0","True"
"HnnDW","dbo","V_Fact_OOS","VIEW","5","SHIP_TO","nvarchar","100","0","0","True"
"HnnDW","dbo","V_Fact_OOS","VIEW","6","AGENCY_NAME","nvarchar","500","0","0","True"
"HnnDW","dbo","V_Fact_OOS","VIEW","7","AlertExid","nvarchar","100","0","0","True"
"HnnDW","dbo","V_Fact_OOS","VIEW","8","AlertDate","datetime","8","23","3","True"
"HnnDW","dbo","V_Fact_OOS","VIEW","9","AlertResult","nvarchar","510","0","0","True"
"HnnDW","dbo","V_FACT_PosmFaces","VIEW","1","VISIT_DATE","datetime","8","23","3","True"
"HnnDW","dbo","V_FACT_PosmFaces","VIEW","2","POSM_ID","nvarchar","500","0","0","True"
"HnnDW","dbo","V_FACT_PosmFaces","VIEW","3","SHELF_NUMBER","nvarchar","500","0","0","True"
"HnnDW","dbo","V_FACT_PosmFaces","VIEW","4","EYE_LEVEL","int","4","10","0","True"
"HnnDW","dbo","V_FACT_PosmFaces","VIEW","5","FACING_FACT","float","8","53","0","True"
"HnnDW","dbo","V_FACT_PosmFaces","VIEW","6","FACING_WIDTH","float","8","53","0","True"
"HnnDW","dbo","V_FACT_PosmFaces","VIEW","7","GROUP_WIDTH","float","8","53","0","True"
"HnnDW","dbo","V_FACT_PosmFaces","VIEW","8","GROUP_FACT","float","8","53","0","True"
"HnnDW","dbo","V_FACT_PosmFaces","VIEW","9","PRICE","money","8","19","4","True"
"HnnDW","dbo","V_FACT_PosmFaces","VIEW","10","PRICE_TYPE","nvarchar","500","0","0","True"
"HnnDW","dbo","V_FACT_PosmFaces","VIEW","11","AGENCY_NAME","nvarchar","200","0","0","True"
"HnnDW","dbo","V_FACT_PosmFaces","VIEW","12","Fid","int","4","10","0","True"
"HnnDW","dbo","V_FACT_PosmFaces","VIEW","13","Iid","int","4","10","0","True"
"HnnDW","dbo","V_FACT_PosmFaces","VIEW","14","SHIP_TO","nvarchar","100","0","0","True"
"HnnDW","dbo","V_FACT_PosmFaces","VIEW","15","PRODUCT_NATURE_CD","varchar","250","0","0","True"
"HnnDW","dbo","V_FACT_Posms","VIEW","1","VISIT_ID","nvarchar","500","0","0","True"
"HnnDW","dbo","V_FACT_Posms","VIEW","2","VISIT_DATE","datetime","8","23","3","True"
"HnnDW","dbo","V_FACT_Posms","VIEW","3","VISIT_STATUS","nvarchar","500","0","0","True"
"HnnDW","dbo","V_FACT_Posms","VIEW","4","VISIT_IS_PLANED","int","4","10","0","True"
"HnnDW","dbo","V_FACT_Posms","VIEW","5","PHOTO_AUDIT_ID","nvarchar","500","0","0","True"
"HnnDW","dbo","V_FACT_Posms","VIEW","6","PHOTO_AUDIT_COUNTER","int","4","10","0","True"
"HnnDW","dbo","V_FACT_Posms","VIEW","7","SHIP_TO","nvarchar","100","0","0","True"
"HnnDW","dbo","V_FACT_Posms","VIEW","8","ROUTE_TYPE","nvarchar","500","0","0","True"
"HnnDW","dbo","V_FACT_Posms","VIEW","9","POSM_Code","nvarchar","100","0","0","True"
"HnnDW","dbo","V_FACT_Posms","VIEW","10","POSM_Name","nvarchar","100","0","0","True"
"HnnDW","dbo","V_FACT_Posms","VIEW","11","POSM_Name_RU","nvarchar","200","0","0","True"
"HnnDW","dbo","V_FACT_Posms","VIEW","12","SCENE_TYPE_ID","nvarchar","500","0","0","True"
"HnnDW","dbo","V_FACT_Posms","VIEW","13","SCENE_TYPE","nvarchar","500","0","0","True"
"HnnDW","dbo","V_FACT_Posms","VIEW","14","VISIT_LINK","nvarchar","500","0","0","True"
"HnnDW","dbo","V_FACT_Posms","VIEW","15","Posm_ID","nvarchar","500","0","0","True"
"HnnDW","dbo","V_FACT_Posms","VIEW","16","AGENCY_NAME","nvarchar","500","0","0","True"
"HnnDW","dbo","V_Fact_Survey_Question_Results","VIEW","1","AnswerDate","datetime","8","23","3","True"
"HnnDW","dbo","V_Fact_Survey_Question_Results","VIEW","2","SurResGuid","uniqueidentifier","16","0","0","True"
"HnnDW","dbo","V_Fact_Survey_Question_Results","VIEW","3","SurveyID","int","4","10","0","True"
"HnnDW","dbo","V_Fact_Survey_Question_Results","VIEW","4","SurveyName","nvarchar","510","0","0","True"
"HnnDW","dbo","V_Fact_Survey_Question_Results","VIEW","5","SectionNUM","int","4","10","0","True"
"HnnDW","dbo","V_Fact_Survey_Question_Results","VIEW","6","SectionID","int","4","10","0","True"
"HnnDW","dbo","V_Fact_Survey_Question_Results","VIEW","7","SectionName","nvarchar","510","0","0","True"
"HnnDW","dbo","V_Fact_Survey_Question_Results","VIEW","8","QuestionID","int","4","10","0","True"
"HnnDW","dbo","V_Fact_Survey_Question_Results","VIEW","9","QuestionName","nvarchar","510","0","0","True"
"HnnDW","dbo","V_Fact_Survey_Question_Results","VIEW","10","ResultID","int","4","10","0","True"
"HnnDW","dbo","V_Fact_Survey_Question_Results","VIEW","11","AGENCY_NAME","nvarchar","100","0","0","True"
"HnnDW","dbo","V_Fact_Survey_Question_Results","VIEW","12","MasterFid","int","4","10","0","True"
"HnnDW","dbo","V_Fact_Survey_Question_Results","VIEW","13","Fid","int","4","10","0","True"
"HnnDW","dbo","V_Fact_Survey_Question_Results","VIEW","14","SHIP_TO","nvarchar","100","0","0","True"
"HnnDW","dbo","V_Fact_Survey_Question_Results","VIEW","15","ResultText","nvarchar","-1","0","0","True"
"HnnDW","dbo","V_Fact_Survey_Question_Results","VIEW","16","ResultBynaryURL","nvarchar","8000","0","0","True"
"HnnDW","dbo","V_Fact_Survey_Results_All","VIEW","1","AnswerDate","datetime","8","23","3","True"
"HnnDW","dbo","V_Fact_Survey_Results_All","VIEW","2","SurResGuid","uniqueidentifier","16","0","0","True"
"HnnDW","dbo","V_Fact_Survey_Results_All","VIEW","3","SurveyID","int","4","10","0","False"
"HnnDW","dbo","V_Fact_Survey_Results_All","VIEW","4","SectionNUM","int","4","10","0","False"
"HnnDW","dbo","V_Fact_Survey_Results_All","VIEW","5","SectionID","int","4","10","0","False"
"HnnDW","dbo","V_Fact_Survey_Results_All","VIEW","6","QuestionID","int","4","10","0","False"
"HnnDW","dbo","V_Fact_Survey_Results_All","VIEW","7","ResultID","int","4","10","0","False"
"HnnDW","dbo","V_Fact_Survey_Results_All","VIEW","8","AGENCY_NAME","nvarchar","100","0","0","True"
"HnnDW","dbo","V_Fact_Survey_Results_All","VIEW","9","MasterFid","int","4","10","0","False"
"HnnDW","dbo","V_Fact_Survey_Results_All","VIEW","10","Fid","int","4","10","0","False"
"HnnDW","dbo","V_Fact_Survey_Results_All","VIEW","11","ResultText","nvarchar","-1","0","0","True"
"HnnDW","dbo","V_Fact_Survey_Results_All","VIEW","12","ResultBynaryURL","nvarchar","8000","0","0","True"
"HnnDW","dbo","V_Fact_Survey_Results_All","VIEW","13","Survey_Agency_Name","nvarchar","500","0","0","True"
"HnnDW","dbo","V_Plan_Survey_Dates","VIEW","1","SurveyID","int","4","10","0","False"
"HnnDW","dbo","V_Plan_Survey_Dates","VIEW","2","PlanDate","datetime","8","23","3","False"
"HnnDW","dbo","V_Plan_Survey_Dates","VIEW","3","Masterfid","int","4","10","0","True"
"HnnDW","dbo","V_Plan_Survey_Dates","VIEW","4","MasterName","nvarchar","200","0","0","True"
"HnnDW","dbo","V_Plan_Survey_Dates","VIEW","5","MasterExid","nvarchar","200","0","0","True"
"HnnDW","dbo","V_Plan_Survey_Dates","VIEW","6","fid","int","4","10","0","True"
"HnnDW","dbo","V_Plan_Survey_Dates","VIEW","7","SHIP_TO","nvarchar","100","0","0","True"
"HnnDW","dbo","V_Plan_Survey_Dates","VIEW","8","AGENCY_NAME","nvarchar","100","0","0","True"
"HnnDW","dbo","V_Plan_Survey_Dates","VIEW","9","IS_Mandatory","int","4","10","0","True"
