"category","database_name","schema_name","table_name","object_type","column_name","data_type"
"ТТ, маршруты и визиты","HnnDW","dbo","Dim_POSList","TABLE","ADDRESS","nvarchar"
"Сети и клиенты","HnnDW","dbo","Dim_POSList","TABLE","CLIENT","nvarchar"
"Сети и клиенты","HnnDW","dbo","Dim_POSList","TABLE","CUSTOMER_GROUP","nvarchar"
"ТТ, маршруты и визиты","HnnDW","dbo","Dim_POSList","TABLE","ROUTE_NAME","nvarchar"
"Сети и клиенты","HnnDW","dbo","Dim_POSList","TABLE","ClientName","nvarchar"
"ТТ, маршруты и визиты","HnnDW","dbo","DIM_Survey","TABLE","VisitRelated","int"
"ТТ, маршруты и визиты","HnnDW","dbo","Fact_Facing","VIEW","VISIT_ID","nvarchar"
"ТТ, маршруты и визиты","HnnDW","dbo","Fact_Facing","VIEW","VISIT_DATE","datetime"
"ТТ, маршруты и визиты","HnnDW","dbo","Fact_Facing","VIEW","VISIT_STATUS","nvarchar"
"ТТ, маршруты и визиты","HnnDW","dbo","Fact_Facing","VIEW","VISIT_IS_PLANED","int"
"ТТ, маршруты и визиты","HnnDW","dbo","Fact_Facing","VIEW","ROUTE_TYPE","nvarchar"
"ТТ, маршруты и визиты","HnnDW","dbo","Fact_Facing","VIEW","VISIT_LINK","nvarchar"
"KPI","HnnDW","dbo","Fact_Facing","VIEW","PICOS","bit"
"ТТ, маршруты и визиты","HnnDW","dbo","Fact_Facing_202211","TABLE","VISIT_ID","nvarchar"
"ТТ, маршруты и визиты","HnnDW","dbo","Fact_Facing_202211","TABLE","VISIT_DATE","datetime"
"ТТ, маршруты и визиты","HnnDW","dbo","Fact_Facing_202211","TABLE","VISIT_STATUS","nvarchar"
"ТТ, маршруты и визиты","HnnDW","dbo","Fact_Facing_202211","TABLE","VISIT_IS_PLANED","int"
"ТТ, маршруты и визиты","HnnDW","dbo","Fact_Facing_202211","TABLE","ROUTE_TYPE","nvarchar"
"ТТ, маршруты и визиты","HnnDW","dbo","Fact_Facing_202211","TABLE","VISIT_LINK","nvarchar"
"KPI","HnnDW","dbo","Fact_Facing_202211","TABLE","PICOS","bit"
"ТТ, маршруты и визиты","HnnDW","dbo","Fact_Facing_202212","TABLE","VISIT_ID","nvarchar"
"ТТ, маршруты и визиты","HnnDW","dbo","Fact_Facing_202212","TABLE","VISIT_DATE","datetime"
"ТТ, маршруты и визиты","HnnDW","dbo","Fact_Facing_202212","TABLE","VISIT_STATUS","nvarchar"
"ТТ, маршруты и визиты","HnnDW","dbo","Fact_Facing_202212","TABLE","VISIT_IS_PLANED","int"
"ТТ, маршруты и визиты","HnnDW","dbo","Fact_Facing_202212","TABLE","ROUTE_TYPE","nvarchar"
"ТТ, маршруты и визиты","HnnDW","dbo","Fact_Facing_202212","TABLE","VISIT_LINK","nvarchar"
"KPI","HnnDW","dbo","Fact_Facing_202212","TABLE","PICOS","bit"
"ТТ, маршруты и визиты","HnnDW","dbo","Fact_Facing_202301","TABLE","VISIT_ID","nvarchar"
"ТТ, маршруты и визиты","HnnDW","dbo","Fact_Facing_202301","TABLE","VISIT_DATE","datetime"
"ТТ, маршруты и визиты","HnnDW","dbo","Fact_Facing_202301","TABLE","VISIT_STATUS","nvarchar"
"ТТ, маршруты и визиты","HnnDW","dbo","Fact_Facing_202301","TABLE","VISIT_IS_PLANED","int"
"ТТ, маршруты и визиты","HnnDW","dbo","Fact_Facing_202301","TABLE","ROUTE_TYPE","nvarchar"
"ТТ, маршруты и визиты","HnnDW","dbo","Fact_Facing_202301","TABLE","VISIT_LINK","nvarchar"
"KPI","HnnDW","dbo","Fact_Facing_202301","TABLE","PICOS","bit"
"ТТ, маршруты и визиты","HnnDW","dbo","Fact_Facing_202302","TABLE","VISIT_ID","nvarchar"
"ТТ, маршруты и визиты","HnnDW","dbo","Fact_Facing_202302","TABLE","VISIT_DATE","datetime"
"ТТ, маршруты и визиты","HnnDW","dbo","Fact_Facing_202302","TABLE","VISIT_STATUS","nvarchar"
"ТТ, маршруты и визиты","HnnDW","dbo","Fact_Facing_202302","TABLE","VISIT_IS_PLANED","int"
"ТТ, маршруты и визиты","HnnDW","dbo","Fact_Facing_202302","TABLE","ROUTE_TYPE","nvarchar"
"ТТ, маршруты и визиты","HnnDW","dbo","Fact_Facing_202302","TABLE","VISIT_LINK","nvarchar"
"KPI","HnnDW","dbo","Fact_Facing_202302","TABLE","PICOS","bit"
"ТТ, маршруты и визиты","HnnDW","dbo","Fact_Facing_202303","TABLE","VISIT_ID","nvarchar"
"ТТ, маршруты и визиты","HnnDW","dbo","Fact_Facing_202303","TABLE","VISIT_DATE","datetime"
"ТТ, маршруты и визиты","HnnDW","dbo","Fact_Facing_202303","TABLE","VISIT_STATUS","nvarchar"
"ТТ, маршруты и визиты","HnnDW","dbo","Fact_Facing_202303","TABLE","VISIT_IS_PLANED","int"
"ТТ, маршруты и визиты","HnnDW","dbo","Fact_Facing_202303","TABLE","ROUTE_TYPE","nvarchar"
"ТТ, маршруты и визиты","HnnDW","dbo","Fact_Facing_202303","TABLE","VISIT_LINK","nvarchar"
"KPI","HnnDW","dbo","Fact_Facing_202303","TABLE","PICOS","bit"
"ТТ, маршруты и визиты","HnnDW","dbo","Fact_Facing_202304","TABLE","VISIT_ID","nvarchar"
"ТТ, маршруты и визиты","HnnDW","dbo","Fact_Facing_202304","TABLE","VISIT_DATE","datetime"
"ТТ, маршруты и визиты","HnnDW","dbo","Fact_Facing_202304","TABLE","VISIT_STATUS","nvarchar"
"ТТ, маршруты и визиты","HnnDW","dbo","Fact_Facing_202304","TABLE","VISIT_IS_PLANED","int"
"ТТ, маршруты и визиты","HnnDW","dbo","Fact_Facing_202304","TABLE","ROUTE_TYPE","nvarchar"
"ТТ, маршруты и визиты","HnnDW","dbo","Fact_Facing_202304","TABLE","VISIT_LINK","nvarchar"
"KPI","HnnDW","dbo","Fact_Facing_202304","TABLE","PICOS","bit"
"ТТ, маршруты и визиты","HnnDW","dbo","Fact_Facing_202305","TABLE","VISIT_ID","nvarchar"
"ТТ, маршруты и визиты","HnnDW","dbo","Fact_Facing_202305","TABLE","VISIT_DATE","datetime"
"ТТ, маршруты и визиты","HnnDW","dbo","Fact_Facing_202305","TABLE","VISIT_STATUS","nvarchar"
"ТТ, маршруты и визиты","HnnDW","dbo","Fact_Facing_202305","TABLE","VISIT_IS_PLANED","int"
"ТТ, маршруты и визиты","HnnDW","dbo","Fact_Facing_202305","TABLE","ROUTE_TYPE","nvarchar"
"ТТ, маршруты и визиты","HnnDW","dbo","Fact_Facing_202305","TABLE","VISIT_LINK","nvarchar"
"KPI","HnnDW","dbo","Fact_Facing_202305","TABLE","PICOS","bit"
"ТТ, маршруты и визиты","HnnDW","dbo","Fact_Facing_202306","TABLE","VISIT_ID","nvarchar"
"ТТ, маршруты и визиты","HnnDW","dbo","Fact_Facing_202306","TABLE","VISIT_DATE","datetime"
"ТТ, маршруты и визиты","HnnDW","dbo","Fact_Facing_202306","TABLE","VISIT_STATUS","nvarchar"
"ТТ, маршруты и визиты","HnnDW","dbo","Fact_Facing_202306","TABLE","VISIT_IS_PLANED","int"
"ТТ, маршруты и визиты","HnnDW","dbo","Fact_Facing_202306","TABLE","ROUTE_TYPE","nvarchar"
"ТТ, маршруты и визиты","HnnDW","dbo","Fact_Facing_202306","TABLE","VISIT_LINK","nvarchar"
"KPI","HnnDW","dbo","Fact_Facing_202306","TABLE","PICOS","bit"
"ТТ, маршруты и визиты","HnnDW","dbo","Fact_Facing_202307","TABLE","VISIT_ID","nvarchar"
"ТТ, маршруты и визиты","HnnDW","dbo","Fact_Facing_202307","TABLE","VISIT_DATE","datetime"
"ТТ, маршруты и визиты","HnnDW","dbo","Fact_Facing_202307","TABLE","VISIT_STATUS","nvarchar"
"ТТ, маршруты и визиты","HnnDW","dbo","Fact_Facing_202307","TABLE","VISIT_IS_PLANED","int"
"ТТ, маршруты и визиты","HnnDW","dbo","Fact_Facing_202307","TABLE","ROUTE_TYPE","nvarchar"
"ТТ, маршруты и визиты","HnnDW","dbo","Fact_Facing_202307","TABLE","VISIT_LINK","nvarchar"
"KPI","HnnDW","dbo","Fact_Facing_202307","TABLE","PICOS","bit"
"ТТ, маршруты и визиты","HnnDW","dbo","Fact_Facing_202308","TABLE","VISIT_ID","nvarchar"
"ТТ, маршруты и визиты","HnnDW","dbo","Fact_Facing_202308","TABLE","VISIT_DATE","datetime"
"ТТ, маршруты и визиты","HnnDW","dbo","Fact_Facing_202308","TABLE","VISIT_STATUS","nvarchar"
"ТТ, маршруты и визиты","HnnDW","dbo","Fact_Facing_202308","TABLE","VISIT_IS_PLANED","int"
"ТТ, маршруты и визиты","HnnDW","dbo","Fact_Facing_202308","TABLE","ROUTE_TYPE","nvarchar"
"ТТ, маршруты и визиты","HnnDW","dbo","Fact_Facing_202308","TABLE","VISIT_LINK","nvarchar"
"KPI","HnnDW","dbo","Fact_Facing_202308","TABLE","PICOS","bit"
"ТТ, маршруты и визиты","HnnDW","dbo","Fact_Facing_202309","TABLE","VISIT_ID","nvarchar"
"ТТ, маршруты и визиты","HnnDW","dbo","Fact_Facing_202309","TABLE","VISIT_DATE","datetime"
"ТТ, маршруты и визиты","HnnDW","dbo","Fact_Facing_202309","TABLE","VISIT_STATUS","nvarchar"
"ТТ, маршруты и визиты","HnnDW","dbo","Fact_Facing_202309","TABLE","VISIT_IS_PLANED","int"
"ТТ, маршруты и визиты","HnnDW","dbo","Fact_Facing_202309","TABLE","ROUTE_TYPE","nvarchar"
"ТТ, маршруты и визиты","HnnDW","dbo","Fact_Facing_202309","TABLE","VISIT_LINK","nvarchar"
"KPI","HnnDW","dbo","Fact_Facing_202309","TABLE","PICOS","bit"
"ТТ, маршруты и визиты","HnnDW","dbo","Fact_Facing_202310","TABLE","VISIT_ID","nvarchar"
"ТТ, маршруты и визиты","HnnDW","dbo","Fact_Facing_202310","TABLE","VISIT_DATE","datetime"
"ТТ, маршруты и визиты","HnnDW","dbo","Fact_Facing_202310","TABLE","VISIT_STATUS","nvarchar"
"ТТ, маршруты и визиты","HnnDW","dbo","Fact_Facing_202310","TABLE","VISIT_IS_PLANED","int"
"ТТ, маршруты и визиты","HnnDW","dbo","Fact_Facing_202310","TABLE","ROUTE_TYPE","nvarchar"
"ТТ, маршруты и визиты","HnnDW","dbo","Fact_Facing_202310","TABLE","VISIT_LINK","nvarchar"
"KPI","HnnDW","dbo","Fact_Facing_202310","TABLE","PICOS","bit"
"ТТ, маршруты и визиты","HnnDW","dbo","Fact_Facing_202311","TABLE","VISIT_ID","nvarchar"
"ТТ, маршруты и визиты","HnnDW","dbo","Fact_Facing_202311","TABLE","VISIT_DATE","datetime"
"ТТ, маршруты и визиты","HnnDW","dbo","Fact_Facing_202311","TABLE","VISIT_STATUS","nvarchar"
"ТТ, маршруты и визиты","HnnDW","dbo","Fact_Facing_202311","TABLE","VISIT_IS_PLANED","int"
"ТТ, маршруты и визиты","HnnDW","dbo","Fact_Facing_202311","TABLE","ROUTE_TYPE","nvarchar"
"ТТ, маршруты и визиты","HnnDW","dbo","Fact_Facing_202311","TABLE","VISIT_LINK","nvarchar"
"KPI","HnnDW","dbo","Fact_Facing_202311","TABLE","PICOS","bit"
"ТТ, маршруты и визиты","HnnDW","dbo","Fact_Facing_202312","TABLE","VISIT_ID","nvarchar"
"ТТ, маршруты и визиты","HnnDW","dbo","Fact_Facing_202312","TABLE","VISIT_DATE","datetime"
"ТТ, маршруты и визиты","HnnDW","dbo","Fact_Facing_202312","TABLE","VISIT_STATUS","nvarchar"
"ТТ, маршруты и визиты","HnnDW","dbo","Fact_Facing_202312","TABLE","VISIT_IS_PLANED","int"
"ТТ, маршруты и визиты","HnnDW","dbo","Fact_Facing_202312","TABLE","ROUTE_TYPE","nvarchar"
"ТТ, маршруты и визиты","HnnDW","dbo","Fact_Facing_202312","TABLE","VISIT_LINK","nvarchar"
"KPI","HnnDW","dbo","Fact_Facing_202312","TABLE","PICOS","bit"
"ТТ, маршруты и визиты","HnnDW","dbo","Fact_Facing_202401","TABLE","VISIT_ID","nvarchar"
"ТТ, маршруты и визиты","HnnDW","dbo","Fact_Facing_202401","TABLE","VISIT_DATE","datetime"
"ТТ, маршруты и визиты","HnnDW","dbo","Fact_Facing_202401","TABLE","VISIT_STATUS","nvarchar"
"ТТ, маршруты и визиты","HnnDW","dbo","Fact_Facing_202401","TABLE","VISIT_IS_PLANED","int"
"ТТ, маршруты и визиты","HnnDW","dbo","Fact_Facing_202401","TABLE","ROUTE_TYPE","nvarchar"
"ТТ, маршруты и визиты","HnnDW","dbo","Fact_Facing_202401","TABLE","VISIT_LINK","nvarchar"
"KPI","HnnDW","dbo","Fact_Facing_202401","TABLE","PICOS","bit"
"ТТ, маршруты и визиты","HnnDW","dbo","Fact_Facing_202402","TABLE","VISIT_ID","nvarchar"
"ТТ, маршруты и визиты","HnnDW","dbo","Fact_Facing_202402","TABLE","VISIT_DATE","datetime"
"ТТ, маршруты и визиты","HnnDW","dbo","Fact_Facing_202402","TABLE","VISIT_STATUS","nvarchar"
"ТТ, маршруты и визиты","HnnDW","dbo","Fact_Facing_202402","TABLE","VISIT_IS_PLANED","int"
"ТТ, маршруты и визиты","HnnDW","dbo","Fact_Facing_202402","TABLE","ROUTE_TYPE","nvarchar"
"ТТ, маршруты и визиты","HnnDW","dbo","Fact_Facing_202402","TABLE","VISIT_LINK","nvarchar"
"KPI","HnnDW","dbo","Fact_Facing_202402","TABLE","PICOS","bit"
"ТТ, маршруты и визиты","HnnDW","dbo","Fact_Facing_202403","TABLE","VISIT_ID","nvarchar"
"ТТ, маршруты и визиты","HnnDW","dbo","Fact_Facing_202403","TABLE","VISIT_DATE","datetime"
"ТТ, маршруты и визиты","HnnDW","dbo","Fact_Facing_202403","TABLE","VISIT_STATUS","nvarchar"
"ТТ, маршруты и визиты","HnnDW","dbo","Fact_Facing_202403","TABLE","VISIT_IS_PLANED","int"
"ТТ, маршруты и визиты","HnnDW","dbo","Fact_Facing_202403","TABLE","ROUTE_TYPE","nvarchar"
"ТТ, маршруты и визиты","HnnDW","dbo","Fact_Facing_202403","TABLE","VISIT_LINK","nvarchar"
"KPI","HnnDW","dbo","Fact_Facing_202403","TABLE","PICOS","bit"
"ТТ, маршруты и визиты","HnnDW","dbo","Fact_Facing_202404","TABLE","VISIT_ID","nvarchar"
"ТТ, маршруты и визиты","HnnDW","dbo","Fact_Facing_202404","TABLE","VISIT_DATE","datetime"
"ТТ, маршруты и визиты","HnnDW","dbo","Fact_Facing_202404","TABLE","VISIT_STATUS","nvarchar"
"ТТ, маршруты и визиты","HnnDW","dbo","Fact_Facing_202404","TABLE","VISIT_IS_PLANED","int"
"ТТ, маршруты и визиты","HnnDW","dbo","Fact_Facing_202404","TABLE","ROUTE_TYPE","nvarchar"
"ТТ, маршруты и визиты","HnnDW","dbo","Fact_Facing_202404","TABLE","VISIT_LINK","nvarchar"
"KPI","HnnDW","dbo","Fact_Facing_202404","TABLE","PICOS","bit"
"ТТ, маршруты и визиты","HnnDW","dbo","Fact_Facing_202405","TABLE","VISIT_ID","nvarchar"
"ТТ, маршруты и визиты","HnnDW","dbo","Fact_Facing_202405","TABLE","VISIT_DATE","datetime"
"ТТ, маршруты и визиты","HnnDW","dbo","Fact_Facing_202405","TABLE","VISIT_STATUS","nvarchar"
"ТТ, маршруты и визиты","HnnDW","dbo","Fact_Facing_202405","TABLE","VISIT_IS_PLANED","int"
"ТТ, маршруты и визиты","HnnDW","dbo","Fact_Facing_202405","TABLE","ROUTE_TYPE","nvarchar"
"ТТ, маршруты и визиты","HnnDW","dbo","Fact_Facing_202405","TABLE","VISIT_LINK","nvarchar"
"KPI","HnnDW","dbo","Fact_Facing_202405","TABLE","PICOS","bit"
"ТТ, маршруты и визиты","HnnDW","dbo","Fact_Facing_202406","TABLE","VISIT_ID","nvarchar"
"ТТ, маршруты и визиты","HnnDW","dbo","Fact_Facing_202406","TABLE","VISIT_DATE","datetime"
"ТТ, маршруты и визиты","HnnDW","dbo","Fact_Facing_202406","TABLE","VISIT_STATUS","nvarchar"
"ТТ, маршруты и визиты","HnnDW","dbo","Fact_Facing_202406","TABLE","VISIT_IS_PLANED","int"
"ТТ, маршруты и визиты","HnnDW","dbo","Fact_Facing_202406","TABLE","ROUTE_TYPE","nvarchar"
"ТТ, маршруты и визиты","HnnDW","dbo","Fact_Facing_202406","TABLE","VISIT_LINK","nvarchar"
"KPI","HnnDW","dbo","Fact_Facing_202406","TABLE","PICOS","bit"
"ТТ, маршруты и визиты","HnnDW","dbo","Fact_Facing_202407","TABLE","VISIT_ID","nvarchar"
"ТТ, маршруты и визиты","HnnDW","dbo","Fact_Facing_202407","TABLE","VISIT_DATE","datetime"
"ТТ, маршруты и визиты","HnnDW","dbo","Fact_Facing_202407","TABLE","VISIT_STATUS","nvarchar"
"ТТ, маршруты и визиты","HnnDW","dbo","Fact_Facing_202407","TABLE","VISIT_IS_PLANED","int"
"ТТ, маршруты и визиты","HnnDW","dbo","Fact_Facing_202407","TABLE","ROUTE_TYPE","nvarchar"
"ТТ, маршруты и визиты","HnnDW","dbo","Fact_Facing_202407","TABLE","VISIT_LINK","nvarchar"
"KPI","HnnDW","dbo","Fact_Facing_202407","TABLE","PICOS","bit"
"ТТ, маршруты и визиты","HnnDW","dbo","Fact_Facing_202408","TABLE","VISIT_ID","nvarchar"
"ТТ, маршруты и визиты","HnnDW","dbo","Fact_Facing_202408","TABLE","VISIT_DATE","datetime"
"ТТ, маршруты и визиты","HnnDW","dbo","Fact_Facing_202408","TABLE","VISIT_STATUS","nvarchar"
"ТТ, маршруты и визиты","HnnDW","dbo","Fact_Facing_202408","TABLE","VISIT_IS_PLANED","int"
"ТТ, маршруты и визиты","HnnDW","dbo","Fact_Facing_202408","TABLE","ROUTE_TYPE","nvarchar"
"ТТ, маршруты и визиты","HnnDW","dbo","Fact_Facing_202408","TABLE","VISIT_LINK","nvarchar"
"KPI","HnnDW","dbo","Fact_Facing_202408","TABLE","PICOS","bit"
"ТТ, маршруты и визиты","HnnDW","dbo","Fact_Facing_202409","TABLE","VISIT_ID","nvarchar"
"ТТ, маршруты и визиты","HnnDW","dbo","Fact_Facing_202409","TABLE","VISIT_DATE","datetime"
"ТТ, маршруты и визиты","HnnDW","dbo","Fact_Facing_202409","TABLE","VISIT_STATUS","nvarchar"
"ТТ, маршруты и визиты","HnnDW","dbo","Fact_Facing_202409","TABLE","VISIT_IS_PLANED","int"
"ТТ, маршруты и визиты","HnnDW","dbo","Fact_Facing_202409","TABLE","ROUTE_TYPE","nvarchar"
"ТТ, маршруты и визиты","HnnDW","dbo","Fact_Facing_202409","TABLE","VISIT_LINK","nvarchar"
"KPI","HnnDW","dbo","Fact_Facing_202409","TABLE","PICOS","bit"
"ТТ, маршруты и визиты","HnnDW","dbo","Fact_Facing_202410","TABLE","VISIT_ID","nvarchar"
"ТТ, маршруты и визиты","HnnDW","dbo","Fact_Facing_202410","TABLE","VISIT_DATE","datetime"
"ТТ, маршруты и визиты","HnnDW","dbo","Fact_Facing_202410","TABLE","VISIT_STATUS","nvarchar"
"ТТ, маршруты и визиты","HnnDW","dbo","Fact_Facing_202410","TABLE","VISIT_IS_PLANED","int"
"ТТ, маршруты и визиты","HnnDW","dbo","Fact_Facing_202410","TABLE","ROUTE_TYPE","nvarchar"
"ТТ, маршруты и визиты","HnnDW","dbo","Fact_Facing_202410","TABLE","VISIT_LINK","nvarchar"
"KPI","HnnDW","dbo","Fact_Facing_202410","TABLE","PICOS","bit"
"ТТ, маршруты и визиты","HnnDW","dbo","Fact_Facing_202411","TABLE","VISIT_ID","nvarchar"
"ТТ, маршруты и визиты","HnnDW","dbo","Fact_Facing_202411","TABLE","VISIT_DATE","datetime"
"ТТ, маршруты и визиты","HnnDW","dbo","Fact_Facing_202411","TABLE","VISIT_STATUS","nvarchar"
"ТТ, маршруты и визиты","HnnDW","dbo","Fact_Facing_202411","TABLE","VISIT_IS_PLANED","int"
"ТТ, маршруты и визиты","HnnDW","dbo","Fact_Facing_202411","TABLE","ROUTE_TYPE","nvarchar"
"ТТ, маршруты и визиты","HnnDW","dbo","Fact_Facing_202411","TABLE","VISIT_LINK","nvarchar"
"KPI","HnnDW","dbo","Fact_Facing_202411","TABLE","PICOS","bit"
"ТТ, маршруты и визиты","HnnDW","dbo","Fact_Facing_202412","TABLE","VISIT_ID","nvarchar"
"ТТ, маршруты и визиты","HnnDW","dbo","Fact_Facing_202412","TABLE","VISIT_DATE","datetime"
"ТТ, маршруты и визиты","HnnDW","dbo","Fact_Facing_202412","TABLE","VISIT_STATUS","nvarchar"
"ТТ, маршруты и визиты","HnnDW","dbo","Fact_Facing_202412","TABLE","VISIT_IS_PLANED","int"
"ТТ, маршруты и визиты","HnnDW","dbo","Fact_Facing_202412","TABLE","ROUTE_TYPE","nvarchar"
"ТТ, маршруты и визиты","HnnDW","dbo","Fact_Facing_202412","TABLE","VISIT_LINK","nvarchar"
"KPI","HnnDW","dbo","Fact_Facing_202412","TABLE","PICOS","bit"
"ТТ, маршруты и визиты","HnnDW","dbo","Fact_Facing_202501","TABLE","VISIT_ID","nvarchar"
"ТТ, маршруты и визиты","HnnDW","dbo","Fact_Facing_202501","TABLE","VISIT_DATE","datetime"
"ТТ, маршруты и визиты","HnnDW","dbo","Fact_Facing_202501","TABLE","VISIT_STATUS","nvarchar"
"ТТ, маршруты и визиты","HnnDW","dbo","Fact_Facing_202501","TABLE","VISIT_IS_PLANED","int"
"ТТ, маршруты и визиты","HnnDW","dbo","Fact_Facing_202501","TABLE","ROUTE_TYPE","nvarchar"
"ТТ, маршруты и визиты","HnnDW","dbo","Fact_Facing_202501","TABLE","VISIT_LINK","nvarchar"
"KPI","HnnDW","dbo","Fact_Facing_202501","TABLE","PICOS","bit"
"ТТ, маршруты и визиты","HnnDW","dbo","Fact_Facing_202502","TABLE","VISIT_ID","nvarchar"
"ТТ, маршруты и визиты","HnnDW","dbo","Fact_Facing_202502","TABLE","VISIT_DATE","datetime"
"ТТ, маршруты и визиты","HnnDW","dbo","Fact_Facing_202502","TABLE","VISIT_STATUS","nvarchar"
"ТТ, маршруты и визиты","HnnDW","dbo","Fact_Facing_202502","TABLE","VISIT_IS_PLANED","int"
"ТТ, маршруты и визиты","HnnDW","dbo","Fact_Facing_202502","TABLE","ROUTE_TYPE","nvarchar"
"ТТ, маршруты и визиты","HnnDW","dbo","Fact_Facing_202502","TABLE","VISIT_LINK","nvarchar"
"KPI","HnnDW","dbo","Fact_Facing_202502","TABLE","PICOS","bit"
"ТТ, маршруты и визиты","HnnDW","dbo","Fact_Facing_202503","TABLE","VISIT_ID","nvarchar"
"ТТ, маршруты и визиты","HnnDW","dbo","Fact_Facing_202503","TABLE","VISIT_DATE","datetime"
"ТТ, маршруты и визиты","HnnDW","dbo","Fact_Facing_202503","TABLE","VISIT_STATUS","nvarchar"
"ТТ, маршруты и визиты","HnnDW","dbo","Fact_Facing_202503","TABLE","VISIT_IS_PLANED","int"
"ТТ, маршруты и визиты","HnnDW","dbo","Fact_Facing_202503","TABLE","ROUTE_TYPE","nvarchar"
"ТТ, маршруты и визиты","HnnDW","dbo","Fact_Facing_202503","TABLE","VISIT_LINK","nvarchar"
"KPI","HnnDW","dbo","Fact_Facing_202503","TABLE","PICOS","bit"
"ТТ, маршруты и визиты","HnnDW","dbo","Fact_Facing_202504","TABLE","VISIT_ID","nvarchar"
"ТТ, маршруты и визиты","HnnDW","dbo","Fact_Facing_202504","TABLE","VISIT_DATE","datetime"
"ТТ, маршруты и визиты","HnnDW","dbo","Fact_Facing_202504","TABLE","VISIT_STATUS","nvarchar"
"ТТ, маршруты и визиты","HnnDW","dbo","Fact_Facing_202504","TABLE","VISIT_IS_PLANED","int"
"ТТ, маршруты и визиты","HnnDW","dbo","Fact_Facing_202504","TABLE","ROUTE_TYPE","nvarchar"
"ТТ, маршруты и визиты","HnnDW","dbo","Fact_Facing_202504","TABLE","VISIT_LINK","nvarchar"
"KPI","HnnDW","dbo","Fact_Facing_202504","TABLE","PICOS","bit"
"ТТ, маршруты и визиты","HnnDW","dbo","Fact_Facing_202505","TABLE","VISIT_ID","nvarchar"
"ТТ, маршруты и визиты","HnnDW","dbo","Fact_Facing_202505","TABLE","VISIT_DATE","datetime"
"ТТ, маршруты и визиты","HnnDW","dbo","Fact_Facing_202505","TABLE","VISIT_STATUS","nvarchar"
"ТТ, маршруты и визиты","HnnDW","dbo","Fact_Facing_202505","TABLE","VISIT_IS_PLANED","int"
"ТТ, маршруты и визиты","HnnDW","dbo","Fact_Facing_202505","TABLE","ROUTE_TYPE","nvarchar"
"ТТ, маршруты и визиты","HnnDW","dbo","Fact_Facing_202505","TABLE","VISIT_LINK","nvarchar"
"KPI","HnnDW","dbo","Fact_Facing_202505","TABLE","PICOS","bit"
"ТТ, маршруты и визиты","HnnDW","dbo","Fact_Facing_202506","TABLE","VISIT_ID","nvarchar"
"ТТ, маршруты и визиты","HnnDW","dbo","Fact_Facing_202506","TABLE","VISIT_DATE","datetime"
"ТТ, маршруты и визиты","HnnDW","dbo","Fact_Facing_202506","TABLE","VISIT_STATUS","nvarchar"
"ТТ, маршруты и визиты","HnnDW","dbo","Fact_Facing_202506","TABLE","VISIT_IS_PLANED","int"
"ТТ, маршруты и визиты","HnnDW","dbo","Fact_Facing_202506","TABLE","ROUTE_TYPE","nvarchar"
"ТТ, маршруты и визиты","HnnDW","dbo","Fact_Facing_202506","TABLE","VISIT_LINK","nvarchar"
"KPI","HnnDW","dbo","Fact_Facing_202506","TABLE","PICOS","bit"
"ТТ, маршруты и визиты","HnnDW","dbo","Fact_Facing_202507","TABLE","VISIT_ID","nvarchar"
"ТТ, маршруты и визиты","HnnDW","dbo","Fact_Facing_202507","TABLE","VISIT_DATE","datetime"
"ТТ, маршруты и визиты","HnnDW","dbo","Fact_Facing_202507","TABLE","VISIT_STATUS","nvarchar"
"ТТ, маршруты и визиты","HnnDW","dbo","Fact_Facing_202507","TABLE","VISIT_IS_PLANED","int"
"ТТ, маршруты и визиты","HnnDW","dbo","Fact_Facing_202507","TABLE","ROUTE_TYPE","nvarchar"
"ТТ, маршруты и визиты","HnnDW","dbo","Fact_Facing_202507","TABLE","VISIT_LINK","nvarchar"
"KPI","HnnDW","dbo","Fact_Facing_202507","TABLE","PICOS","bit"
"ТТ, маршруты и визиты","HnnDW","dbo","Fact_Facing_202508","TABLE","VISIT_ID","nvarchar"
"ТТ, маршруты и визиты","HnnDW","dbo","Fact_Facing_202508","TABLE","VISIT_DATE","datetime"
"ТТ, маршруты и визиты","HnnDW","dbo","Fact_Facing_202508","TABLE","VISIT_STATUS","nvarchar"
"ТТ, маршруты и визиты","HnnDW","dbo","Fact_Facing_202508","TABLE","VISIT_IS_PLANED","int"
"ТТ, маршруты и визиты","HnnDW","dbo","Fact_Facing_202508","TABLE","ROUTE_TYPE","nvarchar"
"ТТ, маршруты и визиты","HnnDW","dbo","Fact_Facing_202508","TABLE","VISIT_LINK","nvarchar"
"KPI","HnnDW","dbo","Fact_Facing_202508","TABLE","PICOS","bit"
"ТТ, маршруты и визиты","HnnDW","dbo","Fact_Facing_202509","TABLE","VISIT_ID","nvarchar"
"ТТ, маршруты и визиты","HnnDW","dbo","Fact_Facing_202509","TABLE","VISIT_DATE","datetime"
"ТТ, маршруты и визиты","HnnDW","dbo","Fact_Facing_202509","TABLE","VISIT_STATUS","nvarchar"
"ТТ, маршруты и визиты","HnnDW","dbo","Fact_Facing_202509","TABLE","VISIT_IS_PLANED","int"
"ТТ, маршруты и визиты","HnnDW","dbo","Fact_Facing_202509","TABLE","ROUTE_TYPE","nvarchar"
"ТТ, маршруты и визиты","HnnDW","dbo","Fact_Facing_202509","TABLE","VISIT_LINK","nvarchar"
"KPI","HnnDW","dbo","Fact_Facing_202509","TABLE","PICOS","bit"
"ТТ, маршруты и визиты","HnnDW","dbo","Fact_Facing_202510","TABLE","VISIT_ID","nvarchar"
"ТТ, маршруты и визиты","HnnDW","dbo","Fact_Facing_202510","TABLE","VISIT_DATE","datetime"
"ТТ, маршруты и визиты","HnnDW","dbo","Fact_Facing_202510","TABLE","VISIT_STATUS","nvarchar"
"ТТ, маршруты и визиты","HnnDW","dbo","Fact_Facing_202510","TABLE","VISIT_IS_PLANED","int"
"ТТ, маршруты и визиты","HnnDW","dbo","Fact_Facing_202510","TABLE","ROUTE_TYPE","nvarchar"
"ТТ, маршруты и визиты","HnnDW","dbo","Fact_Facing_202510","TABLE","VISIT_LINK","nvarchar"
"KPI","HnnDW","dbo","Fact_Facing_202510","TABLE","PICOS","bit"
"ТТ, маршруты и визиты","HnnDW","dbo","Fact_Facing_202511","TABLE","VISIT_ID","nvarchar"
"ТТ, маршруты и визиты","HnnDW","dbo","Fact_Facing_202511","TABLE","VISIT_DATE","datetime"
"ТТ, маршруты и визиты","HnnDW","dbo","Fact_Facing_202511","TABLE","VISIT_STATUS","nvarchar"
"ТТ, маршруты и визиты","HnnDW","dbo","Fact_Facing_202511","TABLE","VISIT_IS_PLANED","int"
"ТТ, маршруты и визиты","HnnDW","dbo","Fact_Facing_202511","TABLE","ROUTE_TYPE","nvarchar"
"ТТ, маршруты и визиты","HnnDW","dbo","Fact_Facing_202511","TABLE","VISIT_LINK","nvarchar"
"KPI","HnnDW","dbo","Fact_Facing_202511","TABLE","PICOS","bit"
"ТТ, маршруты и визиты","HnnDW","dbo","Fact_Facing_202512","TABLE","VISIT_ID","nvarchar"
"ТТ, маршруты и визиты","HnnDW","dbo","Fact_Facing_202512","TABLE","VISIT_DATE","datetime"
"ТТ, маршруты и визиты","HnnDW","dbo","Fact_Facing_202512","TABLE","VISIT_STATUS","nvarchar"
"ТТ, маршруты и визиты","HnnDW","dbo","Fact_Facing_202512","TABLE","VISIT_IS_PLANED","int"
"ТТ, маршруты и визиты","HnnDW","dbo","Fact_Facing_202512","TABLE","ROUTE_TYPE","nvarchar"
"ТТ, маршруты и визиты","HnnDW","dbo","Fact_Facing_202512","TABLE","VISIT_LINK","nvarchar"
"KPI","HnnDW","dbo","Fact_Facing_202512","TABLE","PICOS","bit"
"ТТ, маршруты и визиты","HnnDW","dbo","Fact_Facing_202601","TABLE","VISIT_ID","nvarchar"
"ТТ, маршруты и визиты","HnnDW","dbo","Fact_Facing_202601","TABLE","VISIT_DATE","datetime"
"ТТ, маршруты и визиты","HnnDW","dbo","Fact_Facing_202601","TABLE","VISIT_STATUS","nvarchar"
"ТТ, маршруты и визиты","HnnDW","dbo","Fact_Facing_202601","TABLE","VISIT_IS_PLANED","int"
"ТТ, маршруты и визиты","HnnDW","dbo","Fact_Facing_202601","TABLE","ROUTE_TYPE","nvarchar"
"ТТ, маршруты и визиты","HnnDW","dbo","Fact_Facing_202601","TABLE","VISIT_LINK","nvarchar"
"KPI","HnnDW","dbo","Fact_Facing_202601","TABLE","PICOS","bit"
"ТТ, маршруты и визиты","HnnDW","dbo","Fact_Facing_202602","TABLE","VISIT_ID","nvarchar"
"ТТ, маршруты и визиты","HnnDW","dbo","Fact_Facing_202602","TABLE","VISIT_DATE","datetime"
"ТТ, маршруты и визиты","HnnDW","dbo","Fact_Facing_202602","TABLE","VISIT_STATUS","nvarchar"
"ТТ, маршруты и визиты","HnnDW","dbo","Fact_Facing_202602","TABLE","VISIT_IS_PLANED","int"
"ТТ, маршруты и визиты","HnnDW","dbo","Fact_Facing_202602","TABLE","ROUTE_TYPE","nvarchar"
"ТТ, маршруты и визиты","HnnDW","dbo","Fact_Facing_202602","TABLE","VISIT_LINK","nvarchar"
"KPI","HnnDW","dbo","Fact_Facing_202602","TABLE","PICOS","bit"
"ТТ, маршруты и визиты","HnnDW","dbo","Fact_Facing_202603","TABLE","VISIT_ID","nvarchar"
"ТТ, маршруты и визиты","HnnDW","dbo","Fact_Facing_202603","TABLE","VISIT_DATE","datetime"
"ТТ, маршруты и визиты","HnnDW","dbo","Fact_Facing_202603","TABLE","VISIT_STATUS","nvarchar"
"ТТ, маршруты и визиты","HnnDW","dbo","Fact_Facing_202603","TABLE","VISIT_IS_PLANED","int"
"ТТ, маршруты и визиты","HnnDW","dbo","Fact_Facing_202603","TABLE","ROUTE_TYPE","nvarchar"
"ТТ, маршруты и визиты","HnnDW","dbo","Fact_Facing_202603","TABLE","VISIT_LINK","nvarchar"
"KPI","HnnDW","dbo","Fact_Facing_202603","TABLE","PICOS","bit"
"ТТ, маршруты и визиты","HnnDW","dbo","Fact_Facing_202604","TABLE","VISIT_ID","nvarchar"
"ТТ, маршруты и визиты","HnnDW","dbo","Fact_Facing_202604","TABLE","VISIT_DATE","datetime"
"ТТ, маршруты и визиты","HnnDW","dbo","Fact_Facing_202604","TABLE","VISIT_STATUS","nvarchar"
"ТТ, маршруты и визиты","HnnDW","dbo","Fact_Facing_202604","TABLE","VISIT_IS_PLANED","int"
"ТТ, маршруты и визиты","HnnDW","dbo","Fact_Facing_202604","TABLE","ROUTE_TYPE","nvarchar"
"ТТ, маршруты и визиты","HnnDW","dbo","Fact_Facing_202604","TABLE","VISIT_LINK","nvarchar"
"KPI","HnnDW","dbo","Fact_Facing_202604","TABLE","PICOS","bit"
"ТТ, маршруты и визиты","HnnDW","dbo","Fact_Facing_202605","TABLE","VISIT_ID","nvarchar"
"ТТ, маршруты и визиты","HnnDW","dbo","Fact_Facing_202605","TABLE","VISIT_DATE","datetime"
"ТТ, маршруты и визиты","HnnDW","dbo","Fact_Facing_202605","TABLE","VISIT_STATUS","nvarchar"
"ТТ, маршруты и визиты","HnnDW","dbo","Fact_Facing_202605","TABLE","VISIT_IS_PLANED","int"
"ТТ, маршруты и визиты","HnnDW","dbo","Fact_Facing_202605","TABLE","ROUTE_TYPE","nvarchar"
"ТТ, маршруты и визиты","HnnDW","dbo","Fact_Facing_202605","TABLE","VISIT_LINK","nvarchar"
"KPI","HnnDW","dbo","Fact_Facing_202605","TABLE","PICOS","bit"
"ТТ, маршруты и визиты","HnnDW","dbo","Fact_Facing_202606","TABLE","VISIT_ID","nvarchar"
"ТТ, маршруты и визиты","HnnDW","dbo","Fact_Facing_202606","TABLE","VISIT_DATE","datetime"
"ТТ, маршруты и визиты","HnnDW","dbo","Fact_Facing_202606","TABLE","VISIT_STATUS","nvarchar"
"ТТ, маршруты и визиты","HnnDW","dbo","Fact_Facing_202606","TABLE","VISIT_IS_PLANED","int"
"ТТ, маршруты и визиты","HnnDW","dbo","Fact_Facing_202606","TABLE","ROUTE_TYPE","nvarchar"
"ТТ, маршруты и визиты","HnnDW","dbo","Fact_Facing_202606","TABLE","VISIT_LINK","nvarchar"
"KPI","HnnDW","dbo","Fact_Facing_202606","TABLE","PICOS","bit"
"ТТ, маршруты и визиты","HnnDW","dbo","Fact_Facing_202607","TABLE","VISIT_ID","nvarchar"
"ТТ, маршруты и визиты","HnnDW","dbo","Fact_Facing_202607","TABLE","VISIT_DATE","datetime"
"ТТ, маршруты и визиты","HnnDW","dbo","Fact_Facing_202607","TABLE","VISIT_STATUS","nvarchar"
"ТТ, маршруты и визиты","HnnDW","dbo","Fact_Facing_202607","TABLE","VISIT_IS_PLANED","int"
"ТТ, маршруты и визиты","HnnDW","dbo","Fact_Facing_202607","TABLE","ROUTE_TYPE","nvarchar"
"ТТ, маршруты и визиты","HnnDW","dbo","Fact_Facing_202607","TABLE","VISIT_LINK","nvarchar"
"KPI","HnnDW","dbo","Fact_Facing_202607","TABLE","PICOS","bit"
"ТТ, маршруты и визиты","HnnDW","dbo","Fact_Facing_202608","TABLE","VISIT_ID","nvarchar"
"ТТ, маршруты и визиты","HnnDW","dbo","Fact_Facing_202608","TABLE","VISIT_DATE","datetime"
"ТТ, маршруты и визиты","HnnDW","dbo","Fact_Facing_202608","TABLE","VISIT_STATUS","nvarchar"
"ТТ, маршруты и визиты","HnnDW","dbo","Fact_Facing_202608","TABLE","VISIT_IS_PLANED","int"
"ТТ, маршруты и визиты","HnnDW","dbo","Fact_Facing_202608","TABLE","ROUTE_TYPE","nvarchar"
"ТТ, маршруты и визиты","HnnDW","dbo","Fact_Facing_202608","TABLE","VISIT_LINK","nvarchar"
"KPI","HnnDW","dbo","Fact_Facing_202608","TABLE","PICOS","bit"
"ТТ, маршруты и визиты","HnnDW","dbo","Fact_OOS_202211","TABLE","VISIT_DATE","datetime"
"ТТ, маршруты и визиты","HnnDW","dbo","Fact_OOS_202212","TABLE","VISIT_DATE","datetime"
"ТТ, маршруты и визиты","HnnDW","dbo","Fact_OOS_202301","TABLE","VISIT_DATE","datetime"
"ТТ, маршруты и визиты","HnnDW","dbo","Fact_OOS_202302","TABLE","VISIT_DATE","datetime"
"ТТ, маршруты и визиты","HnnDW","dbo","Fact_OOS_202303","TABLE","VISIT_DATE","datetime"
"ТТ, маршруты и визиты","HnnDW","dbo","Fact_OOS_202304","TABLE","VISIT_DATE","datetime"
"ТТ, маршруты и визиты","HnnDW","dbo","Fact_OOS_202305","TABLE","VISIT_DATE","datetime"
"ТТ, маршруты и визиты","HnnDW","dbo","Fact_OOS_202306","TABLE","VISIT_DATE","datetime"
"ТТ, маршруты и визиты","HnnDW","dbo","Fact_OOS_202307","TABLE","VISIT_DATE","datetime"
"ТТ, маршруты и визиты","HnnDW","dbo","Fact_OOS_202308","TABLE","VISIT_DATE","datetime"
"ТТ, маршруты и визиты","HnnDW","dbo","Fact_OOS_202309","TABLE","VISIT_DATE","datetime"
"ТТ, маршруты и визиты","HnnDW","dbo","Fact_OOS_202310","TABLE","VISIT_DATE","datetime"
"ТТ, маршруты и визиты","HnnDW","dbo","Fact_OOS_202311","TABLE","VISIT_DATE","datetime"
"ТТ, маршруты и визиты","HnnDW","dbo","Fact_OOS_202312","TABLE","VISIT_DATE","datetime"
"ТТ, маршруты и визиты","HnnDW","dbo","Fact_OOS_202401","TABLE","VISIT_DATE","datetime"
"ТТ, маршруты и визиты","HnnDW","dbo","Fact_OOS_202402","TABLE","VISIT_DATE","datetime"
"ТТ, маршруты и визиты","HnnDW","dbo","Fact_OOS_202403","TABLE","VISIT_DATE","datetime"
"ТТ, маршруты и визиты","HnnDW","dbo","Fact_OOS_202404","TABLE","VISIT_DATE","datetime"
"ТТ, маршруты и визиты","HnnDW","dbo","Fact_OOS_202405","TABLE","VISIT_DATE","datetime"
"ТТ, маршруты и визиты","HnnDW","dbo","Fact_OOS_202406","TABLE","VISIT_DATE","datetime"
"ТТ, маршруты и визиты","HnnDW","dbo","Fact_OOS_202407","TABLE","VISIT_DATE","datetime"
"ТТ, маршруты и визиты","HnnDW","dbo","Fact_OOS_202408","TABLE","VISIT_DATE","datetime"
"ТТ, маршруты и визиты","HnnDW","dbo","Fact_OOS_202409","TABLE","VISIT_DATE","datetime"
"ТТ, маршруты и визиты","HnnDW","dbo","Fact_OOS_202410","TABLE","VISIT_DATE","datetime"
"ТТ, маршруты и визиты","HnnDW","dbo","Fact_OOS_202411","TABLE","VISIT_DATE","datetime"
"ТТ, маршруты и визиты","HnnDW","dbo","Fact_OOS_202412","TABLE","VISIT_DATE","datetime"
"ТТ, маршруты и визиты","HnnDW","dbo","Fact_OOS_202501","TABLE","VISIT_DATE","datetime"
"ТТ, маршруты и визиты","HnnDW","dbo","Fact_OOS_202502","TABLE","VISIT_DATE","datetime"
"ТТ, маршруты и визиты","HnnDW","dbo","Fact_OOS_202503","TABLE","VISIT_DATE","datetime"
"ТТ, маршруты и визиты","HnnDW","dbo","Fact_OOS_202504","TABLE","VISIT_DATE","datetime"
"ТТ, маршруты и визиты","HnnDW","dbo","Fact_OOS_202505","TABLE","VISIT_DATE","datetime"
"ТТ, маршруты и визиты","HnnDW","dbo","Fact_OOS_202506","TABLE","VISIT_DATE","datetime"
"ТТ, маршруты и визиты","HnnDW","dbo","Fact_OOS_202507","TABLE","VISIT_DATE","datetime"
"ТТ, маршруты и визиты","HnnDW","dbo","Fact_OOS_202508","TABLE","VISIT_DATE","datetime"
"ТТ, маршруты и визиты","HnnDW","dbo","Fact_OOS_202509","TABLE","VISIT_DATE","datetime"
"ТТ, маршруты и визиты","HnnDW","dbo","Fact_OOS_202510","TABLE","VISIT_DATE","datetime"
"ТТ, маршруты и визиты","HnnDW","dbo","Fact_OOS_202511","TABLE","VISIT_DATE","datetime"
"ТТ, маршруты и визиты","HnnDW","dbo","Fact_OOS_202512","TABLE","VISIT_DATE","datetime"
"ТТ, маршруты и визиты","HnnDW","dbo","Fact_OOS_202601","TABLE","VISIT_DATE","datetime"
"ТТ, маршруты и визиты","HnnDW","dbo","Fact_OOS_202602","TABLE","VISIT_DATE","datetime"
"ТТ, маршруты и визиты","HnnDW","dbo","Fact_OOS_202603","TABLE","VISIT_DATE","datetime"
"ТТ, маршруты и визиты","HnnDW","dbo","Fact_OOS_202604","TABLE","VISIT_DATE","datetime"
"ТТ, маршруты и визиты","HnnDW","dbo","Fact_OOS_202605","TABLE","VISIT_DATE","datetime"
"ТТ, маршруты и визиты","HnnDW","dbo","Fact_OOS_202606","TABLE","VISIT_DATE","datetime"
"ТТ, маршруты и визиты","HnnDW","dbo","Fact_OOS_202607","TABLE","VISIT_DATE","datetime"
"ТТ, маршруты и визиты","HnnDW","dbo","Fact_OOS_202608","TABLE","VISIT_DATE","datetime"
"KPI","HnnDW","dbo","Fact_OSA","VIEW","VISIT_ID","nvarchar"
"ТТ, маршруты и визиты","HnnDW","dbo","Fact_OSA","VIEW","VISIT_ID","nvarchar"
"KPI","HnnDW","dbo","Fact_OSA","VIEW","VISIT_DATE","datetime"
"ТТ, маршруты и визиты","HnnDW","dbo","Fact_OSA","VIEW","VISIT_DATE","datetime"
"KPI","HnnDW","dbo","Fact_OSA","VIEW","VISIT_STATUS","nvarchar"
"ТТ, маршруты и визиты","HnnDW","dbo","Fact_OSA","VIEW","VISIT_STATUS","nvarchar"
"KPI","HnnDW","dbo","Fact_OSA","VIEW","VISIT_IS_PLANED","int"
"ТТ, маршруты и визиты","HnnDW","dbo","Fact_OSA","VIEW","VISIT_IS_PLANED","int"
"KPI","HnnDW","dbo","Fact_OSA","VIEW","PHOTO_AUDIT_ID","nvarchar"
"KPI","HnnDW","dbo","Fact_OSA","VIEW","PHOTO_AUDIT_COUNTER","int"
"KPI","HnnDW","dbo","Fact_OSA","VIEW","SHIP_TO","nvarchar"
"KPI","HnnDW","dbo","Fact_OSA","VIEW","ROUTE_TYPE","nvarchar"
"ТТ, маршруты и визиты","HnnDW","dbo","Fact_OSA","VIEW","ROUTE_TYPE","nvarchar"
"KPI","HnnDW","dbo","Fact_OSA","VIEW","PRODUCT_NATURE_CD","varchar"
"KPI","HnnDW","dbo","Fact_OSA","VIEW","PRODUCT_NATURE","varchar"
"KPI","HnnDW","dbo","Fact_OSA","VIEW","SCENE_TYPE_ID","nvarchar"
"KPI","HnnDW","dbo","Fact_OSA","VIEW","PROMO","int"
"KPI","HnnDW","dbo","Fact_OSA","VIEW","MUST","nvarchar"
"KPI","HnnDW","dbo","Fact_OSA","VIEW","INNO","int"
"KPI","HnnDW","dbo","Fact_OSA","VIEW","MATRIX_ID","nvarchar"
"KPI","HnnDW","dbo","Fact_OSA","VIEW","MATRIX_NAME","nvarchar"
"KPI","HnnDW","dbo","Fact_OSA","VIEW","IN_MATRIX","int"
"KPI","HnnDW","dbo","Fact_OSA","VIEW","IN_STOCK","int"
"KPI","HnnDW","dbo","Fact_OSA","VIEW","AGENCY_NAME","nvarchar"
"KPI","HnnDW","dbo","Fact_OSA","VIEW","PICOS","tinyint"
"KPI","HnnDW","dbo","Fact_OSA","VIEW","BRAND_TYPE_CD","varchar"
"KPI","HnnDW","dbo","Fact_OSA_202211","TABLE","VISIT_ID","nvarchar"
"ТТ, маршруты и визиты","HnnDW","dbo","Fact_OSA_202211","TABLE","VISIT_ID","nvarchar"
"KPI","HnnDW","dbo","Fact_OSA_202211","TABLE","VISIT_DATE","datetime"
"ТТ, маршруты и визиты","HnnDW","dbo","Fact_OSA_202211","TABLE","VISIT_DATE","datetime"
"KPI","HnnDW","dbo","Fact_OSA_202211","TABLE","VISIT_STATUS","nvarchar"
"ТТ, маршруты и визиты","HnnDW","dbo","Fact_OSA_202211","TABLE","VISIT_STATUS","nvarchar"
"KPI","HnnDW","dbo","Fact_OSA_202211","TABLE","VISIT_IS_PLANED","int"
"ТТ, маршруты и визиты","HnnDW","dbo","Fact_OSA_202211","TABLE","VISIT_IS_PLANED","int"
"KPI","HnnDW","dbo","Fact_OSA_202211","TABLE","PHOTO_AUDIT_ID","nvarchar"
"KPI","HnnDW","dbo","Fact_OSA_202211","TABLE","PHOTO_AUDIT_COUNTER","int"
"KPI","HnnDW","dbo","Fact_OSA_202211","TABLE","ROUTE_TYPE","nvarchar"
"ТТ, маршруты и визиты","HnnDW","dbo","Fact_OSA_202211","TABLE","ROUTE_TYPE","nvarchar"
"KPI","HnnDW","dbo","Fact_OSA_202211","TABLE","SCENE_TYPE_ID","nvarchar"
"KPI","HnnDW","dbo","Fact_OSA_202211","TABLE","PROMO","int"
"KPI","HnnDW","dbo","Fact_OSA_202211","TABLE","MUST","nvarchar"
"KPI","HnnDW","dbo","Fact_OSA_202211","TABLE","INNO","int"
"KPI","HnnDW","dbo","Fact_OSA_202211","TABLE","MATRIX_ID","nvarchar"
"KPI","HnnDW","dbo","Fact_OSA_202211","TABLE","MATRIX_NAME","nvarchar"
"KPI","HnnDW","dbo","Fact_OSA_202211","TABLE","IN_MATRIX","int"
"KPI","HnnDW","dbo","Fact_OSA_202211","TABLE","IN_STOCK","int"
"KPI","HnnDW","dbo","Fact_OSA_202211","TABLE","AGENCY_NAME","nvarchar"
"KPI","HnnDW","dbo","Fact_OSA_202211","TABLE","fid","int"
"KPI","HnnDW","dbo","Fact_OSA_202211","TABLE","iid","int"
"KPI","HnnDW","dbo","Fact_OSA_202211","TABLE","PICOS","tinyint"
"KPI","HnnDW","dbo","Fact_OSA_202212","TABLE","VISIT_ID","nvarchar"
"ТТ, маршруты и визиты","HnnDW","dbo","Fact_OSA_202212","TABLE","VISIT_ID","nvarchar"
"KPI","HnnDW","dbo","Fact_OSA_202212","TABLE","VISIT_DATE","datetime"
"ТТ, маршруты и визиты","HnnDW","dbo","Fact_OSA_202212","TABLE","VISIT_DATE","datetime"
"KPI","HnnDW","dbo","Fact_OSA_202212","TABLE","VISIT_STATUS","nvarchar"
"ТТ, маршруты и визиты","HnnDW","dbo","Fact_OSA_202212","TABLE","VISIT_STATUS","nvarchar"
"KPI","HnnDW","dbo","Fact_OSA_202212","TABLE","VISIT_IS_PLANED","int"
"ТТ, маршруты и визиты","HnnDW","dbo","Fact_OSA_202212","TABLE","VISIT_IS_PLANED","int"
"KPI","HnnDW","dbo","Fact_OSA_202212","TABLE","PHOTO_AUDIT_ID","nvarchar"
"KPI","HnnDW","dbo","Fact_OSA_202212","TABLE","PHOTO_AUDIT_COUNTER","int"
"KPI","HnnDW","dbo","Fact_OSA_202212","TABLE","ROUTE_TYPE","nvarchar"
"ТТ, маршруты и визиты","HnnDW","dbo","Fact_OSA_202212","TABLE","ROUTE_TYPE","nvarchar"
"KPI","HnnDW","dbo","Fact_OSA_202212","TABLE","SCENE_TYPE_ID","nvarchar"
"KPI","HnnDW","dbo","Fact_OSA_202212","TABLE","PROMO","int"
"KPI","HnnDW","dbo","Fact_OSA_202212","TABLE","MUST","nvarchar"
"KPI","HnnDW","dbo","Fact_OSA_202212","TABLE","INNO","int"
"KPI","HnnDW","dbo","Fact_OSA_202212","TABLE","MATRIX_ID","nvarchar"
"KPI","HnnDW","dbo","Fact_OSA_202212","TABLE","MATRIX_NAME","nvarchar"
"KPI","HnnDW","dbo","Fact_OSA_202212","TABLE","IN_MATRIX","int"
"KPI","HnnDW","dbo","Fact_OSA_202212","TABLE","IN_STOCK","int"
"KPI","HnnDW","dbo","Fact_OSA_202212","TABLE","AGENCY_NAME","nvarchar"
"KPI","HnnDW","dbo","Fact_OSA_202212","TABLE","fid","int"
"KPI","HnnDW","dbo","Fact_OSA_202212","TABLE","iid","int"
"KPI","HnnDW","dbo","Fact_OSA_202212","TABLE","PICOS","tinyint"
"KPI","HnnDW","dbo","Fact_OSA_202301","TABLE","VISIT_ID","nvarchar"
"ТТ, маршруты и визиты","HnnDW","dbo","Fact_OSA_202301","TABLE","VISIT_ID","nvarchar"
"KPI","HnnDW","dbo","Fact_OSA_202301","TABLE","VISIT_DATE","datetime"
"ТТ, маршруты и визиты","HnnDW","dbo","Fact_OSA_202301","TABLE","VISIT_DATE","datetime"
"KPI","HnnDW","dbo","Fact_OSA_202301","TABLE","VISIT_STATUS","nvarchar"
"ТТ, маршруты и визиты","HnnDW","dbo","Fact_OSA_202301","TABLE","VISIT_STATUS","nvarchar"
"KPI","HnnDW","dbo","Fact_OSA_202301","TABLE","VISIT_IS_PLANED","int"
"ТТ, маршруты и визиты","HnnDW","dbo","Fact_OSA_202301","TABLE","VISIT_IS_PLANED","int"
"KPI","HnnDW","dbo","Fact_OSA_202301","TABLE","PHOTO_AUDIT_ID","nvarchar"
"KPI","HnnDW","dbo","Fact_OSA_202301","TABLE","PHOTO_AUDIT_COUNTER","int"
"KPI","HnnDW","dbo","Fact_OSA_202301","TABLE","ROUTE_TYPE","nvarchar"
"ТТ, маршруты и визиты","HnnDW","dbo","Fact_OSA_202301","TABLE","ROUTE_TYPE","nvarchar"
"KPI","HnnDW","dbo","Fact_OSA_202301","TABLE","SCENE_TYPE_ID","nvarchar"
"KPI","HnnDW","dbo","Fact_OSA_202301","TABLE","PROMO","int"
"KPI","HnnDW","dbo","Fact_OSA_202301","TABLE","MUST","nvarchar"
"KPI","HnnDW","dbo","Fact_OSA_202301","TABLE","INNO","int"
"KPI","HnnDW","dbo","Fact_OSA_202301","TABLE","MATRIX_ID","nvarchar"
"KPI","HnnDW","dbo","Fact_OSA_202301","TABLE","MATRIX_NAME","nvarchar"
"KPI","HnnDW","dbo","Fact_OSA_202301","TABLE","IN_MATRIX","int"
"KPI","HnnDW","dbo","Fact_OSA_202301","TABLE","IN_STOCK","int"
"KPI","HnnDW","dbo","Fact_OSA_202301","TABLE","AGENCY_NAME","nvarchar"
"KPI","HnnDW","dbo","Fact_OSA_202301","TABLE","fid","int"
"KPI","HnnDW","dbo","Fact_OSA_202301","TABLE","iid","int"
"KPI","HnnDW","dbo","Fact_OSA_202301","TABLE","PICOS","tinyint"
"KPI","HnnDW","dbo","Fact_OSA_202302","TABLE","VISIT_ID","nvarchar"
"ТТ, маршруты и визиты","HnnDW","dbo","Fact_OSA_202302","TABLE","VISIT_ID","nvarchar"
"KPI","HnnDW","dbo","Fact_OSA_202302","TABLE","VISIT_DATE","datetime"
"ТТ, маршруты и визиты","HnnDW","dbo","Fact_OSA_202302","TABLE","VISIT_DATE","datetime"
"KPI","HnnDW","dbo","Fact_OSA_202302","TABLE","VISIT_STATUS","nvarchar"
"ТТ, маршруты и визиты","HnnDW","dbo","Fact_OSA_202302","TABLE","VISIT_STATUS","nvarchar"
"KPI","HnnDW","dbo","Fact_OSA_202302","TABLE","VISIT_IS_PLANED","int"
"ТТ, маршруты и визиты","HnnDW","dbo","Fact_OSA_202302","TABLE","VISIT_IS_PLANED","int"
"KPI","HnnDW","dbo","Fact_OSA_202302","TABLE","PHOTO_AUDIT_ID","nvarchar"
"KPI","HnnDW","dbo","Fact_OSA_202302","TABLE","PHOTO_AUDIT_COUNTER","int"
"KPI","HnnDW","dbo","Fact_OSA_202302","TABLE","ROUTE_TYPE","nvarchar"
"ТТ, маршруты и визиты","HnnDW","dbo","Fact_OSA_202302","TABLE","ROUTE_TYPE","nvarchar"
"KPI","HnnDW","dbo","Fact_OSA_202302","TABLE","SCENE_TYPE_ID","nvarchar"
"KPI","HnnDW","dbo","Fact_OSA_202302","TABLE","PROMO","int"
"KPI","HnnDW","dbo","Fact_OSA_202302","TABLE","MUST","nvarchar"
"KPI","HnnDW","dbo","Fact_OSA_202302","TABLE","INNO","int"
"KPI","HnnDW","dbo","Fact_OSA_202302","TABLE","MATRIX_ID","nvarchar"
"KPI","HnnDW","dbo","Fact_OSA_202302","TABLE","MATRIX_NAME","nvarchar"
"KPI","HnnDW","dbo","Fact_OSA_202302","TABLE","IN_MATRIX","int"
"KPI","HnnDW","dbo","Fact_OSA_202302","TABLE","IN_STOCK","int"
"KPI","HnnDW","dbo","Fact_OSA_202302","TABLE","AGENCY_NAME","nvarchar"
"KPI","HnnDW","dbo","Fact_OSA_202302","TABLE","fid","int"
"KPI","HnnDW","dbo","Fact_OSA_202302","TABLE","iid","int"
"KPI","HnnDW","dbo","Fact_OSA_202302","TABLE","PICOS","tinyint"
"KPI","HnnDW","dbo","Fact_OSA_202303","TABLE","VISIT_ID","nvarchar"
"ТТ, маршруты и визиты","HnnDW","dbo","Fact_OSA_202303","TABLE","VISIT_ID","nvarchar"
"KPI","HnnDW","dbo","Fact_OSA_202303","TABLE","VISIT_DATE","datetime"
"ТТ, маршруты и визиты","HnnDW","dbo","Fact_OSA_202303","TABLE","VISIT_DATE","datetime"
"KPI","HnnDW","dbo","Fact_OSA_202303","TABLE","VISIT_STATUS","nvarchar"
"ТТ, маршруты и визиты","HnnDW","dbo","Fact_OSA_202303","TABLE","VISIT_STATUS","nvarchar"
"KPI","HnnDW","dbo","Fact_OSA_202303","TABLE","VISIT_IS_PLANED","int"
"ТТ, маршруты и визиты","HnnDW","dbo","Fact_OSA_202303","TABLE","VISIT_IS_PLANED","int"
"KPI","HnnDW","dbo","Fact_OSA_202303","TABLE","PHOTO_AUDIT_ID","nvarchar"
"KPI","HnnDW","dbo","Fact_OSA_202303","TABLE","PHOTO_AUDIT_COUNTER","int"
"KPI","HnnDW","dbo","Fact_OSA_202303","TABLE","ROUTE_TYPE","nvarchar"
"ТТ, маршруты и визиты","HnnDW","dbo","Fact_OSA_202303","TABLE","ROUTE_TYPE","nvarchar"
"KPI","HnnDW","dbo","Fact_OSA_202303","TABLE","SCENE_TYPE_ID","nvarchar"
"KPI","HnnDW","dbo","Fact_OSA_202303","TABLE","PROMO","int"
"KPI","HnnDW","dbo","Fact_OSA_202303","TABLE","MUST","nvarchar"
"KPI","HnnDW","dbo","Fact_OSA_202303","TABLE","INNO","int"
"KPI","HnnDW","dbo","Fact_OSA_202303","TABLE","MATRIX_ID","nvarchar"
"KPI","HnnDW","dbo","Fact_OSA_202303","TABLE","MATRIX_NAME","nvarchar"
"KPI","HnnDW","dbo","Fact_OSA_202303","TABLE","IN_MATRIX","int"
"KPI","HnnDW","dbo","Fact_OSA_202303","TABLE","IN_STOCK","int"
"KPI","HnnDW","dbo","Fact_OSA_202303","TABLE","AGENCY_NAME","nvarchar"
"KPI","HnnDW","dbo","Fact_OSA_202303","TABLE","fid","int"
"KPI","HnnDW","dbo","Fact_OSA_202303","TABLE","iid","int"
"KPI","HnnDW","dbo","Fact_OSA_202303","TABLE","PICOS","tinyint"
"KPI","HnnDW","dbo","Fact_OSA_202304","TABLE","VISIT_ID","nvarchar"
"ТТ, маршруты и визиты","HnnDW","dbo","Fact_OSA_202304","TABLE","VISIT_ID","nvarchar"
"KPI","HnnDW","dbo","Fact_OSA_202304","TABLE","VISIT_DATE","datetime"
"ТТ, маршруты и визиты","HnnDW","dbo","Fact_OSA_202304","TABLE","VISIT_DATE","datetime"
"KPI","HnnDW","dbo","Fact_OSA_202304","TABLE","VISIT_STATUS","nvarchar"
"ТТ, маршруты и визиты","HnnDW","dbo","Fact_OSA_202304","TABLE","VISIT_STATUS","nvarchar"
"KPI","HnnDW","dbo","Fact_OSA_202304","TABLE","VISIT_IS_PLANED","int"
"ТТ, маршруты и визиты","HnnDW","dbo","Fact_OSA_202304","TABLE","VISIT_IS_PLANED","int"
"KPI","HnnDW","dbo","Fact_OSA_202304","TABLE","PHOTO_AUDIT_ID","nvarchar"
"KPI","HnnDW","dbo","Fact_OSA_202304","TABLE","PHOTO_AUDIT_COUNTER","int"
"KPI","HnnDW","dbo","Fact_OSA_202304","TABLE","ROUTE_TYPE","nvarchar"
"ТТ, маршруты и визиты","HnnDW","dbo","Fact_OSA_202304","TABLE","ROUTE_TYPE","nvarchar"
"KPI","HnnDW","dbo","Fact_OSA_202304","TABLE","SCENE_TYPE_ID","nvarchar"
"KPI","HnnDW","dbo","Fact_OSA_202304","TABLE","PROMO","int"
"KPI","HnnDW","dbo","Fact_OSA_202304","TABLE","MUST","nvarchar"
"KPI","HnnDW","dbo","Fact_OSA_202304","TABLE","INNO","int"
"KPI","HnnDW","dbo","Fact_OSA_202304","TABLE","MATRIX_ID","nvarchar"
"KPI","HnnDW","dbo","Fact_OSA_202304","TABLE","MATRIX_NAME","nvarchar"
"KPI","HnnDW","dbo","Fact_OSA_202304","TABLE","IN_MATRIX","int"
"KPI","HnnDW","dbo","Fact_OSA_202304","TABLE","IN_STOCK","int"
"KPI","HnnDW","dbo","Fact_OSA_202304","TABLE","AGENCY_NAME","nvarchar"
"KPI","HnnDW","dbo","Fact_OSA_202304","TABLE","fid","int"
"KPI","HnnDW","dbo","Fact_OSA_202304","TABLE","iid","int"
"KPI","HnnDW","dbo","Fact_OSA_202304","TABLE","PICOS","tinyint"
"KPI","HnnDW","dbo","Fact_OSA_202305","TABLE","VISIT_ID","nvarchar"
"ТТ, маршруты и визиты","HnnDW","dbo","Fact_OSA_202305","TABLE","VISIT_ID","nvarchar"
"KPI","HnnDW","dbo","Fact_OSA_202305","TABLE","VISIT_DATE","datetime"
"ТТ, маршруты и визиты","HnnDW","dbo","Fact_OSA_202305","TABLE","VISIT_DATE","datetime"
"KPI","HnnDW","dbo","Fact_OSA_202305","TABLE","VISIT_STATUS","nvarchar"
"ТТ, маршруты и визиты","HnnDW","dbo","Fact_OSA_202305","TABLE","VISIT_STATUS","nvarchar"
"KPI","HnnDW","dbo","Fact_OSA_202305","TABLE","VISIT_IS_PLANED","int"
"ТТ, маршруты и визиты","HnnDW","dbo","Fact_OSA_202305","TABLE","VISIT_IS_PLANED","int"
"KPI","HnnDW","dbo","Fact_OSA_202305","TABLE","PHOTO_AUDIT_ID","nvarchar"
"KPI","HnnDW","dbo","Fact_OSA_202305","TABLE","PHOTO_AUDIT_COUNTER","int"
"KPI","HnnDW","dbo","Fact_OSA_202305","TABLE","ROUTE_TYPE","nvarchar"
"ТТ, маршруты и визиты","HnnDW","dbo","Fact_OSA_202305","TABLE","ROUTE_TYPE","nvarchar"
"KPI","HnnDW","dbo","Fact_OSA_202305","TABLE","SCENE_TYPE_ID","nvarchar"
"KPI","HnnDW","dbo","Fact_OSA_202305","TABLE","PROMO","int"
"KPI","HnnDW","dbo","Fact_OSA_202305","TABLE","MUST","nvarchar"
"KPI","HnnDW","dbo","Fact_OSA_202305","TABLE","INNO","int"
"KPI","HnnDW","dbo","Fact_OSA_202305","TABLE","MATRIX_ID","nvarchar"
"KPI","HnnDW","dbo","Fact_OSA_202305","TABLE","MATRIX_NAME","nvarchar"
"KPI","HnnDW","dbo","Fact_OSA_202305","TABLE","IN_MATRIX","int"
"KPI","HnnDW","dbo","Fact_OSA_202305","TABLE","IN_STOCK","int"
"KPI","HnnDW","dbo","Fact_OSA_202305","TABLE","AGENCY_NAME","nvarchar"
"KPI","HnnDW","dbo","Fact_OSA_202305","TABLE","fid","int"
"KPI","HnnDW","dbo","Fact_OSA_202305","TABLE","iid","int"
"KPI","HnnDW","dbo","Fact_OSA_202305","TABLE","PICOS","tinyint"
"KPI","HnnDW","dbo","Fact_OSA_202306","TABLE","VISIT_ID","nvarchar"
"ТТ, маршруты и визиты","HnnDW","dbo","Fact_OSA_202306","TABLE","VISIT_ID","nvarchar"
"KPI","HnnDW","dbo","Fact_OSA_202306","TABLE","VISIT_DATE","datetime"
"ТТ, маршруты и визиты","HnnDW","dbo","Fact_OSA_202306","TABLE","VISIT_DATE","datetime"
"KPI","HnnDW","dbo","Fact_OSA_202306","TABLE","VISIT_STATUS","nvarchar"
"ТТ, маршруты и визиты","HnnDW","dbo","Fact_OSA_202306","TABLE","VISIT_STATUS","nvarchar"
"KPI","HnnDW","dbo","Fact_OSA_202306","TABLE","VISIT_IS_PLANED","int"
"ТТ, маршруты и визиты","HnnDW","dbo","Fact_OSA_202306","TABLE","VISIT_IS_PLANED","int"
"KPI","HnnDW","dbo","Fact_OSA_202306","TABLE","PHOTO_AUDIT_ID","nvarchar"
"KPI","HnnDW","dbo","Fact_OSA_202306","TABLE","PHOTO_AUDIT_COUNTER","int"
"KPI","HnnDW","dbo","Fact_OSA_202306","TABLE","ROUTE_TYPE","nvarchar"
"ТТ, маршруты и визиты","HnnDW","dbo","Fact_OSA_202306","TABLE","ROUTE_TYPE","nvarchar"
"KPI","HnnDW","dbo","Fact_OSA_202306","TABLE","SCENE_TYPE_ID","nvarchar"
"KPI","HnnDW","dbo","Fact_OSA_202306","TABLE","PROMO","int"
"KPI","HnnDW","dbo","Fact_OSA_202306","TABLE","MUST","nvarchar"
"KPI","HnnDW","dbo","Fact_OSA_202306","TABLE","INNO","int"
"KPI","HnnDW","dbo","Fact_OSA_202306","TABLE","MATRIX_ID","nvarchar"
"KPI","HnnDW","dbo","Fact_OSA_202306","TABLE","MATRIX_NAME","nvarchar"
"KPI","HnnDW","dbo","Fact_OSA_202306","TABLE","IN_MATRIX","int"
"KPI","HnnDW","dbo","Fact_OSA_202306","TABLE","IN_STOCK","int"
"KPI","HnnDW","dbo","Fact_OSA_202306","TABLE","AGENCY_NAME","nvarchar"
"KPI","HnnDW","dbo","Fact_OSA_202306","TABLE","fid","int"
"KPI","HnnDW","dbo","Fact_OSA_202306","TABLE","iid","int"
"KPI","HnnDW","dbo","Fact_OSA_202306","TABLE","PICOS","tinyint"
"KPI","HnnDW","dbo","Fact_OSA_202307","TABLE","VISIT_ID","nvarchar"
"ТТ, маршруты и визиты","HnnDW","dbo","Fact_OSA_202307","TABLE","VISIT_ID","nvarchar"
"KPI","HnnDW","dbo","Fact_OSA_202307","TABLE","VISIT_DATE","datetime"
"ТТ, маршруты и визиты","HnnDW","dbo","Fact_OSA_202307","TABLE","VISIT_DATE","datetime"
"KPI","HnnDW","dbo","Fact_OSA_202307","TABLE","VISIT_STATUS","nvarchar"
"ТТ, маршруты и визиты","HnnDW","dbo","Fact_OSA_202307","TABLE","VISIT_STATUS","nvarchar"
"KPI","HnnDW","dbo","Fact_OSA_202307","TABLE","VISIT_IS_PLANED","int"
"ТТ, маршруты и визиты","HnnDW","dbo","Fact_OSA_202307","TABLE","VISIT_IS_PLANED","int"
"KPI","HnnDW","dbo","Fact_OSA_202307","TABLE","PHOTO_AUDIT_ID","nvarchar"
"KPI","HnnDW","dbo","Fact_OSA_202307","TABLE","PHOTO_AUDIT_COUNTER","int"
"KPI","HnnDW","dbo","Fact_OSA_202307","TABLE","ROUTE_TYPE","nvarchar"
"ТТ, маршруты и визиты","HnnDW","dbo","Fact_OSA_202307","TABLE","ROUTE_TYPE","nvarchar"
"KPI","HnnDW","dbo","Fact_OSA_202307","TABLE","SCENE_TYPE_ID","nvarchar"
"KPI","HnnDW","dbo","Fact_OSA_202307","TABLE","PROMO","int"
"KPI","HnnDW","dbo","Fact_OSA_202307","TABLE","MUST","nvarchar"
"KPI","HnnDW","dbo","Fact_OSA_202307","TABLE","INNO","int"
"KPI","HnnDW","dbo","Fact_OSA_202307","TABLE","MATRIX_ID","nvarchar"
"KPI","HnnDW","dbo","Fact_OSA_202307","TABLE","MATRIX_NAME","nvarchar"
"KPI","HnnDW","dbo","Fact_OSA_202307","TABLE","IN_MATRIX","int"
"KPI","HnnDW","dbo","Fact_OSA_202307","TABLE","IN_STOCK","int"
"KPI","HnnDW","dbo","Fact_OSA_202307","TABLE","AGENCY_NAME","nvarchar"
"KPI","HnnDW","dbo","Fact_OSA_202307","TABLE","fid","int"
"KPI","HnnDW","dbo","Fact_OSA_202307","TABLE","iid","int"
"KPI","HnnDW","dbo","Fact_OSA_202307","TABLE","PICOS","tinyint"
"KPI","HnnDW","dbo","Fact_OSA_202308","TABLE","VISIT_ID","nvarchar"
"ТТ, маршруты и визиты","HnnDW","dbo","Fact_OSA_202308","TABLE","VISIT_ID","nvarchar"
"KPI","HnnDW","dbo","Fact_OSA_202308","TABLE","VISIT_DATE","datetime"
"ТТ, маршруты и визиты","HnnDW","dbo","Fact_OSA_202308","TABLE","VISIT_DATE","datetime"
"KPI","HnnDW","dbo","Fact_OSA_202308","TABLE","VISIT_STATUS","nvarchar"
"ТТ, маршруты и визиты","HnnDW","dbo","Fact_OSA_202308","TABLE","VISIT_STATUS","nvarchar"
"KPI","HnnDW","dbo","Fact_OSA_202308","TABLE","VISIT_IS_PLANED","int"
"ТТ, маршруты и визиты","HnnDW","dbo","Fact_OSA_202308","TABLE","VISIT_IS_PLANED","int"
"KPI","HnnDW","dbo","Fact_OSA_202308","TABLE","PHOTO_AUDIT_ID","nvarchar"
"KPI","HnnDW","dbo","Fact_OSA_202308","TABLE","PHOTO_AUDIT_COUNTER","int"
"KPI","HnnDW","dbo","Fact_OSA_202308","TABLE","ROUTE_TYPE","nvarchar"
"ТТ, маршруты и визиты","HnnDW","dbo","Fact_OSA_202308","TABLE","ROUTE_TYPE","nvarchar"
"KPI","HnnDW","dbo","Fact_OSA_202308","TABLE","SCENE_TYPE_ID","nvarchar"
"KPI","HnnDW","dbo","Fact_OSA_202308","TABLE","PROMO","int"
"KPI","HnnDW","dbo","Fact_OSA_202308","TABLE","MUST","nvarchar"
"KPI","HnnDW","dbo","Fact_OSA_202308","TABLE","INNO","int"
"KPI","HnnDW","dbo","Fact_OSA_202308","TABLE","MATRIX_ID","nvarchar"
"KPI","HnnDW","dbo","Fact_OSA_202308","TABLE","MATRIX_NAME","nvarchar"
"KPI","HnnDW","dbo","Fact_OSA_202308","TABLE","IN_MATRIX","int"
"KPI","HnnDW","dbo","Fact_OSA_202308","TABLE","IN_STOCK","int"
"KPI","HnnDW","dbo","Fact_OSA_202308","TABLE","AGENCY_NAME","nvarchar"
"KPI","HnnDW","dbo","Fact_OSA_202308","TABLE","fid","int"
"KPI","HnnDW","dbo","Fact_OSA_202308","TABLE","iid","int"
"KPI","HnnDW","dbo","Fact_OSA_202308","TABLE","PICOS","tinyint"
"KPI","HnnDW","dbo","Fact_OSA_202309","TABLE","VISIT_ID","nvarchar"
"ТТ, маршруты и визиты","HnnDW","dbo","Fact_OSA_202309","TABLE","VISIT_ID","nvarchar"
"KPI","HnnDW","dbo","Fact_OSA_202309","TABLE","VISIT_DATE","datetime"
"ТТ, маршруты и визиты","HnnDW","dbo","Fact_OSA_202309","TABLE","VISIT_DATE","datetime"
"KPI","HnnDW","dbo","Fact_OSA_202309","TABLE","VISIT_STATUS","nvarchar"
"ТТ, маршруты и визиты","HnnDW","dbo","Fact_OSA_202309","TABLE","VISIT_STATUS","nvarchar"
"KPI","HnnDW","dbo","Fact_OSA_202309","TABLE","VISIT_IS_PLANED","int"
"ТТ, маршруты и визиты","HnnDW","dbo","Fact_OSA_202309","TABLE","VISIT_IS_PLANED","int"
"KPI","HnnDW","dbo","Fact_OSA_202309","TABLE","PHOTO_AUDIT_ID","nvarchar"
"KPI","HnnDW","dbo","Fact_OSA_202309","TABLE","PHOTO_AUDIT_COUNTER","int"
"KPI","HnnDW","dbo","Fact_OSA_202309","TABLE","ROUTE_TYPE","nvarchar"
"ТТ, маршруты и визиты","HnnDW","dbo","Fact_OSA_202309","TABLE","ROUTE_TYPE","nvarchar"
"KPI","HnnDW","dbo","Fact_OSA_202309","TABLE","SCENE_TYPE_ID","nvarchar"
"KPI","HnnDW","dbo","Fact_OSA_202309","TABLE","PROMO","int"
"KPI","HnnDW","dbo","Fact_OSA_202309","TABLE","MUST","nvarchar"
"KPI","HnnDW","dbo","Fact_OSA_202309","TABLE","INNO","int"
"KPI","HnnDW","dbo","Fact_OSA_202309","TABLE","MATRIX_ID","nvarchar"
"KPI","HnnDW","dbo","Fact_OSA_202309","TABLE","MATRIX_NAME","nvarchar"
"KPI","HnnDW","dbo","Fact_OSA_202309","TABLE","IN_MATRIX","int"
"KPI","HnnDW","dbo","Fact_OSA_202309","TABLE","IN_STOCK","int"
"KPI","HnnDW","dbo","Fact_OSA_202309","TABLE","AGENCY_NAME","nvarchar"
"KPI","HnnDW","dbo","Fact_OSA_202309","TABLE","fid","int"
"KPI","HnnDW","dbo","Fact_OSA_202309","TABLE","iid","int"
"KPI","HnnDW","dbo","Fact_OSA_202309","TABLE","PICOS","tinyint"
"KPI","HnnDW","dbo","Fact_OSA_202310","TABLE","VISIT_ID","nvarchar"
"ТТ, маршруты и визиты","HnnDW","dbo","Fact_OSA_202310","TABLE","VISIT_ID","nvarchar"
"KPI","HnnDW","dbo","Fact_OSA_202310","TABLE","VISIT_DATE","datetime"
"ТТ, маршруты и визиты","HnnDW","dbo","Fact_OSA_202310","TABLE","VISIT_DATE","datetime"
"KPI","HnnDW","dbo","Fact_OSA_202310","TABLE","VISIT_STATUS","nvarchar"
"ТТ, маршруты и визиты","HnnDW","dbo","Fact_OSA_202310","TABLE","VISIT_STATUS","nvarchar"
"KPI","HnnDW","dbo","Fact_OSA_202310","TABLE","VISIT_IS_PLANED","int"
"ТТ, маршруты и визиты","HnnDW","dbo","Fact_OSA_202310","TABLE","VISIT_IS_PLANED","int"
"KPI","HnnDW","dbo","Fact_OSA_202310","TABLE","PHOTO_AUDIT_ID","nvarchar"
"KPI","HnnDW","dbo","Fact_OSA_202310","TABLE","PHOTO_AUDIT_COUNTER","int"
"KPI","HnnDW","dbo","Fact_OSA_202310","TABLE","ROUTE_TYPE","nvarchar"
"ТТ, маршруты и визиты","HnnDW","dbo","Fact_OSA_202310","TABLE","ROUTE_TYPE","nvarchar"
"KPI","HnnDW","dbo","Fact_OSA_202310","TABLE","SCENE_TYPE_ID","nvarchar"
"KPI","HnnDW","dbo","Fact_OSA_202310","TABLE","PROMO","int"
"KPI","HnnDW","dbo","Fact_OSA_202310","TABLE","MUST","nvarchar"
"KPI","HnnDW","dbo","Fact_OSA_202310","TABLE","INNO","int"
"KPI","HnnDW","dbo","Fact_OSA_202310","TABLE","MATRIX_ID","nvarchar"
"KPI","HnnDW","dbo","Fact_OSA_202310","TABLE","MATRIX_NAME","nvarchar"
"KPI","HnnDW","dbo","Fact_OSA_202310","TABLE","IN_MATRIX","int"
"KPI","HnnDW","dbo","Fact_OSA_202310","TABLE","IN_STOCK","int"
"KPI","HnnDW","dbo","Fact_OSA_202310","TABLE","AGENCY_NAME","nvarchar"
"KPI","HnnDW","dbo","Fact_OSA_202310","TABLE","fid","int"
"KPI","HnnDW","dbo","Fact_OSA_202310","TABLE","iid","int"
"KPI","HnnDW","dbo","Fact_OSA_202310","TABLE","PICOS","tinyint"
"KPI","HnnDW","dbo","Fact_OSA_202311","TABLE","VISIT_ID","nvarchar"
"ТТ, маршруты и визиты","HnnDW","dbo","Fact_OSA_202311","TABLE","VISIT_ID","nvarchar"
"KPI","HnnDW","dbo","Fact_OSA_202311","TABLE","VISIT_DATE","datetime"
"ТТ, маршруты и визиты","HnnDW","dbo","Fact_OSA_202311","TABLE","VISIT_DATE","datetime"
"KPI","HnnDW","dbo","Fact_OSA_202311","TABLE","VISIT_STATUS","nvarchar"
"ТТ, маршруты и визиты","HnnDW","dbo","Fact_OSA_202311","TABLE","VISIT_STATUS","nvarchar"
"KPI","HnnDW","dbo","Fact_OSA_202311","TABLE","VISIT_IS_PLANED","int"
"ТТ, маршруты и визиты","HnnDW","dbo","Fact_OSA_202311","TABLE","VISIT_IS_PLANED","int"
"KPI","HnnDW","dbo","Fact_OSA_202311","TABLE","PHOTO_AUDIT_ID","nvarchar"
"KPI","HnnDW","dbo","Fact_OSA_202311","TABLE","PHOTO_AUDIT_COUNTER","int"
"KPI","HnnDW","dbo","Fact_OSA_202311","TABLE","ROUTE_TYPE","nvarchar"
"ТТ, маршруты и визиты","HnnDW","dbo","Fact_OSA_202311","TABLE","ROUTE_TYPE","nvarchar"
"KPI","HnnDW","dbo","Fact_OSA_202311","TABLE","SCENE_TYPE_ID","nvarchar"
"KPI","HnnDW","dbo","Fact_OSA_202311","TABLE","PROMO","int"
"KPI","HnnDW","dbo","Fact_OSA_202311","TABLE","MUST","nvarchar"
"KPI","HnnDW","dbo","Fact_OSA_202311","TABLE","INNO","int"
"KPI","HnnDW","dbo","Fact_OSA_202311","TABLE","MATRIX_ID","nvarchar"
"KPI","HnnDW","dbo","Fact_OSA_202311","TABLE","MATRIX_NAME","nvarchar"
"KPI","HnnDW","dbo","Fact_OSA_202311","TABLE","IN_MATRIX","int"
"KPI","HnnDW","dbo","Fact_OSA_202311","TABLE","IN_STOCK","int"
"KPI","HnnDW","dbo","Fact_OSA_202311","TABLE","AGENCY_NAME","nvarchar"
"KPI","HnnDW","dbo","Fact_OSA_202311","TABLE","fid","int"
"KPI","HnnDW","dbo","Fact_OSA_202311","TABLE","iid","int"
"KPI","HnnDW","dbo","Fact_OSA_202311","TABLE","PICOS","tinyint"
"KPI","HnnDW","dbo","Fact_OSA_202312","TABLE","VISIT_ID","nvarchar"
"ТТ, маршруты и визиты","HnnDW","dbo","Fact_OSA_202312","TABLE","VISIT_ID","nvarchar"
"KPI","HnnDW","dbo","Fact_OSA_202312","TABLE","VISIT_DATE","datetime"
"ТТ, маршруты и визиты","HnnDW","dbo","Fact_OSA_202312","TABLE","VISIT_DATE","datetime"
"KPI","HnnDW","dbo","Fact_OSA_202312","TABLE","VISIT_STATUS","nvarchar"
"ТТ, маршруты и визиты","HnnDW","dbo","Fact_OSA_202312","TABLE","VISIT_STATUS","nvarchar"
"KPI","HnnDW","dbo","Fact_OSA_202312","TABLE","VISIT_IS_PLANED","int"
"ТТ, маршруты и визиты","HnnDW","dbo","Fact_OSA_202312","TABLE","VISIT_IS_PLANED","int"
"KPI","HnnDW","dbo","Fact_OSA_202312","TABLE","PHOTO_AUDIT_ID","nvarchar"
"KPI","HnnDW","dbo","Fact_OSA_202312","TABLE","PHOTO_AUDIT_COUNTER","int"
"KPI","HnnDW","dbo","Fact_OSA_202312","TABLE","ROUTE_TYPE","nvarchar"
"ТТ, маршруты и визиты","HnnDW","dbo","Fact_OSA_202312","TABLE","ROUTE_TYPE","nvarchar"
"KPI","HnnDW","dbo","Fact_OSA_202312","TABLE","SCENE_TYPE_ID","nvarchar"
"KPI","HnnDW","dbo","Fact_OSA_202312","TABLE","PROMO","int"
"KPI","HnnDW","dbo","Fact_OSA_202312","TABLE","MUST","nvarchar"
"KPI","HnnDW","dbo","Fact_OSA_202312","TABLE","INNO","int"
"KPI","HnnDW","dbo","Fact_OSA_202312","TABLE","MATRIX_ID","nvarchar"
"KPI","HnnDW","dbo","Fact_OSA_202312","TABLE","MATRIX_NAME","nvarchar"
"KPI","HnnDW","dbo","Fact_OSA_202312","TABLE","IN_MATRIX","int"
"KPI","HnnDW","dbo","Fact_OSA_202312","TABLE","IN_STOCK","int"
"KPI","HnnDW","dbo","Fact_OSA_202312","TABLE","AGENCY_NAME","nvarchar"
"KPI","HnnDW","dbo","Fact_OSA_202312","TABLE","fid","int"
"KPI","HnnDW","dbo","Fact_OSA_202312","TABLE","iid","int"
"KPI","HnnDW","dbo","Fact_OSA_202312","TABLE","PICOS","tinyint"
"KPI","HnnDW","dbo","Fact_OSA_202401","TABLE","VISIT_ID","nvarchar"
"ТТ, маршруты и визиты","HnnDW","dbo","Fact_OSA_202401","TABLE","VISIT_ID","nvarchar"
"KPI","HnnDW","dbo","Fact_OSA_202401","TABLE","VISIT_DATE","datetime"
"ТТ, маршруты и визиты","HnnDW","dbo","Fact_OSA_202401","TABLE","VISIT_DATE","datetime"
"KPI","HnnDW","dbo","Fact_OSA_202401","TABLE","VISIT_STATUS","nvarchar"
"ТТ, маршруты и визиты","HnnDW","dbo","Fact_OSA_202401","TABLE","VISIT_STATUS","nvarchar"
"KPI","HnnDW","dbo","Fact_OSA_202401","TABLE","VISIT_IS_PLANED","int"
"ТТ, маршруты и визиты","HnnDW","dbo","Fact_OSA_202401","TABLE","VISIT_IS_PLANED","int"
"KPI","HnnDW","dbo","Fact_OSA_202401","TABLE","PHOTO_AUDIT_ID","nvarchar"
"KPI","HnnDW","dbo","Fact_OSA_202401","TABLE","PHOTO_AUDIT_COUNTER","int"
"KPI","HnnDW","dbo","Fact_OSA_202401","TABLE","ROUTE_TYPE","nvarchar"
"ТТ, маршруты и визиты","HnnDW","dbo","Fact_OSA_202401","TABLE","ROUTE_TYPE","nvarchar"
"KPI","HnnDW","dbo","Fact_OSA_202401","TABLE","SCENE_TYPE_ID","nvarchar"
"KPI","HnnDW","dbo","Fact_OSA_202401","TABLE","PROMO","int"
"KPI","HnnDW","dbo","Fact_OSA_202401","TABLE","MUST","nvarchar"
"KPI","HnnDW","dbo","Fact_OSA_202401","TABLE","INNO","int"
"KPI","HnnDW","dbo","Fact_OSA_202401","TABLE","MATRIX_ID","nvarchar"
"KPI","HnnDW","dbo","Fact_OSA_202401","TABLE","MATRIX_NAME","nvarchar"
"KPI","HnnDW","dbo","Fact_OSA_202401","TABLE","IN_MATRIX","int"
"KPI","HnnDW","dbo","Fact_OSA_202401","TABLE","IN_STOCK","int"
"KPI","HnnDW","dbo","Fact_OSA_202401","TABLE","AGENCY_NAME","nvarchar"
"KPI","HnnDW","dbo","Fact_OSA_202401","TABLE","fid","int"
"KPI","HnnDW","dbo","Fact_OSA_202401","TABLE","iid","int"
"KPI","HnnDW","dbo","Fact_OSA_202401","TABLE","PICOS","tinyint"
"KPI","HnnDW","dbo","Fact_OSA_202402","TABLE","VISIT_ID","nvarchar"
"ТТ, маршруты и визиты","HnnDW","dbo","Fact_OSA_202402","TABLE","VISIT_ID","nvarchar"
"KPI","HnnDW","dbo","Fact_OSA_202402","TABLE","VISIT_DATE","datetime"
"ТТ, маршруты и визиты","HnnDW","dbo","Fact_OSA_202402","TABLE","VISIT_DATE","datetime"
"KPI","HnnDW","dbo","Fact_OSA_202402","TABLE","VISIT_STATUS","nvarchar"
"ТТ, маршруты и визиты","HnnDW","dbo","Fact_OSA_202402","TABLE","VISIT_STATUS","nvarchar"
"KPI","HnnDW","dbo","Fact_OSA_202402","TABLE","VISIT_IS_PLANED","int"
"ТТ, маршруты и визиты","HnnDW","dbo","Fact_OSA_202402","TABLE","VISIT_IS_PLANED","int"
"KPI","HnnDW","dbo","Fact_OSA_202402","TABLE","PHOTO_AUDIT_ID","nvarchar"
"KPI","HnnDW","dbo","Fact_OSA_202402","TABLE","PHOTO_AUDIT_COUNTER","int"
"KPI","HnnDW","dbo","Fact_OSA_202402","TABLE","ROUTE_TYPE","nvarchar"
"ТТ, маршруты и визиты","HnnDW","dbo","Fact_OSA_202402","TABLE","ROUTE_TYPE","nvarchar"
"KPI","HnnDW","dbo","Fact_OSA_202402","TABLE","SCENE_TYPE_ID","nvarchar"
"KPI","HnnDW","dbo","Fact_OSA_202402","TABLE","PROMO","int"
"KPI","HnnDW","dbo","Fact_OSA_202402","TABLE","MUST","nvarchar"
"KPI","HnnDW","dbo","Fact_OSA_202402","TABLE","INNO","int"
"KPI","HnnDW","dbo","Fact_OSA_202402","TABLE","MATRIX_ID","nvarchar"
"KPI","HnnDW","dbo","Fact_OSA_202402","TABLE","MATRIX_NAME","nvarchar"
"KPI","HnnDW","dbo","Fact_OSA_202402","TABLE","IN_MATRIX","int"
"KPI","HnnDW","dbo","Fact_OSA_202402","TABLE","IN_STOCK","int"
"KPI","HnnDW","dbo","Fact_OSA_202402","TABLE","AGENCY_NAME","nvarchar"
"KPI","HnnDW","dbo","Fact_OSA_202402","TABLE","fid","int"
"KPI","HnnDW","dbo","Fact_OSA_202402","TABLE","iid","int"
"KPI","HnnDW","dbo","Fact_OSA_202402","TABLE","PICOS","tinyint"
"KPI","HnnDW","dbo","Fact_OSA_202403","TABLE","VISIT_ID","nvarchar"
"ТТ, маршруты и визиты","HnnDW","dbo","Fact_OSA_202403","TABLE","VISIT_ID","nvarchar"
"KPI","HnnDW","dbo","Fact_OSA_202403","TABLE","VISIT_DATE","datetime"
"ТТ, маршруты и визиты","HnnDW","dbo","Fact_OSA_202403","TABLE","VISIT_DATE","datetime"
"KPI","HnnDW","dbo","Fact_OSA_202403","TABLE","VISIT_STATUS","nvarchar"
"ТТ, маршруты и визиты","HnnDW","dbo","Fact_OSA_202403","TABLE","VISIT_STATUS","nvarchar"
"KPI","HnnDW","dbo","Fact_OSA_202403","TABLE","VISIT_IS_PLANED","int"
"ТТ, маршруты и визиты","HnnDW","dbo","Fact_OSA_202403","TABLE","VISIT_IS_PLANED","int"
"KPI","HnnDW","dbo","Fact_OSA_202403","TABLE","PHOTO_AUDIT_ID","nvarchar"
"KPI","HnnDW","dbo","Fact_OSA_202403","TABLE","PHOTO_AUDIT_COUNTER","int"
"KPI","HnnDW","dbo","Fact_OSA_202403","TABLE","ROUTE_TYPE","nvarchar"
"ТТ, маршруты и визиты","HnnDW","dbo","Fact_OSA_202403","TABLE","ROUTE_TYPE","nvarchar"
"KPI","HnnDW","dbo","Fact_OSA_202403","TABLE","SCENE_TYPE_ID","nvarchar"
"KPI","HnnDW","dbo","Fact_OSA_202403","TABLE","PROMO","int"
"KPI","HnnDW","dbo","Fact_OSA_202403","TABLE","MUST","nvarchar"
"KPI","HnnDW","dbo","Fact_OSA_202403","TABLE","INNO","int"
"KPI","HnnDW","dbo","Fact_OSA_202403","TABLE","MATRIX_ID","nvarchar"
"KPI","HnnDW","dbo","Fact_OSA_202403","TABLE","MATRIX_NAME","nvarchar"
"KPI","HnnDW","dbo","Fact_OSA_202403","TABLE","IN_MATRIX","int"
"KPI","HnnDW","dbo","Fact_OSA_202403","TABLE","IN_STOCK","int"
"KPI","HnnDW","dbo","Fact_OSA_202403","TABLE","AGENCY_NAME","nvarchar"
"KPI","HnnDW","dbo","Fact_OSA_202403","TABLE","fid","int"
"KPI","HnnDW","dbo","Fact_OSA_202403","TABLE","iid","int"
"KPI","HnnDW","dbo","Fact_OSA_202403","TABLE","PICOS","tinyint"
"KPI","HnnDW","dbo","Fact_OSA_202404","TABLE","VISIT_ID","nvarchar"
"ТТ, маршруты и визиты","HnnDW","dbo","Fact_OSA_202404","TABLE","VISIT_ID","nvarchar"
"KPI","HnnDW","dbo","Fact_OSA_202404","TABLE","VISIT_DATE","datetime"
"ТТ, маршруты и визиты","HnnDW","dbo","Fact_OSA_202404","TABLE","VISIT_DATE","datetime"
"KPI","HnnDW","dbo","Fact_OSA_202404","TABLE","VISIT_STATUS","nvarchar"
"ТТ, маршруты и визиты","HnnDW","dbo","Fact_OSA_202404","TABLE","VISIT_STATUS","nvarchar"
"KPI","HnnDW","dbo","Fact_OSA_202404","TABLE","VISIT_IS_PLANED","int"
"ТТ, маршруты и визиты","HnnDW","dbo","Fact_OSA_202404","TABLE","VISIT_IS_PLANED","int"
"KPI","HnnDW","dbo","Fact_OSA_202404","TABLE","PHOTO_AUDIT_ID","nvarchar"
"KPI","HnnDW","dbo","Fact_OSA_202404","TABLE","PHOTO_AUDIT_COUNTER","int"
"KPI","HnnDW","dbo","Fact_OSA_202404","TABLE","ROUTE_TYPE","nvarchar"
"ТТ, маршруты и визиты","HnnDW","dbo","Fact_OSA_202404","TABLE","ROUTE_TYPE","nvarchar"
"KPI","HnnDW","dbo","Fact_OSA_202404","TABLE","SCENE_TYPE_ID","nvarchar"
"KPI","HnnDW","dbo","Fact_OSA_202404","TABLE","PROMO","int"
"KPI","HnnDW","dbo","Fact_OSA_202404","TABLE","MUST","nvarchar"
"KPI","HnnDW","dbo","Fact_OSA_202404","TABLE","INNO","int"
"KPI","HnnDW","dbo","Fact_OSA_202404","TABLE","MATRIX_ID","nvarchar"
"KPI","HnnDW","dbo","Fact_OSA_202404","TABLE","MATRIX_NAME","nvarchar"
"KPI","HnnDW","dbo","Fact_OSA_202404","TABLE","IN_MATRIX","int"
"KPI","HnnDW","dbo","Fact_OSA_202404","TABLE","IN_STOCK","int"
"KPI","HnnDW","dbo","Fact_OSA_202404","TABLE","AGENCY_NAME","nvarchar"
"KPI","HnnDW","dbo","Fact_OSA_202404","TABLE","fid","int"
"KPI","HnnDW","dbo","Fact_OSA_202404","TABLE","iid","int"
"KPI","HnnDW","dbo","Fact_OSA_202404","TABLE","PICOS","tinyint"
"KPI","HnnDW","dbo","Fact_OSA_202405","TABLE","VISIT_ID","nvarchar"
"ТТ, маршруты и визиты","HnnDW","dbo","Fact_OSA_202405","TABLE","VISIT_ID","nvarchar"
"KPI","HnnDW","dbo","Fact_OSA_202405","TABLE","VISIT_DATE","datetime"
"ТТ, маршруты и визиты","HnnDW","dbo","Fact_OSA_202405","TABLE","VISIT_DATE","datetime"
"KPI","HnnDW","dbo","Fact_OSA_202405","TABLE","VISIT_STATUS","nvarchar"
"ТТ, маршруты и визиты","HnnDW","dbo","Fact_OSA_202405","TABLE","VISIT_STATUS","nvarchar"
"KPI","HnnDW","dbo","Fact_OSA_202405","TABLE","VISIT_IS_PLANED","int"
"ТТ, маршруты и визиты","HnnDW","dbo","Fact_OSA_202405","TABLE","VISIT_IS_PLANED","int"
"KPI","HnnDW","dbo","Fact_OSA_202405","TABLE","PHOTO_AUDIT_ID","nvarchar"
"KPI","HnnDW","dbo","Fact_OSA_202405","TABLE","PHOTO_AUDIT_COUNTER","int"
"KPI","HnnDW","dbo","Fact_OSA_202405","TABLE","ROUTE_TYPE","nvarchar"
"ТТ, маршруты и визиты","HnnDW","dbo","Fact_OSA_202405","TABLE","ROUTE_TYPE","nvarchar"
"KPI","HnnDW","dbo","Fact_OSA_202405","TABLE","SCENE_TYPE_ID","nvarchar"
"KPI","HnnDW","dbo","Fact_OSA_202405","TABLE","PROMO","int"
"KPI","HnnDW","dbo","Fact_OSA_202405","TABLE","MUST","nvarchar"
"KPI","HnnDW","dbo","Fact_OSA_202405","TABLE","INNO","int"
"KPI","HnnDW","dbo","Fact_OSA_202405","TABLE","MATRIX_ID","nvarchar"
"KPI","HnnDW","dbo","Fact_OSA_202405","TABLE","MATRIX_NAME","nvarchar"
"KPI","HnnDW","dbo","Fact_OSA_202405","TABLE","IN_MATRIX","int"
"KPI","HnnDW","dbo","Fact_OSA_202405","TABLE","IN_STOCK","int"
"KPI","HnnDW","dbo","Fact_OSA_202405","TABLE","AGENCY_NAME","nvarchar"
"KPI","HnnDW","dbo","Fact_OSA_202405","TABLE","fid","int"
"KPI","HnnDW","dbo","Fact_OSA_202405","TABLE","iid","int"
"KPI","HnnDW","dbo","Fact_OSA_202405","TABLE","PICOS","tinyint"
"KPI","HnnDW","dbo","Fact_OSA_202406","TABLE","VISIT_ID","nvarchar"
"ТТ, маршруты и визиты","HnnDW","dbo","Fact_OSA_202406","TABLE","VISIT_ID","nvarchar"
"KPI","HnnDW","dbo","Fact_OSA_202406","TABLE","VISIT_DATE","datetime"
"ТТ, маршруты и визиты","HnnDW","dbo","Fact_OSA_202406","TABLE","VISIT_DATE","datetime"
"KPI","HnnDW","dbo","Fact_OSA_202406","TABLE","VISIT_STATUS","nvarchar"
"ТТ, маршруты и визиты","HnnDW","dbo","Fact_OSA_202406","TABLE","VISIT_STATUS","nvarchar"
"KPI","HnnDW","dbo","Fact_OSA_202406","TABLE","VISIT_IS_PLANED","int"
"ТТ, маршруты и визиты","HnnDW","dbo","Fact_OSA_202406","TABLE","VISIT_IS_PLANED","int"
"KPI","HnnDW","dbo","Fact_OSA_202406","TABLE","PHOTO_AUDIT_ID","nvarchar"
"KPI","HnnDW","dbo","Fact_OSA_202406","TABLE","PHOTO_AUDIT_COUNTER","int"
"KPI","HnnDW","dbo","Fact_OSA_202406","TABLE","ROUTE_TYPE","nvarchar"
"ТТ, маршруты и визиты","HnnDW","dbo","Fact_OSA_202406","TABLE","ROUTE_TYPE","nvarchar"
"KPI","HnnDW","dbo","Fact_OSA_202406","TABLE","SCENE_TYPE_ID","nvarchar"
"KPI","HnnDW","dbo","Fact_OSA_202406","TABLE","PROMO","int"
"KPI","HnnDW","dbo","Fact_OSA_202406","TABLE","MUST","nvarchar"
"KPI","HnnDW","dbo","Fact_OSA_202406","TABLE","INNO","int"
"KPI","HnnDW","dbo","Fact_OSA_202406","TABLE","MATRIX_ID","nvarchar"
"KPI","HnnDW","dbo","Fact_OSA_202406","TABLE","MATRIX_NAME","nvarchar"
"KPI","HnnDW","dbo","Fact_OSA_202406","TABLE","IN_MATRIX","int"
"KPI","HnnDW","dbo","Fact_OSA_202406","TABLE","IN_STOCK","int"
"KPI","HnnDW","dbo","Fact_OSA_202406","TABLE","AGENCY_NAME","nvarchar"
"KPI","HnnDW","dbo","Fact_OSA_202406","TABLE","fid","int"
"KPI","HnnDW","dbo","Fact_OSA_202406","TABLE","iid","int"
"KPI","HnnDW","dbo","Fact_OSA_202406","TABLE","PICOS","tinyint"
"KPI","HnnDW","dbo","Fact_OSA_202407","TABLE","VISIT_ID","nvarchar"
"ТТ, маршруты и визиты","HnnDW","dbo","Fact_OSA_202407","TABLE","VISIT_ID","nvarchar"
"KPI","HnnDW","dbo","Fact_OSA_202407","TABLE","VISIT_DATE","datetime"
"ТТ, маршруты и визиты","HnnDW","dbo","Fact_OSA_202407","TABLE","VISIT_DATE","datetime"
"KPI","HnnDW","dbo","Fact_OSA_202407","TABLE","VISIT_STATUS","nvarchar"
"ТТ, маршруты и визиты","HnnDW","dbo","Fact_OSA_202407","TABLE","VISIT_STATUS","nvarchar"
"KPI","HnnDW","dbo","Fact_OSA_202407","TABLE","VISIT_IS_PLANED","int"
"ТТ, маршруты и визиты","HnnDW","dbo","Fact_OSA_202407","TABLE","VISIT_IS_PLANED","int"
"KPI","HnnDW","dbo","Fact_OSA_202407","TABLE","PHOTO_AUDIT_ID","nvarchar"
"KPI","HnnDW","dbo","Fact_OSA_202407","TABLE","PHOTO_AUDIT_COUNTER","int"
"KPI","HnnDW","dbo","Fact_OSA_202407","TABLE","ROUTE_TYPE","nvarchar"
"ТТ, маршруты и визиты","HnnDW","dbo","Fact_OSA_202407","TABLE","ROUTE_TYPE","nvarchar"
"KPI","HnnDW","dbo","Fact_OSA_202407","TABLE","SCENE_TYPE_ID","nvarchar"
"KPI","HnnDW","dbo","Fact_OSA_202407","TABLE","PROMO","int"
"KPI","HnnDW","dbo","Fact_OSA_202407","TABLE","MUST","nvarchar"
"KPI","HnnDW","dbo","Fact_OSA_202407","TABLE","INNO","int"
"KPI","HnnDW","dbo","Fact_OSA_202407","TABLE","MATRIX_ID","nvarchar"
"KPI","HnnDW","dbo","Fact_OSA_202407","TABLE","MATRIX_NAME","nvarchar"
"KPI","HnnDW","dbo","Fact_OSA_202407","TABLE","IN_MATRIX","int"
"KPI","HnnDW","dbo","Fact_OSA_202407","TABLE","IN_STOCK","int"
"KPI","HnnDW","dbo","Fact_OSA_202407","TABLE","AGENCY_NAME","nvarchar"
"KPI","HnnDW","dbo","Fact_OSA_202407","TABLE","fid","int"
"KPI","HnnDW","dbo","Fact_OSA_202407","TABLE","iid","int"
"KPI","HnnDW","dbo","Fact_OSA_202407","TABLE","PICOS","tinyint"
"KPI","HnnDW","dbo","Fact_OSA_202408","TABLE","VISIT_ID","nvarchar"
"ТТ, маршруты и визиты","HnnDW","dbo","Fact_OSA_202408","TABLE","VISIT_ID","nvarchar"
"KPI","HnnDW","dbo","Fact_OSA_202408","TABLE","VISIT_DATE","datetime"
"ТТ, маршруты и визиты","HnnDW","dbo","Fact_OSA_202408","TABLE","VISIT_DATE","datetime"
"KPI","HnnDW","dbo","Fact_OSA_202408","TABLE","VISIT_STATUS","nvarchar"
"ТТ, маршруты и визиты","HnnDW","dbo","Fact_OSA_202408","TABLE","VISIT_STATUS","nvarchar"
"KPI","HnnDW","dbo","Fact_OSA_202408","TABLE","VISIT_IS_PLANED","int"
"ТТ, маршруты и визиты","HnnDW","dbo","Fact_OSA_202408","TABLE","VISIT_IS_PLANED","int"
"KPI","HnnDW","dbo","Fact_OSA_202408","TABLE","PHOTO_AUDIT_ID","nvarchar"
"KPI","HnnDW","dbo","Fact_OSA_202408","TABLE","PHOTO_AUDIT_COUNTER","int"
"KPI","HnnDW","dbo","Fact_OSA_202408","TABLE","ROUTE_TYPE","nvarchar"
"ТТ, маршруты и визиты","HnnDW","dbo","Fact_OSA_202408","TABLE","ROUTE_TYPE","nvarchar"
"KPI","HnnDW","dbo","Fact_OSA_202408","TABLE","SCENE_TYPE_ID","nvarchar"
"KPI","HnnDW","dbo","Fact_OSA_202408","TABLE","PROMO","int"
"KPI","HnnDW","dbo","Fact_OSA_202408","TABLE","MUST","nvarchar"
"KPI","HnnDW","dbo","Fact_OSA_202408","TABLE","INNO","int"
"KPI","HnnDW","dbo","Fact_OSA_202408","TABLE","MATRIX_ID","nvarchar"
"KPI","HnnDW","dbo","Fact_OSA_202408","TABLE","MATRIX_NAME","nvarchar"
"KPI","HnnDW","dbo","Fact_OSA_202408","TABLE","IN_MATRIX","int"
"KPI","HnnDW","dbo","Fact_OSA_202408","TABLE","IN_STOCK","int"
"KPI","HnnDW","dbo","Fact_OSA_202408","TABLE","AGENCY_NAME","nvarchar"
"KPI","HnnDW","dbo","Fact_OSA_202408","TABLE","fid","int"
"KPI","HnnDW","dbo","Fact_OSA_202408","TABLE","iid","int"
"KPI","HnnDW","dbo","Fact_OSA_202408","TABLE","PICOS","tinyint"
"KPI","HnnDW","dbo","Fact_OSA_202409","TABLE","VISIT_ID","nvarchar"
"ТТ, маршруты и визиты","HnnDW","dbo","Fact_OSA_202409","TABLE","VISIT_ID","nvarchar"
"KPI","HnnDW","dbo","Fact_OSA_202409","TABLE","VISIT_DATE","datetime"
"ТТ, маршруты и визиты","HnnDW","dbo","Fact_OSA_202409","TABLE","VISIT_DATE","datetime"
"KPI","HnnDW","dbo","Fact_OSA_202409","TABLE","VISIT_STATUS","nvarchar"
"ТТ, маршруты и визиты","HnnDW","dbo","Fact_OSA_202409","TABLE","VISIT_STATUS","nvarchar"
"KPI","HnnDW","dbo","Fact_OSA_202409","TABLE","VISIT_IS_PLANED","int"
"ТТ, маршруты и визиты","HnnDW","dbo","Fact_OSA_202409","TABLE","VISIT_IS_PLANED","int"
"KPI","HnnDW","dbo","Fact_OSA_202409","TABLE","PHOTO_AUDIT_ID","nvarchar"
"KPI","HnnDW","dbo","Fact_OSA_202409","TABLE","PHOTO_AUDIT_COUNTER","int"
"KPI","HnnDW","dbo","Fact_OSA_202409","TABLE","ROUTE_TYPE","nvarchar"
"ТТ, маршруты и визиты","HnnDW","dbo","Fact_OSA_202409","TABLE","ROUTE_TYPE","nvarchar"
"KPI","HnnDW","dbo","Fact_OSA_202409","TABLE","SCENE_TYPE_ID","nvarchar"
"KPI","HnnDW","dbo","Fact_OSA_202409","TABLE","PROMO","int"
"KPI","HnnDW","dbo","Fact_OSA_202409","TABLE","MUST","nvarchar"
"KPI","HnnDW","dbo","Fact_OSA_202409","TABLE","INNO","int"
"KPI","HnnDW","dbo","Fact_OSA_202409","TABLE","MATRIX_ID","nvarchar"
"KPI","HnnDW","dbo","Fact_OSA_202409","TABLE","MATRIX_NAME","nvarchar"
"KPI","HnnDW","dbo","Fact_OSA_202409","TABLE","IN_MATRIX","int"
"KPI","HnnDW","dbo","Fact_OSA_202409","TABLE","IN_STOCK","int"
"KPI","HnnDW","dbo","Fact_OSA_202409","TABLE","AGENCY_NAME","nvarchar"
"KPI","HnnDW","dbo","Fact_OSA_202409","TABLE","fid","int"
"KPI","HnnDW","dbo","Fact_OSA_202409","TABLE","iid","int"
"KPI","HnnDW","dbo","Fact_OSA_202409","TABLE","PICOS","tinyint"
"KPI","HnnDW","dbo","Fact_OSA_202410","TABLE","VISIT_ID","nvarchar"
"ТТ, маршруты и визиты","HnnDW","dbo","Fact_OSA_202410","TABLE","VISIT_ID","nvarchar"
"KPI","HnnDW","dbo","Fact_OSA_202410","TABLE","VISIT_DATE","datetime"
"ТТ, маршруты и визиты","HnnDW","dbo","Fact_OSA_202410","TABLE","VISIT_DATE","datetime"
"KPI","HnnDW","dbo","Fact_OSA_202410","TABLE","VISIT_STATUS","nvarchar"
"ТТ, маршруты и визиты","HnnDW","dbo","Fact_OSA_202410","TABLE","VISIT_STATUS","nvarchar"
"KPI","HnnDW","dbo","Fact_OSA_202410","TABLE","VISIT_IS_PLANED","int"
"ТТ, маршруты и визиты","HnnDW","dbo","Fact_OSA_202410","TABLE","VISIT_IS_PLANED","int"
"KPI","HnnDW","dbo","Fact_OSA_202410","TABLE","PHOTO_AUDIT_ID","nvarchar"
"KPI","HnnDW","dbo","Fact_OSA_202410","TABLE","PHOTO_AUDIT_COUNTER","int"
"KPI","HnnDW","dbo","Fact_OSA_202410","TABLE","ROUTE_TYPE","nvarchar"
"ТТ, маршруты и визиты","HnnDW","dbo","Fact_OSA_202410","TABLE","ROUTE_TYPE","nvarchar"
"KPI","HnnDW","dbo","Fact_OSA_202410","TABLE","SCENE_TYPE_ID","nvarchar"
"KPI","HnnDW","dbo","Fact_OSA_202410","TABLE","PROMO","int"
"KPI","HnnDW","dbo","Fact_OSA_202410","TABLE","MUST","nvarchar"
"KPI","HnnDW","dbo","Fact_OSA_202410","TABLE","INNO","int"
"KPI","HnnDW","dbo","Fact_OSA_202410","TABLE","MATRIX_ID","nvarchar"
"KPI","HnnDW","dbo","Fact_OSA_202410","TABLE","MATRIX_NAME","nvarchar"
"KPI","HnnDW","dbo","Fact_OSA_202410","TABLE","IN_MATRIX","int"
"KPI","HnnDW","dbo","Fact_OSA_202410","TABLE","IN_STOCK","int"
"KPI","HnnDW","dbo","Fact_OSA_202410","TABLE","AGENCY_NAME","nvarchar"
"KPI","HnnDW","dbo","Fact_OSA_202410","TABLE","fid","int"
"KPI","HnnDW","dbo","Fact_OSA_202410","TABLE","iid","int"
"KPI","HnnDW","dbo","Fact_OSA_202410","TABLE","PICOS","tinyint"
"KPI","HnnDW","dbo","Fact_OSA_202411","TABLE","VISIT_ID","nvarchar"
"ТТ, маршруты и визиты","HnnDW","dbo","Fact_OSA_202411","TABLE","VISIT_ID","nvarchar"
"KPI","HnnDW","dbo","Fact_OSA_202411","TABLE","VISIT_DATE","datetime"
"ТТ, маршруты и визиты","HnnDW","dbo","Fact_OSA_202411","TABLE","VISIT_DATE","datetime"
"KPI","HnnDW","dbo","Fact_OSA_202411","TABLE","VISIT_STATUS","nvarchar"
"ТТ, маршруты и визиты","HnnDW","dbo","Fact_OSA_202411","TABLE","VISIT_STATUS","nvarchar"
"KPI","HnnDW","dbo","Fact_OSA_202411","TABLE","VISIT_IS_PLANED","int"
"ТТ, маршруты и визиты","HnnDW","dbo","Fact_OSA_202411","TABLE","VISIT_IS_PLANED","int"
"KPI","HnnDW","dbo","Fact_OSA_202411","TABLE","PHOTO_AUDIT_ID","nvarchar"
"KPI","HnnDW","dbo","Fact_OSA_202411","TABLE","PHOTO_AUDIT_COUNTER","int"
"KPI","HnnDW","dbo","Fact_OSA_202411","TABLE","ROUTE_TYPE","nvarchar"
"ТТ, маршруты и визиты","HnnDW","dbo","Fact_OSA_202411","TABLE","ROUTE_TYPE","nvarchar"
"KPI","HnnDW","dbo","Fact_OSA_202411","TABLE","SCENE_TYPE_ID","nvarchar"
"KPI","HnnDW","dbo","Fact_OSA_202411","TABLE","PROMO","int"
"KPI","HnnDW","dbo","Fact_OSA_202411","TABLE","MUST","nvarchar"
"KPI","HnnDW","dbo","Fact_OSA_202411","TABLE","INNO","int"
"KPI","HnnDW","dbo","Fact_OSA_202411","TABLE","MATRIX_ID","nvarchar"
"KPI","HnnDW","dbo","Fact_OSA_202411","TABLE","MATRIX_NAME","nvarchar"
"KPI","HnnDW","dbo","Fact_OSA_202411","TABLE","IN_MATRIX","int"
"KPI","HnnDW","dbo","Fact_OSA_202411","TABLE","IN_STOCK","int"
"KPI","HnnDW","dbo","Fact_OSA_202411","TABLE","AGENCY_NAME","nvarchar"
"KPI","HnnDW","dbo","Fact_OSA_202411","TABLE","fid","int"
"KPI","HnnDW","dbo","Fact_OSA_202411","TABLE","iid","int"
"KPI","HnnDW","dbo","Fact_OSA_202411","TABLE","PICOS","tinyint"
"KPI","HnnDW","dbo","Fact_OSA_202412","TABLE","VISIT_ID","nvarchar"
"ТТ, маршруты и визиты","HnnDW","dbo","Fact_OSA_202412","TABLE","VISIT_ID","nvarchar"
"KPI","HnnDW","dbo","Fact_OSA_202412","TABLE","VISIT_DATE","datetime"
"ТТ, маршруты и визиты","HnnDW","dbo","Fact_OSA_202412","TABLE","VISIT_DATE","datetime"
"KPI","HnnDW","dbo","Fact_OSA_202412","TABLE","VISIT_STATUS","nvarchar"
"ТТ, маршруты и визиты","HnnDW","dbo","Fact_OSA_202412","TABLE","VISIT_STATUS","nvarchar"
"KPI","HnnDW","dbo","Fact_OSA_202412","TABLE","VISIT_IS_PLANED","int"
"ТТ, маршруты и визиты","HnnDW","dbo","Fact_OSA_202412","TABLE","VISIT_IS_PLANED","int"
"KPI","HnnDW","dbo","Fact_OSA_202412","TABLE","PHOTO_AUDIT_ID","nvarchar"
"KPI","HnnDW","dbo","Fact_OSA_202412","TABLE","PHOTO_AUDIT_COUNTER","int"
"KPI","HnnDW","dbo","Fact_OSA_202412","TABLE","ROUTE_TYPE","nvarchar"
"ТТ, маршруты и визиты","HnnDW","dbo","Fact_OSA_202412","TABLE","ROUTE_TYPE","nvarchar"
"KPI","HnnDW","dbo","Fact_OSA_202412","TABLE","SCENE_TYPE_ID","nvarchar"
"KPI","HnnDW","dbo","Fact_OSA_202412","TABLE","PROMO","int"
"KPI","HnnDW","dbo","Fact_OSA_202412","TABLE","MUST","nvarchar"
"KPI","HnnDW","dbo","Fact_OSA_202412","TABLE","INNO","int"
"KPI","HnnDW","dbo","Fact_OSA_202412","TABLE","MATRIX_ID","nvarchar"
"KPI","HnnDW","dbo","Fact_OSA_202412","TABLE","MATRIX_NAME","nvarchar"
"KPI","HnnDW","dbo","Fact_OSA_202412","TABLE","IN_MATRIX","int"
"KPI","HnnDW","dbo","Fact_OSA_202412","TABLE","IN_STOCK","int"
"KPI","HnnDW","dbo","Fact_OSA_202412","TABLE","AGENCY_NAME","nvarchar"
"KPI","HnnDW","dbo","Fact_OSA_202412","TABLE","fid","int"
"KPI","HnnDW","dbo","Fact_OSA_202412","TABLE","iid","int"
"KPI","HnnDW","dbo","Fact_OSA_202412","TABLE","PICOS","tinyint"
"KPI","HnnDW","dbo","Fact_OSA_202501","TABLE","VISIT_ID","nvarchar"
"ТТ, маршруты и визиты","HnnDW","dbo","Fact_OSA_202501","TABLE","VISIT_ID","nvarchar"
"KPI","HnnDW","dbo","Fact_OSA_202501","TABLE","VISIT_DATE","datetime"
"ТТ, маршруты и визиты","HnnDW","dbo","Fact_OSA_202501","TABLE","VISIT_DATE","datetime"
"KPI","HnnDW","dbo","Fact_OSA_202501","TABLE","VISIT_STATUS","nvarchar"
"ТТ, маршруты и визиты","HnnDW","dbo","Fact_OSA_202501","TABLE","VISIT_STATUS","nvarchar"
"KPI","HnnDW","dbo","Fact_OSA_202501","TABLE","VISIT_IS_PLANED","int"
"ТТ, маршруты и визиты","HnnDW","dbo","Fact_OSA_202501","TABLE","VISIT_IS_PLANED","int"
"KPI","HnnDW","dbo","Fact_OSA_202501","TABLE","PHOTO_AUDIT_ID","nvarchar"
"KPI","HnnDW","dbo","Fact_OSA_202501","TABLE","PHOTO_AUDIT_COUNTER","int"
"KPI","HnnDW","dbo","Fact_OSA_202501","TABLE","ROUTE_TYPE","nvarchar"
"ТТ, маршруты и визиты","HnnDW","dbo","Fact_OSA_202501","TABLE","ROUTE_TYPE","nvarchar"
"KPI","HnnDW","dbo","Fact_OSA_202501","TABLE","SCENE_TYPE_ID","nvarchar"
"KPI","HnnDW","dbo","Fact_OSA_202501","TABLE","PROMO","int"
"KPI","HnnDW","dbo","Fact_OSA_202501","TABLE","MUST","nvarchar"
"KPI","HnnDW","dbo","Fact_OSA_202501","TABLE","INNO","int"
"KPI","HnnDW","dbo","Fact_OSA_202501","TABLE","MATRIX_ID","nvarchar"
"KPI","HnnDW","dbo","Fact_OSA_202501","TABLE","MATRIX_NAME","nvarchar"
"KPI","HnnDW","dbo","Fact_OSA_202501","TABLE","IN_MATRIX","int"
"KPI","HnnDW","dbo","Fact_OSA_202501","TABLE","IN_STOCK","int"
"KPI","HnnDW","dbo","Fact_OSA_202501","TABLE","AGENCY_NAME","nvarchar"
"KPI","HnnDW","dbo","Fact_OSA_202501","TABLE","fid","int"
"KPI","HnnDW","dbo","Fact_OSA_202501","TABLE","iid","int"
"KPI","HnnDW","dbo","Fact_OSA_202501","TABLE","PICOS","tinyint"
"KPI","HnnDW","dbo","Fact_OSA_202502","TABLE","VISIT_ID","nvarchar"
"ТТ, маршруты и визиты","HnnDW","dbo","Fact_OSA_202502","TABLE","VISIT_ID","nvarchar"
"KPI","HnnDW","dbo","Fact_OSA_202502","TABLE","VISIT_DATE","datetime"
"ТТ, маршруты и визиты","HnnDW","dbo","Fact_OSA_202502","TABLE","VISIT_DATE","datetime"
"KPI","HnnDW","dbo","Fact_OSA_202502","TABLE","VISIT_STATUS","nvarchar"
"ТТ, маршруты и визиты","HnnDW","dbo","Fact_OSA_202502","TABLE","VISIT_STATUS","nvarchar"
"KPI","HnnDW","dbo","Fact_OSA_202502","TABLE","VISIT_IS_PLANED","int"
"ТТ, маршруты и визиты","HnnDW","dbo","Fact_OSA_202502","TABLE","VISIT_IS_PLANED","int"
"KPI","HnnDW","dbo","Fact_OSA_202502","TABLE","PHOTO_AUDIT_ID","nvarchar"
"KPI","HnnDW","dbo","Fact_OSA_202502","TABLE","PHOTO_AUDIT_COUNTER","int"
"KPI","HnnDW","dbo","Fact_OSA_202502","TABLE","ROUTE_TYPE","nvarchar"
"ТТ, маршруты и визиты","HnnDW","dbo","Fact_OSA_202502","TABLE","ROUTE_TYPE","nvarchar"
"KPI","HnnDW","dbo","Fact_OSA_202502","TABLE","SCENE_TYPE_ID","nvarchar"
"KPI","HnnDW","dbo","Fact_OSA_202502","TABLE","PROMO","int"
"KPI","HnnDW","dbo","Fact_OSA_202502","TABLE","MUST","nvarchar"
"KPI","HnnDW","dbo","Fact_OSA_202502","TABLE","INNO","int"
"KPI","HnnDW","dbo","Fact_OSA_202502","TABLE","MATRIX_ID","nvarchar"
"KPI","HnnDW","dbo","Fact_OSA_202502","TABLE","MATRIX_NAME","nvarchar"
"KPI","HnnDW","dbo","Fact_OSA_202502","TABLE","IN_MATRIX","int"
"KPI","HnnDW","dbo","Fact_OSA_202502","TABLE","IN_STOCK","int"
"KPI","HnnDW","dbo","Fact_OSA_202502","TABLE","AGENCY_NAME","nvarchar"
"KPI","HnnDW","dbo","Fact_OSA_202502","TABLE","fid","int"
"KPI","HnnDW","dbo","Fact_OSA_202502","TABLE","iid","int"
"KPI","HnnDW","dbo","Fact_OSA_202502","TABLE","PICOS","tinyint"
"KPI","HnnDW","dbo","Fact_OSA_202503","TABLE","VISIT_ID","nvarchar"
"ТТ, маршруты и визиты","HnnDW","dbo","Fact_OSA_202503","TABLE","VISIT_ID","nvarchar"
"KPI","HnnDW","dbo","Fact_OSA_202503","TABLE","VISIT_DATE","datetime"
"ТТ, маршруты и визиты","HnnDW","dbo","Fact_OSA_202503","TABLE","VISIT_DATE","datetime"
"KPI","HnnDW","dbo","Fact_OSA_202503","TABLE","VISIT_STATUS","nvarchar"
"ТТ, маршруты и визиты","HnnDW","dbo","Fact_OSA_202503","TABLE","VISIT_STATUS","nvarchar"
"KPI","HnnDW","dbo","Fact_OSA_202503","TABLE","VISIT_IS_PLANED","int"
"ТТ, маршруты и визиты","HnnDW","dbo","Fact_OSA_202503","TABLE","VISIT_IS_PLANED","int"
"KPI","HnnDW","dbo","Fact_OSA_202503","TABLE","PHOTO_AUDIT_ID","nvarchar"
"KPI","HnnDW","dbo","Fact_OSA_202503","TABLE","PHOTO_AUDIT_COUNTER","int"
"KPI","HnnDW","dbo","Fact_OSA_202503","TABLE","ROUTE_TYPE","nvarchar"
"ТТ, маршруты и визиты","HnnDW","dbo","Fact_OSA_202503","TABLE","ROUTE_TYPE","nvarchar"
"KPI","HnnDW","dbo","Fact_OSA_202503","TABLE","SCENE_TYPE_ID","nvarchar"
"KPI","HnnDW","dbo","Fact_OSA_202503","TABLE","PROMO","int"
"KPI","HnnDW","dbo","Fact_OSA_202503","TABLE","MUST","nvarchar"
"KPI","HnnDW","dbo","Fact_OSA_202503","TABLE","INNO","int"
"KPI","HnnDW","dbo","Fact_OSA_202503","TABLE","MATRIX_ID","nvarchar"
"KPI","HnnDW","dbo","Fact_OSA_202503","TABLE","MATRIX_NAME","nvarchar"
"KPI","HnnDW","dbo","Fact_OSA_202503","TABLE","IN_MATRIX","int"
"KPI","HnnDW","dbo","Fact_OSA_202503","TABLE","IN_STOCK","int"
"KPI","HnnDW","dbo","Fact_OSA_202503","TABLE","AGENCY_NAME","nvarchar"
"KPI","HnnDW","dbo","Fact_OSA_202503","TABLE","fid","int"
"KPI","HnnDW","dbo","Fact_OSA_202503","TABLE","iid","int"
"KPI","HnnDW","dbo","Fact_OSA_202503","TABLE","PICOS","tinyint"
"KPI","HnnDW","dbo","Fact_OSA_202504","TABLE","VISIT_ID","nvarchar"
"ТТ, маршруты и визиты","HnnDW","dbo","Fact_OSA_202504","TABLE","VISIT_ID","nvarchar"
"KPI","HnnDW","dbo","Fact_OSA_202504","TABLE","VISIT_DATE","datetime"
"ТТ, маршруты и визиты","HnnDW","dbo","Fact_OSA_202504","TABLE","VISIT_DATE","datetime"
"KPI","HnnDW","dbo","Fact_OSA_202504","TABLE","VISIT_STATUS","nvarchar"
"ТТ, маршруты и визиты","HnnDW","dbo","Fact_OSA_202504","TABLE","VISIT_STATUS","nvarchar"
"KPI","HnnDW","dbo","Fact_OSA_202504","TABLE","VISIT_IS_PLANED","int"
"ТТ, маршруты и визиты","HnnDW","dbo","Fact_OSA_202504","TABLE","VISIT_IS_PLANED","int"
"KPI","HnnDW","dbo","Fact_OSA_202504","TABLE","PHOTO_AUDIT_ID","nvarchar"
"KPI","HnnDW","dbo","Fact_OSA_202504","TABLE","PHOTO_AUDIT_COUNTER","int"
"KPI","HnnDW","dbo","Fact_OSA_202504","TABLE","ROUTE_TYPE","nvarchar"
"ТТ, маршруты и визиты","HnnDW","dbo","Fact_OSA_202504","TABLE","ROUTE_TYPE","nvarchar"
"KPI","HnnDW","dbo","Fact_OSA_202504","TABLE","SCENE_TYPE_ID","nvarchar"
"KPI","HnnDW","dbo","Fact_OSA_202504","TABLE","PROMO","int"
"KPI","HnnDW","dbo","Fact_OSA_202504","TABLE","MUST","nvarchar"
"KPI","HnnDW","dbo","Fact_OSA_202504","TABLE","INNO","int"
"KPI","HnnDW","dbo","Fact_OSA_202504","TABLE","MATRIX_ID","nvarchar"
"KPI","HnnDW","dbo","Fact_OSA_202504","TABLE","MATRIX_NAME","nvarchar"
"KPI","HnnDW","dbo","Fact_OSA_202504","TABLE","IN_MATRIX","int"
"KPI","HnnDW","dbo","Fact_OSA_202504","TABLE","IN_STOCK","int"
"KPI","HnnDW","dbo","Fact_OSA_202504","TABLE","AGENCY_NAME","nvarchar"
"KPI","HnnDW","dbo","Fact_OSA_202504","TABLE","fid","int"
"KPI","HnnDW","dbo","Fact_OSA_202504","TABLE","iid","int"
"KPI","HnnDW","dbo","Fact_OSA_202504","TABLE","PICOS","tinyint"
"KPI","HnnDW","dbo","Fact_OSA_202505","TABLE","VISIT_ID","nvarchar"
"ТТ, маршруты и визиты","HnnDW","dbo","Fact_OSA_202505","TABLE","VISIT_ID","nvarchar"
"KPI","HnnDW","dbo","Fact_OSA_202505","TABLE","VISIT_DATE","datetime"
"ТТ, маршруты и визиты","HnnDW","dbo","Fact_OSA_202505","TABLE","VISIT_DATE","datetime"
"KPI","HnnDW","dbo","Fact_OSA_202505","TABLE","VISIT_STATUS","nvarchar"
"ТТ, маршруты и визиты","HnnDW","dbo","Fact_OSA_202505","TABLE","VISIT_STATUS","nvarchar"
"KPI","HnnDW","dbo","Fact_OSA_202505","TABLE","VISIT_IS_PLANED","int"
"ТТ, маршруты и визиты","HnnDW","dbo","Fact_OSA_202505","TABLE","VISIT_IS_PLANED","int"
"KPI","HnnDW","dbo","Fact_OSA_202505","TABLE","PHOTO_AUDIT_ID","nvarchar"
"KPI","HnnDW","dbo","Fact_OSA_202505","TABLE","PHOTO_AUDIT_COUNTER","int"
"KPI","HnnDW","dbo","Fact_OSA_202505","TABLE","ROUTE_TYPE","nvarchar"
"ТТ, маршруты и визиты","HnnDW","dbo","Fact_OSA_202505","TABLE","ROUTE_TYPE","nvarchar"
"KPI","HnnDW","dbo","Fact_OSA_202505","TABLE","SCENE_TYPE_ID","nvarchar"
"KPI","HnnDW","dbo","Fact_OSA_202505","TABLE","PROMO","int"
"KPI","HnnDW","dbo","Fact_OSA_202505","TABLE","MUST","nvarchar"
"KPI","HnnDW","dbo","Fact_OSA_202505","TABLE","INNO","int"
"KPI","HnnDW","dbo","Fact_OSA_202505","TABLE","MATRIX_ID","nvarchar"
"KPI","HnnDW","dbo","Fact_OSA_202505","TABLE","MATRIX_NAME","nvarchar"
"KPI","HnnDW","dbo","Fact_OSA_202505","TABLE","IN_MATRIX","int"
"KPI","HnnDW","dbo","Fact_OSA_202505","TABLE","IN_STOCK","int"
"KPI","HnnDW","dbo","Fact_OSA_202505","TABLE","AGENCY_NAME","nvarchar"
"KPI","HnnDW","dbo","Fact_OSA_202505","TABLE","fid","int"
"KPI","HnnDW","dbo","Fact_OSA_202505","TABLE","iid","int"
"KPI","HnnDW","dbo","Fact_OSA_202505","TABLE","PICOS","tinyint"
"KPI","HnnDW","dbo","Fact_OSA_202506","TABLE","VISIT_ID","nvarchar"
"ТТ, маршруты и визиты","HnnDW","dbo","Fact_OSA_202506","TABLE","VISIT_ID","nvarchar"
"KPI","HnnDW","dbo","Fact_OSA_202506","TABLE","VISIT_DATE","datetime"
"ТТ, маршруты и визиты","HnnDW","dbo","Fact_OSA_202506","TABLE","VISIT_DATE","datetime"
"KPI","HnnDW","dbo","Fact_OSA_202506","TABLE","VISIT_STATUS","nvarchar"
"ТТ, маршруты и визиты","HnnDW","dbo","Fact_OSA_202506","TABLE","VISIT_STATUS","nvarchar"
"KPI","HnnDW","dbo","Fact_OSA_202506","TABLE","VISIT_IS_PLANED","int"
"ТТ, маршруты и визиты","HnnDW","dbo","Fact_OSA_202506","TABLE","VISIT_IS_PLANED","int"
"KPI","HnnDW","dbo","Fact_OSA_202506","TABLE","PHOTO_AUDIT_ID","nvarchar"
"KPI","HnnDW","dbo","Fact_OSA_202506","TABLE","PHOTO_AUDIT_COUNTER","int"
"KPI","HnnDW","dbo","Fact_OSA_202506","TABLE","ROUTE_TYPE","nvarchar"
"ТТ, маршруты и визиты","HnnDW","dbo","Fact_OSA_202506","TABLE","ROUTE_TYPE","nvarchar"
"KPI","HnnDW","dbo","Fact_OSA_202506","TABLE","SCENE_TYPE_ID","nvarchar"
"KPI","HnnDW","dbo","Fact_OSA_202506","TABLE","PROMO","int"
"KPI","HnnDW","dbo","Fact_OSA_202506","TABLE","MUST","nvarchar"
"KPI","HnnDW","dbo","Fact_OSA_202506","TABLE","INNO","int"
"KPI","HnnDW","dbo","Fact_OSA_202506","TABLE","MATRIX_ID","nvarchar"
"KPI","HnnDW","dbo","Fact_OSA_202506","TABLE","MATRIX_NAME","nvarchar"
"KPI","HnnDW","dbo","Fact_OSA_202506","TABLE","IN_MATRIX","int"
"KPI","HnnDW","dbo","Fact_OSA_202506","TABLE","IN_STOCK","int"
"KPI","HnnDW","dbo","Fact_OSA_202506","TABLE","AGENCY_NAME","nvarchar"
"KPI","HnnDW","dbo","Fact_OSA_202506","TABLE","fid","int"
"KPI","HnnDW","dbo","Fact_OSA_202506","TABLE","iid","int"
"KPI","HnnDW","dbo","Fact_OSA_202506","TABLE","PICOS","tinyint"
"KPI","HnnDW","dbo","Fact_OSA_202507","TABLE","VISIT_ID","nvarchar"
"ТТ, маршруты и визиты","HnnDW","dbo","Fact_OSA_202507","TABLE","VISIT_ID","nvarchar"
"KPI","HnnDW","dbo","Fact_OSA_202507","TABLE","VISIT_DATE","datetime"
"ТТ, маршруты и визиты","HnnDW","dbo","Fact_OSA_202507","TABLE","VISIT_DATE","datetime"
"KPI","HnnDW","dbo","Fact_OSA_202507","TABLE","VISIT_STATUS","nvarchar"
"ТТ, маршруты и визиты","HnnDW","dbo","Fact_OSA_202507","TABLE","VISIT_STATUS","nvarchar"
"KPI","HnnDW","dbo","Fact_OSA_202507","TABLE","VISIT_IS_PLANED","int"
"ТТ, маршруты и визиты","HnnDW","dbo","Fact_OSA_202507","TABLE","VISIT_IS_PLANED","int"
"KPI","HnnDW","dbo","Fact_OSA_202507","TABLE","PHOTO_AUDIT_ID","nvarchar"
"KPI","HnnDW","dbo","Fact_OSA_202507","TABLE","PHOTO_AUDIT_COUNTER","int"
"KPI","HnnDW","dbo","Fact_OSA_202507","TABLE","ROUTE_TYPE","nvarchar"
"ТТ, маршруты и визиты","HnnDW","dbo","Fact_OSA_202507","TABLE","ROUTE_TYPE","nvarchar"
"KPI","HnnDW","dbo","Fact_OSA_202507","TABLE","SCENE_TYPE_ID","nvarchar"
"KPI","HnnDW","dbo","Fact_OSA_202507","TABLE","PROMO","int"
"KPI","HnnDW","dbo","Fact_OSA_202507","TABLE","MUST","nvarchar"
"KPI","HnnDW","dbo","Fact_OSA_202507","TABLE","INNO","int"
"KPI","HnnDW","dbo","Fact_OSA_202507","TABLE","MATRIX_ID","nvarchar"
"KPI","HnnDW","dbo","Fact_OSA_202507","TABLE","MATRIX_NAME","nvarchar"
"KPI","HnnDW","dbo","Fact_OSA_202507","TABLE","IN_MATRIX","int"
"KPI","HnnDW","dbo","Fact_OSA_202507","TABLE","IN_STOCK","int"
"KPI","HnnDW","dbo","Fact_OSA_202507","TABLE","AGENCY_NAME","nvarchar"
"KPI","HnnDW","dbo","Fact_OSA_202507","TABLE","fid","int"
"KPI","HnnDW","dbo","Fact_OSA_202507","TABLE","iid","int"
"KPI","HnnDW","dbo","Fact_OSA_202507","TABLE","PICOS","tinyint"
"KPI","HnnDW","dbo","Fact_OSA_202508","TABLE","VISIT_ID","nvarchar"
"ТТ, маршруты и визиты","HnnDW","dbo","Fact_OSA_202508","TABLE","VISIT_ID","nvarchar"
"KPI","HnnDW","dbo","Fact_OSA_202508","TABLE","VISIT_DATE","datetime"
"ТТ, маршруты и визиты","HnnDW","dbo","Fact_OSA_202508","TABLE","VISIT_DATE","datetime"
"KPI","HnnDW","dbo","Fact_OSA_202508","TABLE","VISIT_STATUS","nvarchar"
"ТТ, маршруты и визиты","HnnDW","dbo","Fact_OSA_202508","TABLE","VISIT_STATUS","nvarchar"
"KPI","HnnDW","dbo","Fact_OSA_202508","TABLE","VISIT_IS_PLANED","int"
"ТТ, маршруты и визиты","HnnDW","dbo","Fact_OSA_202508","TABLE","VISIT_IS_PLANED","int"
"KPI","HnnDW","dbo","Fact_OSA_202508","TABLE","PHOTO_AUDIT_ID","nvarchar"
"KPI","HnnDW","dbo","Fact_OSA_202508","TABLE","PHOTO_AUDIT_COUNTER","int"
"KPI","HnnDW","dbo","Fact_OSA_202508","TABLE","ROUTE_TYPE","nvarchar"
"ТТ, маршруты и визиты","HnnDW","dbo","Fact_OSA_202508","TABLE","ROUTE_TYPE","nvarchar"
"KPI","HnnDW","dbo","Fact_OSA_202508","TABLE","SCENE_TYPE_ID","nvarchar"
"KPI","HnnDW","dbo","Fact_OSA_202508","TABLE","PROMO","int"
"KPI","HnnDW","dbo","Fact_OSA_202508","TABLE","MUST","nvarchar"
"KPI","HnnDW","dbo","Fact_OSA_202508","TABLE","INNO","int"
"KPI","HnnDW","dbo","Fact_OSA_202508","TABLE","MATRIX_ID","nvarchar"
"KPI","HnnDW","dbo","Fact_OSA_202508","TABLE","MATRIX_NAME","nvarchar"
"KPI","HnnDW","dbo","Fact_OSA_202508","TABLE","IN_MATRIX","int"
"KPI","HnnDW","dbo","Fact_OSA_202508","TABLE","IN_STOCK","int"
"KPI","HnnDW","dbo","Fact_OSA_202508","TABLE","AGENCY_NAME","nvarchar"
"KPI","HnnDW","dbo","Fact_OSA_202508","TABLE","fid","int"
"KPI","HnnDW","dbo","Fact_OSA_202508","TABLE","iid","int"
"KPI","HnnDW","dbo","Fact_OSA_202508","TABLE","PICOS","tinyint"
"KPI","HnnDW","dbo","Fact_OSA_202509","TABLE","VISIT_ID","nvarchar"
"ТТ, маршруты и визиты","HnnDW","dbo","Fact_OSA_202509","TABLE","VISIT_ID","nvarchar"
"KPI","HnnDW","dbo","Fact_OSA_202509","TABLE","VISIT_DATE","datetime"
"ТТ, маршруты и визиты","HnnDW","dbo","Fact_OSA_202509","TABLE","VISIT_DATE","datetime"
"KPI","HnnDW","dbo","Fact_OSA_202509","TABLE","VISIT_STATUS","nvarchar"
"ТТ, маршруты и визиты","HnnDW","dbo","Fact_OSA_202509","TABLE","VISIT_STATUS","nvarchar"
"KPI","HnnDW","dbo","Fact_OSA_202509","TABLE","VISIT_IS_PLANED","int"
"ТТ, маршруты и визиты","HnnDW","dbo","Fact_OSA_202509","TABLE","VISIT_IS_PLANED","int"
"KPI","HnnDW","dbo","Fact_OSA_202509","TABLE","PHOTO_AUDIT_ID","nvarchar"
"KPI","HnnDW","dbo","Fact_OSA_202509","TABLE","PHOTO_AUDIT_COUNTER","int"
"KPI","HnnDW","dbo","Fact_OSA_202509","TABLE","ROUTE_TYPE","nvarchar"
"ТТ, маршруты и визиты","HnnDW","dbo","Fact_OSA_202509","TABLE","ROUTE_TYPE","nvarchar"
"KPI","HnnDW","dbo","Fact_OSA_202509","TABLE","SCENE_TYPE_ID","nvarchar"
"KPI","HnnDW","dbo","Fact_OSA_202509","TABLE","PROMO","int"
"KPI","HnnDW","dbo","Fact_OSA_202509","TABLE","MUST","nvarchar"
"KPI","HnnDW","dbo","Fact_OSA_202509","TABLE","INNO","int"
"KPI","HnnDW","dbo","Fact_OSA_202509","TABLE","MATRIX_ID","nvarchar"
"KPI","HnnDW","dbo","Fact_OSA_202509","TABLE","MATRIX_NAME","nvarchar"
"KPI","HnnDW","dbo","Fact_OSA_202509","TABLE","IN_MATRIX","int"
"KPI","HnnDW","dbo","Fact_OSA_202509","TABLE","IN_STOCK","int"
"KPI","HnnDW","dbo","Fact_OSA_202509","TABLE","AGENCY_NAME","nvarchar"
"KPI","HnnDW","dbo","Fact_OSA_202509","TABLE","fid","int"
"KPI","HnnDW","dbo","Fact_OSA_202509","TABLE","iid","int"
"KPI","HnnDW","dbo","Fact_OSA_202509","TABLE","PICOS","tinyint"
"KPI","HnnDW","dbo","Fact_OSA_202510","TABLE","VISIT_ID","nvarchar"
"ТТ, маршруты и визиты","HnnDW","dbo","Fact_OSA_202510","TABLE","VISIT_ID","nvarchar"
"KPI","HnnDW","dbo","Fact_OSA_202510","TABLE","VISIT_DATE","datetime"
"ТТ, маршруты и визиты","HnnDW","dbo","Fact_OSA_202510","TABLE","VISIT_DATE","datetime"
"KPI","HnnDW","dbo","Fact_OSA_202510","TABLE","VISIT_STATUS","nvarchar"
"ТТ, маршруты и визиты","HnnDW","dbo","Fact_OSA_202510","TABLE","VISIT_STATUS","nvarchar"
"KPI","HnnDW","dbo","Fact_OSA_202510","TABLE","VISIT_IS_PLANED","int"
"ТТ, маршруты и визиты","HnnDW","dbo","Fact_OSA_202510","TABLE","VISIT_IS_PLANED","int"
"KPI","HnnDW","dbo","Fact_OSA_202510","TABLE","PHOTO_AUDIT_ID","nvarchar"
"KPI","HnnDW","dbo","Fact_OSA_202510","TABLE","PHOTO_AUDIT_COUNTER","int"
"KPI","HnnDW","dbo","Fact_OSA_202510","TABLE","ROUTE_TYPE","nvarchar"
"ТТ, маршруты и визиты","HnnDW","dbo","Fact_OSA_202510","TABLE","ROUTE_TYPE","nvarchar"
"KPI","HnnDW","dbo","Fact_OSA_202510","TABLE","SCENE_TYPE_ID","nvarchar"
"KPI","HnnDW","dbo","Fact_OSA_202510","TABLE","PROMO","int"
"KPI","HnnDW","dbo","Fact_OSA_202510","TABLE","MUST","nvarchar"
"KPI","HnnDW","dbo","Fact_OSA_202510","TABLE","INNO","int"
"KPI","HnnDW","dbo","Fact_OSA_202510","TABLE","MATRIX_ID","nvarchar"
"KPI","HnnDW","dbo","Fact_OSA_202510","TABLE","MATRIX_NAME","nvarchar"
"KPI","HnnDW","dbo","Fact_OSA_202510","TABLE","IN_MATRIX","int"
"KPI","HnnDW","dbo","Fact_OSA_202510","TABLE","IN_STOCK","int"
"KPI","HnnDW","dbo","Fact_OSA_202510","TABLE","AGENCY_NAME","nvarchar"
"KPI","HnnDW","dbo","Fact_OSA_202510","TABLE","fid","int"
"KPI","HnnDW","dbo","Fact_OSA_202510","TABLE","iid","int"
"KPI","HnnDW","dbo","Fact_OSA_202510","TABLE","PICOS","tinyint"
"KPI","HnnDW","dbo","Fact_OSA_202511","TABLE","VISIT_ID","nvarchar"
"ТТ, маршруты и визиты","HnnDW","dbo","Fact_OSA_202511","TABLE","VISIT_ID","nvarchar"
"KPI","HnnDW","dbo","Fact_OSA_202511","TABLE","VISIT_DATE","datetime"
"ТТ, маршруты и визиты","HnnDW","dbo","Fact_OSA_202511","TABLE","VISIT_DATE","datetime"
"KPI","HnnDW","dbo","Fact_OSA_202511","TABLE","VISIT_STATUS","nvarchar"
"ТТ, маршруты и визиты","HnnDW","dbo","Fact_OSA_202511","TABLE","VISIT_STATUS","nvarchar"
"KPI","HnnDW","dbo","Fact_OSA_202511","TABLE","VISIT_IS_PLANED","int"
"ТТ, маршруты и визиты","HnnDW","dbo","Fact_OSA_202511","TABLE","VISIT_IS_PLANED","int"
"KPI","HnnDW","dbo","Fact_OSA_202511","TABLE","PHOTO_AUDIT_ID","nvarchar"
"KPI","HnnDW","dbo","Fact_OSA_202511","TABLE","PHOTO_AUDIT_COUNTER","int"
"KPI","HnnDW","dbo","Fact_OSA_202511","TABLE","ROUTE_TYPE","nvarchar"
"ТТ, маршруты и визиты","HnnDW","dbo","Fact_OSA_202511","TABLE","ROUTE_TYPE","nvarchar"
"KPI","HnnDW","dbo","Fact_OSA_202511","TABLE","SCENE_TYPE_ID","nvarchar"
"KPI","HnnDW","dbo","Fact_OSA_202511","TABLE","PROMO","int"
"KPI","HnnDW","dbo","Fact_OSA_202511","TABLE","MUST","nvarchar"
"KPI","HnnDW","dbo","Fact_OSA_202511","TABLE","INNO","int"
"KPI","HnnDW","dbo","Fact_OSA_202511","TABLE","MATRIX_ID","nvarchar"
"KPI","HnnDW","dbo","Fact_OSA_202511","TABLE","MATRIX_NAME","nvarchar"
"KPI","HnnDW","dbo","Fact_OSA_202511","TABLE","IN_MATRIX","int"
"KPI","HnnDW","dbo","Fact_OSA_202511","TABLE","IN_STOCK","int"
"KPI","HnnDW","dbo","Fact_OSA_202511","TABLE","AGENCY_NAME","nvarchar"
"KPI","HnnDW","dbo","Fact_OSA_202511","TABLE","fid","int"
"KPI","HnnDW","dbo","Fact_OSA_202511","TABLE","iid","int"
"KPI","HnnDW","dbo","Fact_OSA_202511","TABLE","PICOS","tinyint"
"KPI","HnnDW","dbo","Fact_OSA_202512","TABLE","VISIT_ID","nvarchar"
"ТТ, маршруты и визиты","HnnDW","dbo","Fact_OSA_202512","TABLE","VISIT_ID","nvarchar"
"KPI","HnnDW","dbo","Fact_OSA_202512","TABLE","VISIT_DATE","datetime"
"ТТ, маршруты и визиты","HnnDW","dbo","Fact_OSA_202512","TABLE","VISIT_DATE","datetime"
"KPI","HnnDW","dbo","Fact_OSA_202512","TABLE","VISIT_STATUS","nvarchar"
"ТТ, маршруты и визиты","HnnDW","dbo","Fact_OSA_202512","TABLE","VISIT_STATUS","nvarchar"
"KPI","HnnDW","dbo","Fact_OSA_202512","TABLE","VISIT_IS_PLANED","int"
"ТТ, маршруты и визиты","HnnDW","dbo","Fact_OSA_202512","TABLE","VISIT_IS_PLANED","int"
"KPI","HnnDW","dbo","Fact_OSA_202512","TABLE","PHOTO_AUDIT_ID","nvarchar"
"KPI","HnnDW","dbo","Fact_OSA_202512","TABLE","PHOTO_AUDIT_COUNTER","int"
"KPI","HnnDW","dbo","Fact_OSA_202512","TABLE","ROUTE_TYPE","nvarchar"
"ТТ, маршруты и визиты","HnnDW","dbo","Fact_OSA_202512","TABLE","ROUTE_TYPE","nvarchar"
"KPI","HnnDW","dbo","Fact_OSA_202512","TABLE","SCENE_TYPE_ID","nvarchar"
"KPI","HnnDW","dbo","Fact_OSA_202512","TABLE","PROMO","int"
"KPI","HnnDW","dbo","Fact_OSA_202512","TABLE","MUST","nvarchar"
"KPI","HnnDW","dbo","Fact_OSA_202512","TABLE","INNO","int"
"KPI","HnnDW","dbo","Fact_OSA_202512","TABLE","MATRIX_ID","nvarchar"
"KPI","HnnDW","dbo","Fact_OSA_202512","TABLE","MATRIX_NAME","nvarchar"
"KPI","HnnDW","dbo","Fact_OSA_202512","TABLE","IN_MATRIX","int"
"KPI","HnnDW","dbo","Fact_OSA_202512","TABLE","IN_STOCK","int"
"KPI","HnnDW","dbo","Fact_OSA_202512","TABLE","AGENCY_NAME","nvarchar"
"KPI","HnnDW","dbo","Fact_OSA_202512","TABLE","fid","int"
"KPI","HnnDW","dbo","Fact_OSA_202512","TABLE","iid","int"
"KPI","HnnDW","dbo","Fact_OSA_202512","TABLE","PICOS","tinyint"
"KPI","HnnDW","dbo","Fact_OSA_202601","TABLE","VISIT_ID","nvarchar"
"ТТ, маршруты и визиты","HnnDW","dbo","Fact_OSA_202601","TABLE","VISIT_ID","nvarchar"
"KPI","HnnDW","dbo","Fact_OSA_202601","TABLE","VISIT_DATE","datetime"
"ТТ, маршруты и визиты","HnnDW","dbo","Fact_OSA_202601","TABLE","VISIT_DATE","datetime"
"KPI","HnnDW","dbo","Fact_OSA_202601","TABLE","VISIT_STATUS","nvarchar"
"ТТ, маршруты и визиты","HnnDW","dbo","Fact_OSA_202601","TABLE","VISIT_STATUS","nvarchar"
"KPI","HnnDW","dbo","Fact_OSA_202601","TABLE","VISIT_IS_PLANED","int"
"ТТ, маршруты и визиты","HnnDW","dbo","Fact_OSA_202601","TABLE","VISIT_IS_PLANED","int"
"KPI","HnnDW","dbo","Fact_OSA_202601","TABLE","PHOTO_AUDIT_ID","nvarchar"
"KPI","HnnDW","dbo","Fact_OSA_202601","TABLE","PHOTO_AUDIT_COUNTER","int"
"KPI","HnnDW","dbo","Fact_OSA_202601","TABLE","ROUTE_TYPE","nvarchar"
"ТТ, маршруты и визиты","HnnDW","dbo","Fact_OSA_202601","TABLE","ROUTE_TYPE","nvarchar"
"KPI","HnnDW","dbo","Fact_OSA_202601","TABLE","SCENE_TYPE_ID","nvarchar"
"KPI","HnnDW","dbo","Fact_OSA_202601","TABLE","PROMO","int"
"KPI","HnnDW","dbo","Fact_OSA_202601","TABLE","MUST","nvarchar"
"KPI","HnnDW","dbo","Fact_OSA_202601","TABLE","INNO","int"
"KPI","HnnDW","dbo","Fact_OSA_202601","TABLE","MATRIX_ID","nvarchar"
"KPI","HnnDW","dbo","Fact_OSA_202601","TABLE","MATRIX_NAME","nvarchar"
"KPI","HnnDW","dbo","Fact_OSA_202601","TABLE","IN_MATRIX","int"
"KPI","HnnDW","dbo","Fact_OSA_202601","TABLE","IN_STOCK","int"
"KPI","HnnDW","dbo","Fact_OSA_202601","TABLE","AGENCY_NAME","nvarchar"
"KPI","HnnDW","dbo","Fact_OSA_202601","TABLE","fid","int"
"KPI","HnnDW","dbo","Fact_OSA_202601","TABLE","iid","int"
"KPI","HnnDW","dbo","Fact_OSA_202601","TABLE","PICOS","tinyint"
"KPI","HnnDW","dbo","Fact_OSA_202602","TABLE","VISIT_ID","nvarchar"
"ТТ, маршруты и визиты","HnnDW","dbo","Fact_OSA_202602","TABLE","VISIT_ID","nvarchar"
"KPI","HnnDW","dbo","Fact_OSA_202602","TABLE","VISIT_DATE","datetime"
"ТТ, маршруты и визиты","HnnDW","dbo","Fact_OSA_202602","TABLE","VISIT_DATE","datetime"
"KPI","HnnDW","dbo","Fact_OSA_202602","TABLE","VISIT_STATUS","nvarchar"
"ТТ, маршруты и визиты","HnnDW","dbo","Fact_OSA_202602","TABLE","VISIT_STATUS","nvarchar"
"KPI","HnnDW","dbo","Fact_OSA_202602","TABLE","VISIT_IS_PLANED","int"
"ТТ, маршруты и визиты","HnnDW","dbo","Fact_OSA_202602","TABLE","VISIT_IS_PLANED","int"
"KPI","HnnDW","dbo","Fact_OSA_202602","TABLE","PHOTO_AUDIT_ID","nvarchar"
"KPI","HnnDW","dbo","Fact_OSA_202602","TABLE","PHOTO_AUDIT_COUNTER","int"
"KPI","HnnDW","dbo","Fact_OSA_202602","TABLE","ROUTE_TYPE","nvarchar"
"ТТ, маршруты и визиты","HnnDW","dbo","Fact_OSA_202602","TABLE","ROUTE_TYPE","nvarchar"
"KPI","HnnDW","dbo","Fact_OSA_202602","TABLE","SCENE_TYPE_ID","nvarchar"
"KPI","HnnDW","dbo","Fact_OSA_202602","TABLE","PROMO","int"
"KPI","HnnDW","dbo","Fact_OSA_202602","TABLE","MUST","nvarchar"
"KPI","HnnDW","dbo","Fact_OSA_202602","TABLE","INNO","int"
"KPI","HnnDW","dbo","Fact_OSA_202602","TABLE","MATRIX_ID","nvarchar"
"KPI","HnnDW","dbo","Fact_OSA_202602","TABLE","MATRIX_NAME","nvarchar"
"KPI","HnnDW","dbo","Fact_OSA_202602","TABLE","IN_MATRIX","int"
"KPI","HnnDW","dbo","Fact_OSA_202602","TABLE","IN_STOCK","int"
"KPI","HnnDW","dbo","Fact_OSA_202602","TABLE","AGENCY_NAME","nvarchar"
"KPI","HnnDW","dbo","Fact_OSA_202602","TABLE","fid","int"
"KPI","HnnDW","dbo","Fact_OSA_202602","TABLE","iid","int"
"KPI","HnnDW","dbo","Fact_OSA_202602","TABLE","PICOS","tinyint"
"KPI","HnnDW","dbo","Fact_OSA_202603","TABLE","VISIT_ID","nvarchar"
"ТТ, маршруты и визиты","HnnDW","dbo","Fact_OSA_202603","TABLE","VISIT_ID","nvarchar"
"KPI","HnnDW","dbo","Fact_OSA_202603","TABLE","VISIT_DATE","datetime"
"ТТ, маршруты и визиты","HnnDW","dbo","Fact_OSA_202603","TABLE","VISIT_DATE","datetime"
"KPI","HnnDW","dbo","Fact_OSA_202603","TABLE","VISIT_STATUS","nvarchar"
"ТТ, маршруты и визиты","HnnDW","dbo","Fact_OSA_202603","TABLE","VISIT_STATUS","nvarchar"
"KPI","HnnDW","dbo","Fact_OSA_202603","TABLE","VISIT_IS_PLANED","int"
"ТТ, маршруты и визиты","HnnDW","dbo","Fact_OSA_202603","TABLE","VISIT_IS_PLANED","int"
"KPI","HnnDW","dbo","Fact_OSA_202603","TABLE","PHOTO_AUDIT_ID","nvarchar"
"KPI","HnnDW","dbo","Fact_OSA_202603","TABLE","PHOTO_AUDIT_COUNTER","int"
"KPI","HnnDW","dbo","Fact_OSA_202603","TABLE","ROUTE_TYPE","nvarchar"
"ТТ, маршруты и визиты","HnnDW","dbo","Fact_OSA_202603","TABLE","ROUTE_TYPE","nvarchar"
"KPI","HnnDW","dbo","Fact_OSA_202603","TABLE","SCENE_TYPE_ID","nvarchar"
"KPI","HnnDW","dbo","Fact_OSA_202603","TABLE","PROMO","int"
"KPI","HnnDW","dbo","Fact_OSA_202603","TABLE","MUST","nvarchar"
"KPI","HnnDW","dbo","Fact_OSA_202603","TABLE","INNO","int"
"KPI","HnnDW","dbo","Fact_OSA_202603","TABLE","MATRIX_ID","nvarchar"
"KPI","HnnDW","dbo","Fact_OSA_202603","TABLE","MATRIX_NAME","nvarchar"
"KPI","HnnDW","dbo","Fact_OSA_202603","TABLE","IN_MATRIX","int"
"KPI","HnnDW","dbo","Fact_OSA_202603","TABLE","IN_STOCK","int"
"KPI","HnnDW","dbo","Fact_OSA_202603","TABLE","AGENCY_NAME","nvarchar"
"KPI","HnnDW","dbo","Fact_OSA_202603","TABLE","fid","int"
"KPI","HnnDW","dbo","Fact_OSA_202603","TABLE","iid","int"
"KPI","HnnDW","dbo","Fact_OSA_202603","TABLE","PICOS","tinyint"
"KPI","HnnDW","dbo","Fact_OSA_202604","TABLE","VISIT_ID","nvarchar"
"ТТ, маршруты и визиты","HnnDW","dbo","Fact_OSA_202604","TABLE","VISIT_ID","nvarchar"
"KPI","HnnDW","dbo","Fact_OSA_202604","TABLE","VISIT_DATE","datetime"
"ТТ, маршруты и визиты","HnnDW","dbo","Fact_OSA_202604","TABLE","VISIT_DATE","datetime"
"KPI","HnnDW","dbo","Fact_OSA_202604","TABLE","VISIT_STATUS","nvarchar"
"ТТ, маршруты и визиты","HnnDW","dbo","Fact_OSA_202604","TABLE","VISIT_STATUS","nvarchar"
"KPI","HnnDW","dbo","Fact_OSA_202604","TABLE","VISIT_IS_PLANED","int"
"ТТ, маршруты и визиты","HnnDW","dbo","Fact_OSA_202604","TABLE","VISIT_IS_PLANED","int"
"KPI","HnnDW","dbo","Fact_OSA_202604","TABLE","PHOTO_AUDIT_ID","nvarchar"
"KPI","HnnDW","dbo","Fact_OSA_202604","TABLE","PHOTO_AUDIT_COUNTER","int"
"KPI","HnnDW","dbo","Fact_OSA_202604","TABLE","ROUTE_TYPE","nvarchar"
"ТТ, маршруты и визиты","HnnDW","dbo","Fact_OSA_202604","TABLE","ROUTE_TYPE","nvarchar"
"KPI","HnnDW","dbo","Fact_OSA_202604","TABLE","SCENE_TYPE_ID","nvarchar"
"KPI","HnnDW","dbo","Fact_OSA_202604","TABLE","PROMO","int"
"KPI","HnnDW","dbo","Fact_OSA_202604","TABLE","MUST","nvarchar"
"KPI","HnnDW","dbo","Fact_OSA_202604","TABLE","INNO","int"
"KPI","HnnDW","dbo","Fact_OSA_202604","TABLE","MATRIX_ID","nvarchar"
"KPI","HnnDW","dbo","Fact_OSA_202604","TABLE","MATRIX_NAME","nvarchar"
"KPI","HnnDW","dbo","Fact_OSA_202604","TABLE","IN_MATRIX","int"
"KPI","HnnDW","dbo","Fact_OSA_202604","TABLE","IN_STOCK","int"
"KPI","HnnDW","dbo","Fact_OSA_202604","TABLE","AGENCY_NAME","nvarchar"
"KPI","HnnDW","dbo","Fact_OSA_202604","TABLE","fid","int"
"KPI","HnnDW","dbo","Fact_OSA_202604","TABLE","iid","int"
"KPI","HnnDW","dbo","Fact_OSA_202604","TABLE","PICOS","tinyint"
"KPI","HnnDW","dbo","Fact_OSA_202605","TABLE","VISIT_ID","nvarchar"
"ТТ, маршруты и визиты","HnnDW","dbo","Fact_OSA_202605","TABLE","VISIT_ID","nvarchar"
"KPI","HnnDW","dbo","Fact_OSA_202605","TABLE","VISIT_DATE","datetime"
"ТТ, маршруты и визиты","HnnDW","dbo","Fact_OSA_202605","TABLE","VISIT_DATE","datetime"
"KPI","HnnDW","dbo","Fact_OSA_202605","TABLE","VISIT_STATUS","nvarchar"
"ТТ, маршруты и визиты","HnnDW","dbo","Fact_OSA_202605","TABLE","VISIT_STATUS","nvarchar"
"KPI","HnnDW","dbo","Fact_OSA_202605","TABLE","VISIT_IS_PLANED","int"
"ТТ, маршруты и визиты","HnnDW","dbo","Fact_OSA_202605","TABLE","VISIT_IS_PLANED","int"
"KPI","HnnDW","dbo","Fact_OSA_202605","TABLE","PHOTO_AUDIT_ID","nvarchar"
"KPI","HnnDW","dbo","Fact_OSA_202605","TABLE","PHOTO_AUDIT_COUNTER","int"
"KPI","HnnDW","dbo","Fact_OSA_202605","TABLE","ROUTE_TYPE","nvarchar"
"ТТ, маршруты и визиты","HnnDW","dbo","Fact_OSA_202605","TABLE","ROUTE_TYPE","nvarchar"
"KPI","HnnDW","dbo","Fact_OSA_202605","TABLE","SCENE_TYPE_ID","nvarchar"
"KPI","HnnDW","dbo","Fact_OSA_202605","TABLE","PROMO","int"
"KPI","HnnDW","dbo","Fact_OSA_202605","TABLE","MUST","nvarchar"
"KPI","HnnDW","dbo","Fact_OSA_202605","TABLE","INNO","int"
"KPI","HnnDW","dbo","Fact_OSA_202605","TABLE","MATRIX_ID","nvarchar"
"KPI","HnnDW","dbo","Fact_OSA_202605","TABLE","MATRIX_NAME","nvarchar"
"KPI","HnnDW","dbo","Fact_OSA_202605","TABLE","IN_MATRIX","int"
"KPI","HnnDW","dbo","Fact_OSA_202605","TABLE","IN_STOCK","int"
"KPI","HnnDW","dbo","Fact_OSA_202605","TABLE","AGENCY_NAME","nvarchar"
"KPI","HnnDW","dbo","Fact_OSA_202605","TABLE","fid","int"
"KPI","HnnDW","dbo","Fact_OSA_202605","TABLE","iid","int"
"KPI","HnnDW","dbo","Fact_OSA_202605","TABLE","PICOS","tinyint"
"KPI","HnnDW","dbo","Fact_OSA_202606","TABLE","VISIT_ID","nvarchar"
"ТТ, маршруты и визиты","HnnDW","dbo","Fact_OSA_202606","TABLE","VISIT_ID","nvarchar"
"KPI","HnnDW","dbo","Fact_OSA_202606","TABLE","VISIT_DATE","datetime"
"ТТ, маршруты и визиты","HnnDW","dbo","Fact_OSA_202606","TABLE","VISIT_DATE","datetime"
"KPI","HnnDW","dbo","Fact_OSA_202606","TABLE","VISIT_STATUS","nvarchar"
"ТТ, маршруты и визиты","HnnDW","dbo","Fact_OSA_202606","TABLE","VISIT_STATUS","nvarchar"
"KPI","HnnDW","dbo","Fact_OSA_202606","TABLE","VISIT_IS_PLANED","int"
"ТТ, маршруты и визиты","HnnDW","dbo","Fact_OSA_202606","TABLE","VISIT_IS_PLANED","int"
"KPI","HnnDW","dbo","Fact_OSA_202606","TABLE","PHOTO_AUDIT_ID","nvarchar"
"KPI","HnnDW","dbo","Fact_OSA_202606","TABLE","PHOTO_AUDIT_COUNTER","int"
"KPI","HnnDW","dbo","Fact_OSA_202606","TABLE","ROUTE_TYPE","nvarchar"
"ТТ, маршруты и визиты","HnnDW","dbo","Fact_OSA_202606","TABLE","ROUTE_TYPE","nvarchar"
"KPI","HnnDW","dbo","Fact_OSA_202606","TABLE","SCENE_TYPE_ID","nvarchar"
"KPI","HnnDW","dbo","Fact_OSA_202606","TABLE","PROMO","int"
"KPI","HnnDW","dbo","Fact_OSA_202606","TABLE","MUST","nvarchar"
"KPI","HnnDW","dbo","Fact_OSA_202606","TABLE","INNO","int"
"KPI","HnnDW","dbo","Fact_OSA_202606","TABLE","MATRIX_ID","nvarchar"
"KPI","HnnDW","dbo","Fact_OSA_202606","TABLE","MATRIX_NAME","nvarchar"
"KPI","HnnDW","dbo","Fact_OSA_202606","TABLE","IN_MATRIX","int"
"KPI","HnnDW","dbo","Fact_OSA_202606","TABLE","IN_STOCK","int"
"KPI","HnnDW","dbo","Fact_OSA_202606","TABLE","AGENCY_NAME","nvarchar"
"KPI","HnnDW","dbo","Fact_OSA_202606","TABLE","fid","int"
"KPI","HnnDW","dbo","Fact_OSA_202606","TABLE","iid","int"
"KPI","HnnDW","dbo","Fact_OSA_202606","TABLE","PICOS","tinyint"
"KPI","HnnDW","dbo","Fact_OSA_202607","TABLE","VISIT_ID","nvarchar"
"ТТ, маршруты и визиты","HnnDW","dbo","Fact_OSA_202607","TABLE","VISIT_ID","nvarchar"
"KPI","HnnDW","dbo","Fact_OSA_202607","TABLE","VISIT_DATE","datetime"
"ТТ, маршруты и визиты","HnnDW","dbo","Fact_OSA_202607","TABLE","VISIT_DATE","datetime"
"KPI","HnnDW","dbo","Fact_OSA_202607","TABLE","VISIT_STATUS","nvarchar"
"ТТ, маршруты и визиты","HnnDW","dbo","Fact_OSA_202607","TABLE","VISIT_STATUS","nvarchar"
"KPI","HnnDW","dbo","Fact_OSA_202607","TABLE","VISIT_IS_PLANED","int"
"ТТ, маршруты и визиты","HnnDW","dbo","Fact_OSA_202607","TABLE","VISIT_IS_PLANED","int"
"KPI","HnnDW","dbo","Fact_OSA_202607","TABLE","PHOTO_AUDIT_ID","nvarchar"
"KPI","HnnDW","dbo","Fact_OSA_202607","TABLE","PHOTO_AUDIT_COUNTER","int"
"KPI","HnnDW","dbo","Fact_OSA_202607","TABLE","ROUTE_TYPE","nvarchar"
"ТТ, маршруты и визиты","HnnDW","dbo","Fact_OSA_202607","TABLE","ROUTE_TYPE","nvarchar"
"KPI","HnnDW","dbo","Fact_OSA_202607","TABLE","SCENE_TYPE_ID","nvarchar"
"KPI","HnnDW","dbo","Fact_OSA_202607","TABLE","PROMO","int"
"KPI","HnnDW","dbo","Fact_OSA_202607","TABLE","MUST","nvarchar"
"KPI","HnnDW","dbo","Fact_OSA_202607","TABLE","INNO","int"
"KPI","HnnDW","dbo","Fact_OSA_202607","TABLE","MATRIX_ID","nvarchar"
"KPI","HnnDW","dbo","Fact_OSA_202607","TABLE","MATRIX_NAME","nvarchar"
"KPI","HnnDW","dbo","Fact_OSA_202607","TABLE","IN_MATRIX","int"
"KPI","HnnDW","dbo","Fact_OSA_202607","TABLE","IN_STOCK","int"
"KPI","HnnDW","dbo","Fact_OSA_202607","TABLE","AGENCY_NAME","nvarchar"
"KPI","HnnDW","dbo","Fact_OSA_202607","TABLE","fid","int"
"KPI","HnnDW","dbo","Fact_OSA_202607","TABLE","iid","int"
"KPI","HnnDW","dbo","Fact_OSA_202607","TABLE","PICOS","tinyint"
"KPI","HnnDW","dbo","Fact_OSA_202608","TABLE","VISIT_ID","nvarchar"
"ТТ, маршруты и визиты","HnnDW","dbo","Fact_OSA_202608","TABLE","VISIT_ID","nvarchar"
"KPI","HnnDW","dbo","Fact_OSA_202608","TABLE","VISIT_DATE","datetime"
"ТТ, маршруты и визиты","HnnDW","dbo","Fact_OSA_202608","TABLE","VISIT_DATE","datetime"
"KPI","HnnDW","dbo","Fact_OSA_202608","TABLE","VISIT_STATUS","nvarchar"
"ТТ, маршруты и визиты","HnnDW","dbo","Fact_OSA_202608","TABLE","VISIT_STATUS","nvarchar"
"KPI","HnnDW","dbo","Fact_OSA_202608","TABLE","VISIT_IS_PLANED","int"
"ТТ, маршруты и визиты","HnnDW","dbo","Fact_OSA_202608","TABLE","VISIT_IS_PLANED","int"
"KPI","HnnDW","dbo","Fact_OSA_202608","TABLE","PHOTO_AUDIT_ID","nvarchar"
"KPI","HnnDW","dbo","Fact_OSA_202608","TABLE","PHOTO_AUDIT_COUNTER","int"
"KPI","HnnDW","dbo","Fact_OSA_202608","TABLE","ROUTE_TYPE","nvarchar"
"ТТ, маршруты и визиты","HnnDW","dbo","Fact_OSA_202608","TABLE","ROUTE_TYPE","nvarchar"
"KPI","HnnDW","dbo","Fact_OSA_202608","TABLE","SCENE_TYPE_ID","nvarchar"
"KPI","HnnDW","dbo","Fact_OSA_202608","TABLE","PROMO","int"
"KPI","HnnDW","dbo","Fact_OSA_202608","TABLE","MUST","nvarchar"
"KPI","HnnDW","dbo","Fact_OSA_202608","TABLE","INNO","int"
"KPI","HnnDW","dbo","Fact_OSA_202608","TABLE","MATRIX_ID","nvarchar"
"KPI","HnnDW","dbo","Fact_OSA_202608","TABLE","MATRIX_NAME","nvarchar"
"KPI","HnnDW","dbo","Fact_OSA_202608","TABLE","IN_MATRIX","int"
"KPI","HnnDW","dbo","Fact_OSA_202608","TABLE","IN_STOCK","int"
"KPI","HnnDW","dbo","Fact_OSA_202608","TABLE","AGENCY_NAME","nvarchar"
"KPI","HnnDW","dbo","Fact_OSA_202608","TABLE","fid","int"
"KPI","HnnDW","dbo","Fact_OSA_202608","TABLE","iid","int"
"KPI","HnnDW","dbo","Fact_OSA_202608","TABLE","PICOS","tinyint"
"KPI","HnnDW","dbo","FACT_PICOS","TABLE","AGENCY_NAME","nvarchar"
"KPI","HnnDW","dbo","FACT_PICOS","TABLE","VISIT_ID","nvarchar"
"ТТ, маршруты и визиты","HnnDW","dbo","FACT_PICOS","TABLE","VISIT_ID","nvarchar"
"KPI","HnnDW","dbo","FACT_PICOS","TABLE","VISIT_DATE","datetime"
"ТТ, маршруты и визиты","HnnDW","dbo","FACT_PICOS","TABLE","VISIT_DATE","datetime"
"KPI","HnnDW","dbo","FACT_PICOS","TABLE","VISIT_STATUS","nvarchar"
"ТТ, маршруты и визиты","HnnDW","dbo","FACT_PICOS","TABLE","VISIT_STATUS","nvarchar"
"KPI","HnnDW","dbo","FACT_PICOS","TABLE","VISIT_IS_PLANED","int"
"ТТ, маршруты и визиты","HnnDW","dbo","FACT_PICOS","TABLE","VISIT_IS_PLANED","int"
"KPI","HnnDW","dbo","FACT_PICOS","TABLE","PHOTO_AUDIT_ID","varchar"
"KPI","HnnDW","dbo","FACT_PICOS","TABLE","PHOTO_AUDIT_COUNTER","int"
"KPI","HnnDW","dbo","FACT_PICOS","TABLE","SHIP_TO","nvarchar"
"KPI","HnnDW","dbo","FACT_PICOS","TABLE","ROUTE_TYPE","nvarchar"
"ТТ, маршруты и визиты","HnnDW","dbo","FACT_PICOS","TABLE","ROUTE_TYPE","nvarchar"
"KPI","HnnDW","dbo","FACT_PICOS","TABLE","SCENE_TYPE_ID","nvarchar"
"KPI","HnnDW","dbo","FACT_PICOS","TABLE","SCENE_TYPE","nvarchar"
"KPI","HnnDW","dbo","FACT_PICOS","TABLE","VISIT_LINK","nvarchar"
"ТТ, маршруты и визиты","HnnDW","dbo","FACT_PICOS","TABLE","VISIT_LINK","nvarchar"
"KPI","HnnDW","dbo","FACT_PICOS","TABLE","PICOS_TERRITORY","nvarchar"
"Сотрудники и руководители","HnnDW","dbo","FACT_PICOS","TABLE","PICOS_TERRITORY","nvarchar"
"KPI","HnnDW","dbo","FACT_PICOS","TABLE","PICOS_FORMAT","nvarchar"
"KPI","HnnDW","dbo","FACT_PICOS","TABLE","PICOS_ASSORTMENT","nvarchar"
"KPI","HnnDW","dbo","FACT_PICOS","TABLE","PICOS_ELEMENT","nvarchar"
"KPI","HnnDW","dbo","FACT_PICOS","TABLE","PICOS_SCORE_FACT","float"
"KPI","HnnDW","dbo","FACT_PICOS","TABLE","PICOS_POTENTIAL_SCORE","float"
"KPI","HnnDW","dbo","FACT_PICOS","TABLE","PICOS_TARGET_SCORE","float"
"ТТ, маршруты и визиты","HnnDW","dbo","FACT_PLANOGRAMM","TABLE","VISIT_ID","nvarchar"
"ТТ, маршруты и визиты","HnnDW","dbo","FACT_PLANOGRAMM","TABLE","VISIT_DATE","datetime"
"ТТ, маршруты и визиты","HnnDW","dbo","FACT_PLANOGRAMM","TABLE","VISIT_STATUS","nvarchar"
"ТТ, маршруты и визиты","HnnDW","dbo","FACT_PLANOGRAMM","TABLE","VISIT_IS_PLANED","int"
"ТТ, маршруты и визиты","HnnDW","dbo","FACT_PLANOGRAMM","TABLE","ROUTE_TYPE","nvarchar"
"ТТ, маршруты и визиты","HnnDW","dbo","FACT_PLANOGRAMM","TABLE","VISIT_LINK","nvarchar"
"ТТ, маршруты и визиты","HnnDW","dbo","FACT_PosmFaces","TABLE","VISIT_DATE","datetime"
"ТТ, маршруты и визиты","HnnDW","dbo","Fact_Posms","TABLE","VISIT_ID","nvarchar"
"ТТ, маршруты и визиты","HnnDW","dbo","Fact_Posms","TABLE","VISIT_DATE","datetime"
"ТТ, маршруты и визиты","HnnDW","dbo","Fact_Posms","TABLE","VISIT_STATUS","nvarchar"
"ТТ, маршруты и визиты","HnnDW","dbo","Fact_Posms","TABLE","VISIT_IS_PLANED","int"
"ТТ, маршруты и визиты","HnnDW","dbo","Fact_Posms","TABLE","ROUTE_TYPE","nvarchar"
"ТТ, маршруты и визиты","HnnDW","dbo","Fact_Posms","TABLE","VISIT_LINK","nvarchar"
"ТТ, маршруты и визиты","HnnDW","dbo","Fact_PromoItems","TABLE","STORE_START","date"
"ТТ, маршруты и визиты","HnnDW","dbo","Fact_PromoItems","TABLE","STORE_END","date"
"ТТ, маршруты и визиты","HnnDW","dbo","Fact_Routes","TABLE","AGENCY_NAME","nvarchar"
"ТТ, маршруты и визиты","HnnDW","dbo","Fact_Routes","TABLE","AGG_VISIT_ID","nvarchar"
"ТТ, маршруты и визиты","HnnDW","dbo","Fact_Routes","TABLE","TerrExID","nvarchar"
"ТТ, маршруты и визиты","HnnDW","dbo","Fact_Routes","TABLE","TerrName","nvarchar"
"ТТ, маршруты и визиты","HnnDW","dbo","Fact_Routes","TABLE","TerrRole","nvarchar"
"ТТ, маршруты и визиты","HnnDW","dbo","Fact_Routes","TABLE","RouteDate","date"
"ТТ, маршруты и визиты","HnnDW","dbo","Fact_Routes","TABLE","SHIP_TO","nvarchar"
"ТТ, маршруты и визиты","HnnDW","dbo","Fact_Routes","TABLE","SortID","int"
"ТТ, маршруты и визиты","HnnDW","dbo","Fact_Routes","TABLE","Duration","int"
"ТТ, маршруты и визиты","HnnDW","dbo","Fact_Routes","TABLE","PlanFotoCountPerAudit","int"
"ТТ, маршруты и визиты","HnnDW","dbo","Fact_Routes","TABLE","PlanDocCountPerAudit","int"
"ТТ, маршруты и визиты","HnnDW","dbo","Fact_Routes","TABLE","PlanAuditCountPerVisit","int"
"Сотрудники и руководители","HnnDW","dbo","FACT_Territory_History","TABLE","Masterfid","int"
"Сотрудники и руководители","HnnDW","dbo","FACT_Territory_History","TABLE","RouteName","nvarchar"
"ТТ, маршруты и визиты","HnnDW","dbo","FACT_Territory_History","TABLE","RouteName","nvarchar"
"Сотрудники и руководители","HnnDW","dbo","FACT_Territory_History","TABLE","StartDate","date"
"Сотрудники и руководители","HnnDW","dbo","FACT_Territory_History","TABLE","EndDate","date"
"ТТ, маршруты и визиты","HnnDW","dbo","Fact_Visit_Fotos","TABLE","VISIT_DATE","datetime"
"ТТ, маршруты и визиты","HnnDW","dbo","Fact_Visit_Fotos","TABLE","SHIP_TO","nvarchar"
"ТТ, маршруты и визиты","HnnDW","dbo","Fact_Visit_Fotos","TABLE","PHOTO_AUDIT_ID","nvarchar"
"ТТ, маршруты и визиты","HnnDW","dbo","Fact_Visit_Fotos","TABLE","PHOTO_AUDIT_COUNTER","int"
"ТТ, маршруты и визиты","HnnDW","dbo","Fact_Visit_Fotos","TABLE","SCENE_TYPE_ID","int"
"ТТ, маршруты и визиты","HnnDW","dbo","Fact_Visit_Fotos","TABLE","SCENE_TYPE","nvarchar"
"ТТ, маршруты и визиты","HnnDW","dbo","Fact_Visit_Fotos","TABLE","AGENCY_NAME","nvarchar"
"ТТ, маршруты и визиты","HnnDW","dbo","Fact_Visit_Fotos","TABLE","Masterfid","int"
"KPI","HnnDW","dbo","Fact_Visit_Fotos","TABLE","PHOTO_QUANTITY_TARGET","int"
"ТТ, маршруты и визиты","HnnDW","dbo","Fact_Visit_Fotos","TABLE","PHOTO_QUANTITY_TARGET","int"
"ТТ, маршруты и визиты","HnnDW","dbo","Fact_Visit_Fotos","TABLE","PHOTO_QUANTITY_FACT","int"
"ТТ, маршруты и визиты","HnnDW","dbo","Fact_Visit_Fotos","TABLE","FEEDBACK","nvarchar"
"ТТ, маршруты и визиты","HnnDW","dbo","Fact_Visit_Fotos","TABLE","PHOTO_QUANTITY_MAX","int"
"ТТ, маршруты и визиты","HnnDW","dbo","Fact_Visit_Fotos","TABLE","FEEDBACK_MAX","nvarchar"
"ТТ, маршруты и визиты","HnnDW","dbo","Fact_Visits","TABLE","VISIT_DATE","datetime"
"ТТ, маршруты и визиты","HnnDW","dbo","Fact_Visits","TABLE","SHIP_TO","nvarchar"
"ТТ, маршруты и визиты","HnnDW","dbo","Fact_Visits","TABLE","ROUTE_TYPE","nvarchar"
"ТТ, маршруты и визиты","HnnDW","dbo","Fact_Visits","TABLE","ROUTE_ID","nvarchar"
"ТТ, маршруты и визиты","HnnDW","dbo","Fact_Visits","TABLE","ROUTE_NAME","nvarchar"
"ТТ, маршруты и визиты","HnnDW","dbo","Fact_Visits","TABLE","AGENCY_NAME","nvarchar"
"ТТ, маршруты и визиты","HnnDW","dbo","Fact_Visits","TABLE","VISIT_ID","nvarchar"
"ТТ, маршруты и визиты","HnnDW","dbo","Fact_Visits","TABLE","ROUTE_STATUS","nvarchar"
"ТТ, маршруты и визиты","HnnDW","dbo","Fact_Visits","TABLE","ROUTE_CANCEL_REASON_STATUS","nvarchar"
"ТТ, маршруты и визиты","HnnDW","dbo","Fact_Visits","TABLE","VISIT_STATUS","nvarchar"
"ТТ, маршруты и визиты","HnnDW","dbo","Fact_Visits","TABLE","VISIT_CANCEL_REASON_STATUS","nvarchar"
"ТТ, маршруты и визиты","HnnDW","dbo","Fact_Visits","TABLE","VISIT_START_TIME","datetime"
"ТТ, маршруты и визиты","HnnDW","dbo","Fact_Visits","TABLE","VISIT_END_TIME","datetime"
"ТТ, маршруты и визиты","HnnDW","dbo","Fact_Visits","TABLE","TIME_ZONE","nvarchar"
"ТТ, маршруты и визиты","HnnDW","dbo","Fact_Visits","TABLE","TREVEL_TIME","int"
"ТТ, маршруты и визиты","HnnDW","dbo","Fact_Visits","TABLE","VISIT_IS_PLANED","int"
"ТТ, маршруты и визиты","HnnDW","dbo","Fact_Visits","TABLE","VISIT_IS_COMPLETE","int"
"ТТ, маршруты и визиты","HnnDW","dbo","Fact_Visits","TABLE","PLACE_IS_CONFIRMED","int"
"ТТ, маршруты и визиты","HnnDW","dbo","Fact_Visits","TABLE","PHOTO_AUDIT_ID","nvarchar"
"ТТ, маршруты и визиты","HnnDW","dbo","Fact_Visits","TABLE","PHOTO_AUDIT_START_TIME","datetime"
"ТТ, маршруты и визиты","HnnDW","dbo","Fact_Visits","TABLE","PHOTO_AUDIT_END_TIME","datetime"
"ТТ, маршруты и визиты","HnnDW","dbo","Fact_Visits","TABLE","PHOTO_AUDIT_COUNTER","int"
"ТТ, маршруты и визиты","HnnDW","dbo","Fact_Visits","TABLE","PHOTO_QUANTITY","int"
"ТТ, маршруты и визиты","HnnDW","dbo","Fact_Visits","TABLE","LATITUDE_CHECKIN","decimal"
"ТТ, маршруты и визиты","HnnDW","dbo","Fact_Visits","TABLE","LONGITUDE_CHECKIN","decimal"
"ТТ, маршруты и визиты","HnnDW","dbo","Fact_Visits","TABLE","AGG_VISIT_ID","nvarchar"
"ТТ, маршруты и визиты","HnnDW","dbo","Fact_Visits","TABLE","VisitPlanStartTime","datetime"
"ТТ, маршруты и визиты","HnnDW","dbo","Fact_Visits","TABLE","VisitErrCode","int"
"ТТ, маршруты и визиты","HnnDW","dbo","Fact_Visits","TABLE","Masterfid","int"
"ТТ, маршруты и визиты","HnnDW","dbo","Fact_Visits","TABLE","isInvalid","smallint"
"ТТ, маршруты и визиты","HnnDW","dbo","Fact_Visits","TABLE","TIMEZONE_CHECK","int"
"ТТ, маршруты и визиты","HnnDW","dbo","Fact_Visits","TABLE","ATTEMPT_AMOUNT","int"
"ТТ, маршруты и визиты","HnnDW","dbo","Report_PHOTO_AUDITs","VIEW","VISIT_DATE","datetime"
"ТТ, маршруты и визиты","HnnDW","dbo","Report_PHOTO_AUDITs","VIEW","ROUTE_NAME","nvarchar"
"ТТ, маршруты и визиты","HnnDW","dbo","Report_PHOTO_AUDITs","VIEW","VISIT_STATUS","nvarchar"
"ТТ, маршруты и визиты","HnnDW","dbo","V_Fact_OOS","VIEW","VISIT_DATE","datetime"
"ТТ, маршруты и визиты","HnnDW","dbo","V_FACT_PosmFaces","VIEW","VISIT_DATE","datetime"
"ТТ, маршруты и визиты","HnnDW","dbo","V_FACT_Posms","VIEW","VISIT_ID","nvarchar"
"ТТ, маршруты и визиты","HnnDW","dbo","V_FACT_Posms","VIEW","VISIT_DATE","datetime"
"ТТ, маршруты и визиты","HnnDW","dbo","V_FACT_Posms","VIEW","VISIT_STATUS","nvarchar"
"ТТ, маршруты и визиты","HnnDW","dbo","V_FACT_Posms","VIEW","VISIT_IS_PLANED","int"
"ТТ, маршруты и визиты","HnnDW","dbo","V_FACT_Posms","VIEW","ROUTE_TYPE","nvarchar"
"ТТ, маршруты и визиты","HnnDW","dbo","V_FACT_Posms","VIEW","VISIT_LINK","nvarchar"
